[{"link": "https://www.wsj.com/articles/auburn-is-streaking-to-the-final-four-11554071127", "title": "Auburn Is Streaking to the Final Four", "date": "2019-03-31 19:30", "summary": "The Tigers beat SEC rival Kentucky in overtime to advance to their first-ever men's basketball Final Four. KANSAS CITY, Mo.-The hottest team in college basketball just got hotter.", "categories": [["Sports", "College Basketball"]], "category_links": ["https://www.wsj.com/news/sports?mod=breadcrumb", "https://www.wsj.com/news/types/college-basketball?mod=breadcrumb"]}, {"link": "https://www.wsj.com/articles/a-buyers-market-hopes-rise-with-falling-rates-more-homes-for-sale-11554074631", "title": "A Buyer's Market? Hopes Rise With Falling Rates, More Homes for Sale", "date": "2019-03-31 19:23", "summary": "After a market that favored sellers last year, more favorable conditions are already bringing price cuts and fewer bidding wars. The spring home-buying season is shaping up as the best in years, offering new opportunities after last year's tough housing market drove away many would-be buyers.", "categories": [["Real Estate"]], "category_links": ["https://www.wsj.com/news/realestate?mod=breadcrumb"]}, {"link": "https://www.wsj.com/articles/trump-officials-try-to-defend-plan-to-cut-aid-to-three-central-american-nations-11554073841", "title": "Trump Officials Try to Defend Plan to Cut Aid to Three Central American Nations", "date": "2019-03-31 19:10", "summary": "Move to pull funds from El Salvador, Guatemala and Honduras in migration fight sparked anger from Democrats, questions about administration's authority. Senior administration officials sought to defend President Trump's proposal to cut foreign aid to three Central American countries he says are complicit in the flow of illegal migrants toward the U.S., following a wave of criticism that the move was counterproductive.", "categories": [["Politics"]], "category_links": ["https://www.wsj.com/news/politics?mod=breadcrumb"]}, {"link": "https://www.wsj.com/articles/u-s-ethiopian-investigators-tussle-over-737-max-crash-probe-11554073749", "title": "Ethiopian, U.S. Investigators Tussle Over Crash Probe", "date": "2019-03-31 19:09", "summary": "Tension over access to and interpretation of data comes ahead of a preliminary report on what happened to the Boeing plane. Tension is simmering between U.S. and Ethiopian officials as investigators prepare to release in the coming days an interim report about the Boeing Co. 737 MAX jetliner that nose-dived after takeoff from Addis Ababa on March 10, according to people from both countries.", "categories": [["World"]], "category_links": ["https://www.wsj.com/news/world?mod=breadcrumb"]}, {"link": "https://www.wsj.com/articles/comedian-leads-in-first-round-as-ukraine-votes-for-president-11554060409", "title": "Comedian Leads in First Round as Ukraine Votes for President", "date": "2019-03-31 18:28", "summary": "Volodymyr Zelensky, who plays a teacher-turned-president on TV, is ahead in exit polls, and a runoff appears set for April 21. A comedian with no political experience was poised to win the first round of Ukraine's presidential elections Sunday as disillusionment with the political elite simmers in Europe's second poorest country ahead of a likely runoff vote.", "categories": [["World", "Europe"]], "category_links": ["https://www.wsj.com/news/world?mod=breadcrumb", "https://www.wsj.com/news/types/europe-news?mod=breadcrumb"]}, {"link": "https://www.wsj.com/articles/new-york-city-set-to-get-first-congestion-pricing-system-in-country-11554070859", "title": "New York City Set to Get First Congestion Pricing System in Country", "date": "2019-03-31 18:20", "summary": "A priority was finding money for the Metropolitan Transportation Authority. New York lawmakers were poised to create a congestion-pricing system in Manhattan, increase taxes on real-estate transactions in New York City and move toward a system of public campaign financing as part of a final $175.5 billion state budget deal.", "categories": [["U.S.", "Politics"]], "category_links": ["https://www.wsj.com/news/us?mod=breadcrumb", "https://www.wsj.com/news/types/ny-politics?mod=breadcrumb"]}, {"link": "https://www.wsj.com/articles/joe-biden-denies-inappropriate-behavior-toward-women-after-allegation-11554051471", "title": "Biden Denies Inappropriate Behavior Toward Women After Allegation", "date": "2019-03-31 18:03", "summary": "Potential presidential candidate vows to 'listen respectfully' after ex-legislator's account of 2014 event. WASHINGTON-Former Vice President Joe Biden said Sunday he didn't believe he had ever acted inappropriately toward women but would \"listen respectfully\" to those who said he had, seeking to address a burgeoning controversy as he weighs entering the 2020 Democratic presidential primary.", "categories": [["Politics"]], "category_links": ["https://www.wsj.com/news/politics?mod=breadcrumb"]}, {"link": "https://www.wsj.com/articles/erdogan-isnt-on-the-ballot-but-local-turkish-elections-still-pose-a-test-for-him-11554010232", "title": "Erdogan's Party Faces Election Setback in Turkey", "date": "2019-03-31 18:02", "summary": "The country has grappled with rising inflation and unemployment and a battered currency. ANKARA, Turkey-The party of President Recep Tayyip Erdogan appeared set to lose political control of the capital and several other big cities in Sunday's local elections, a rare electoral setback in the Turkish leader's 16-year rule that capped months of growing economic malaise.", "categories": [["World"]], "category_links": ["https://www.wsj.com/news/world?mod=breadcrumb"]}, {"link": "https://www.wsj.com/articles/chicago-prepares-to-elect-first-black-woman-as-mayor-11553950800", "title": "Chicago Prepares to Elect Its First Black Female Mayor", "date": "2019-03-31 17:35", "summary": "Preckwinkle, Lightfoot spar over city's future as Jesse Jackson calls for healing. The final days of the historic Chicago mayor's race between two black women have turned so acrimonious that the Rev. Jesse Jackson has called for reconciliation between the two candidates the day after the election.", "categories": [["U.S."]], "category_links": ["https://www.wsj.com/news/us?mod=breadcrumb"]}, {"link": "https://www.wsj.com/articles/the-new-york-yankees-lost-decade-11553774401", "title": "The New York Yankees' Lost Decade", "date": "2019-03-31 17:00", "summary": "The Bronx Bombers haven't gone a calendar decade without a pennant since the 1910s-and their drought exemplifies modern baseball's landscape. The last dynasty in Major League Baseball started nearly a quarter-century ago, a run of dominance that defined a generation of the game's history. In the 15 seasons between 1995 and 2009, the New York Yankees reached the playoffs 14 times, claimed seven American League pennants and won five World Series.", "categories": [["Sports", "MLB"]], "category_links": ["https://www.wsj.com/news/sports?mod=breadcrumb", "https://www.wsj.com/news/types/mlb?mod=breadcrumb"]}, {"link": "https://www.wsj.com/articles/pope-francis-defends-migrants-after-morocco-visit-11554064200", "title": "Pope Francis Defends Migrants After Morocco Visit", "date": "2019-03-31 16:30", "summary": "His comments pushed back against rising anti-immigration sentiment around the world. ABOARD THE PAPAL FLIGHT-Pope Francis ended his two-day visit to Morocco with strong words in defense of migrants, emphasizing one of the main themes of the trip and of his pontificate as he pushed back against rising anti-immigration sentiment around the world.", "categories": [["World"]], "category_links": ["https://www.wsj.com/news/world?mod=breadcrumb"]}, {"link": "https://www.wsj.com/articles/for-over-20-years-kelton-has-advocated-for-theory-11553961600", "title": "Economist's Path From Academia to Politics", "date": "2019-03-31 16:12", "summary": "Drawn to prospect of shaping policy, she advised Bernie Sanders in Senate and in 2016. When Stephanie Kelton was a little girl, her godmother, Rose Ann Vuich, the first woman elected to the California State Senate, would take her to the State House in Sacramento to watch floor debates.", "categories": [["Economy"]], "category_links": ["https://www.wsj.com/news/economy?mod=breadcrumb"]}, {"link": "https://www.wsj.com/articles/can-the-u-s-afford-democrats-bold-promises-why-one-economist-says-yes-11553961600", "title": "Can the U.S. Afford Democrats' Bold Promises? Why One Economist Says Yes", "date": "2019-03-31 16:10", "summary": "Stephanie Kelton is among the most vocal proponents of 'modern monetary theory,' which argues U.S. has room to run up deficits. As Democrats on Capitol Hill and the campaign trail present an array of ambitious and expensive policy proposals, from a Green New Deal to Medicare for All, the question they face most often is, \"How will the government pay for it?\"", "categories": [["Economy"]], "category_links": ["https://www.wsj.com/news/economy?mod=breadcrumb"]}, {"link": "https://www.wsj.com/articles/the-border-asylum-crisis-11554062066", "title": "The Border Asylum Crisis", "date": "2019-03-31 15:54", "summary": "A broken asylum system all but guarantees entry if you bring children.. Immigration politics is so polarized that right and left have a veto over any constructive policy. Yet a genuine crisis is building at the southern border as the perverse incentives of U.S. asylum law invite a surge of migrants that is overwhelming border security.", "categories": [["Opinion", "Review & Outlook"]], "category_links": ["https://www.wsj.com/news/opinion?mod=breadcrumb", "https://www.wsj.com/news/types/review-outlook-u-s?mod=breadcrumb"]}, {"link": "https://www.wsj.com/articles/jackpot-junk-science-11554061976", "title": "Jackpot Junk Science", "date": "2019-03-31 15:52", "summary": "Scientists say a weed killer is safe, but a judge excludes evidence.. The vagaries of American tort law were on display in San Francisco last week as six jurors decided that Bayer AG is liable for $80.3 million in damages for allegedly causing a Sonoma man's non-Hodgkin lymphoma. The scientific consensus is that Bayer's Roundup herbicide is safe, but the company is now open for looting as it faces lawsuits from some 11,200 similar plaintiffs.", "categories": [["Opinion", "Review & Outlook"]], "category_links": ["https://www.wsj.com/news/opinion?mod=breadcrumb", "https://www.wsj.com/news/types/review-outlook-u-s?mod=breadcrumb"]}, {"link": "https://www.wsj.com/articles/the-villain-in-the-russian-collusion-is-vladimir-putin-11554061918", "title": "The Villain in the Russian Collusion Is Vladimir Putin", "date": "2019-03-31 15:51", "summary": "Now that the Mueller report has been completed, some of the debilitating partisanship might be toned down and our energy refocused on a real and present danger that should unite us all-Vladimir Putin.. Gerald F. Seib rightly points out that the foremost conclusion of the Mueller report summary is about Russian President Vladimir Putin, not President Trump (\"Capital Journal: Mueller Report Clears Trump-but Not Putin,\" U.S. News, March 26). The bedrock of any democracy is the ability of the citizenry to freely elect its leaders and representatives. Yet the most powerful democracy in the world was unable to thwart the efforts of its most powerful adversary to undermine that very process. Russia's insidious attempt to subvert a presidential election is every bit as threatening as any cyberattack on our infrastructure.", "categories": [["Opinion", "Letters"]], "category_links": ["https://www.wsj.com/news/opinion?mod=breadcrumb", "https://www.wsj.com/news/types/letters?mod=breadcrumb"]}, {"link": "https://www.wsj.com/articles/zuckerberg-for-regulation-11554061880", "title": "Zuckerberg for Regulation", "date": "2019-03-31 15:51", "summary": "Beware of tech CEOs bearing gifts from government.. Sooner or later you knew it would happen: Big tech would invite government regulation to deflect even greater intervention such as an antitrust breakup.", "categories": [["Opinion", "Review & Outlook"]], "category_links": ["https://www.wsj.com/news/opinion?mod=breadcrumb", "https://www.wsj.com/news/types/review-outlook-u-s?mod=breadcrumb"]}, {"link": "https://www.wsj.com/articles/reparations-for-slavery-open-pandoras-box-11554061750", "title": "Reparations for Slavery Open Pandora's Box", "date": "2019-03-31 15:49", "summary": "Sen. Elizabeth Warren is proposing a full on discussion about reparations for slavery. By all means, let's have that discussion. But it must be a serious discussion that addresses in detail to whom reparations should be paid and how.. Regarding Jason Riley's \"The Illogic of Slavery Reparations at This Late Date\" (Upward Mobility, March 20) and Jay Winik's \"Do Abolitionists Owe Reparations?\" (op-ed, March 25): Sen. Elizabeth Warren is proposing a full on discussion about reparations for slavery. By all means, let's have that discussion. But it must be a serious discussion that addresses in detail to whom reparations should be paid and how. How much should be paid as recompense? Must a person demonstrate that he is descended from slaves and, if so, what documentation will be required? What about people with fractional slave ancestry-50%, 10%, 0.0001%? What will be the cut-off point for people to identify as descended from slaves? Would a person with fractional ancestry be paid full reparations or only a proportional amount, and what would be the justification? Will there be an income or net-worth test, or is financial success today irrelevant to the question of reparations based on historical suffering?", "categories": [["Opinion", "Letters"]], "category_links": ["https://www.wsj.com/news/opinion?mod=breadcrumb", "https://www.wsj.com/news/types/letters?mod=breadcrumb"]}, {"link": "https://www.wsj.com/articles/a-dicaprio-approach-to-limiting-wildfires-11554061674", "title": "A DiCaprio Approach to Limiting Wildfires", "date": "2019-03-31 15:47", "summary": "The most effective steps for protecting homes during wildfires involve retrofitting roofs, vent screens and other home features, along with trimming vegetation within 100 feet of homes.. Your editorial \"Gavin Newsom's Fire Alarm\" (March 25) quotes from my concerns about California Gov. Gavin Newsom's current approach to wildfire policy. My comments were made in conjunction with a report from the Leonardo DiCaprio Foundation-\"A New Direction for California Wildfire Policy: Working from the Home Outward\" that recommends the governor focus state resources on directly helping California homeowners prepare for wildfire. The findings of our report offer good news not only for Californians, but also for the millions of people across the western U.S. who live next to forests and other ecosystems where fire is an inevitable part of life.", "categories": [["Opinion", "Letters"]], "category_links": ["https://www.wsj.com/news/opinion?mod=breadcrumb", "https://www.wsj.com/news/types/letters?mod=breadcrumb"]}, {"link": "https://www.wsj.com/articles/economy-week-ahead-retail-sales-durable-goods-jobs-report-and-more-11554058800", "title": "Economy Week Ahead: Retail Sales, Durable Goods, Jobs Report", "date": "2019-03-31 15:00", "summary": "Economists expect payrolls growth to improve. ", "categories": [["Economy", "Economy Week Ahead"]], "category_links": ["https://www.wsj.com/news/economy?mod=breadcrumb", "https://www.wsj.com/news/types/economy-week-ahead?mod=breadcrumb"]}, {"link": "https://www.wsj.com/articles/avenatti-vs-nike-the-showdown-that-ensnared-a-celebrity-lawyer-11554058527", "title": "Avenatti vs. Nike: The Showdown That Ensnared a Celebrity Lawyer", "date": "2019-03-31 14:55", "summary": "Resume Subscription. Over the past year, lawyer Michael Avenatti has intervened in some of the country's most sensational legal stories. He's been involved in adult-film star Stormy Daniels's battle against President Trump, the confirmation of Supreme Court Justice Brett Kavanaugh and the sex-abuse case against musician R. Kelly.", "categories": [[]], "category_links": []}, {"link": "https://www.wsj.com/articles/prince-charles-and-the-torturers-11554057952", "title": "Prince Charles and the Torturers", "date": "2019-03-31 14:45", "summary": "As he visits Havana, a new report details the Cuba-backed horrors of Venezuela's regime.. Britain's Prince Charles and his wife, Camilla, thumbed their noses at the victims of Venezuelan atrocities last week with an official trip to Cuba-the first ever by a member of the British royal family.", "categories": [["Opinion", "The Americas"]], "category_links": ["https://www.wsj.com/news/opinion?mod=breadcrumb", "https://www.wsj.com/news/types/the-americas?mod=breadcrumb"]}, {"link": "https://www.wsj.com/articles/a-tiny-tax-on-trades-would-hobble-markets-11554057906", "title": "A 'Tiny' Tax on Trades Would Hobble Markets", "date": "2019-03-31 14:45", "summary": "Intended to halt high-frequency swaps, the levy would discourage low-cost investing.. Democratic lawmakers introduced a bill in March that could be a big disruption to U.S. financial markets. The proposed 0.1% tax on all financial transactions-trades in stocks, bonds, derivatives-may sound small, but it could make markets less stable and hurt small investors.", "categories": [["Opinion", "Commentary"]], "category_links": ["https://www.wsj.com/news/opinion?mod=breadcrumb", "https://www.wsj.com/news/types/commentary-u-s?mod=breadcrumb"]}, {"link": "https://www.wsj.com/articles/devices-and-desires-review-social-climbing-in-a-tudor-style-11554057795", "title": "'Devices and Desires' Review: Social Climbing in a Tudor Style", "date": "2019-03-31 14:43", "summary": "Born into the minor gentry, Bess of Hardwick rose to become a friend of Queen Elizabeth and, dangerously, Mary, Queen of Scots.. Bess of Hardwick, though little known today, was one of the most remarkable women of the 16th century: determined, brave, attractive (when she chose to be) and richly talented. One wouldn't call her \"nice,\" but then \"nice\" is not an adjective that one would apply to many notable figures in Tudor England, perhaps indeed to none.", "categories": [["Books & Arts", "Books", "Bookshelf"]], "category_links": ["https://www.wsj.com/news/books-arts?mod=breadcrumb", "https://www.wsj.com/news/books-arts/books?mod=breadcrumb", "https://www.wsj.com/news/types/bookshelf?mod=breadcrumb"]}, {"link": "https://www.wsj.com/articles/another-panel-change-the-channel-11554057835", "title": "Another Panel? Change the Channel", "date": "2019-03-31 14:43", "summary": "On 'Meet the Pest,' they think they're experts on everything.. I received an email inviting me on a Chicago radio show to comment on an op-ed I'd written for the Journal. I replied thanks but no thanks. I don't think punditically, or care for what passes for punditical thought, and the last thing I wish to do is become a radio or TV pundit. I share the view of Austrian writer Stefan Zweig, who in his 1941 autobiography, \"The World of Yesterday,\" wrote: \"It has never been my purpose to convert others to my opinions. It sufficed for me to be permitted to express them, and to express them openly\"-in my case, as in Zweig's, to make them known in print.", "categories": [["Opinion", "Commentary"]], "category_links": ["https://www.wsj.com/news/opinion?mod=breadcrumb", "https://www.wsj.com/news/types/commentary-u-s?mod=breadcrumb"]}, {"link": "https://www.wsj.com/articles/the-right-and-the-moral-high-ground-11554057729", "title": "The Right and the Moral High Ground", "date": "2019-03-31 14:42", "summary": "Today minorities suffer from underdevelopment, not racism. And here, at last, is conservatism's great opportunity.. As many have noted, Donald Trump's presidency is an insurgency. Mr. Trump himself is the quintessential insurgent, doing battle with a disingenuous and entrenched establishment. This was his appeal over a field of more conventional Republican candidates in 2016. But last year's midterm elections were disappointing, and Mr. Trump has gone wanting for political clout in the immigration fight. His successes-a booming economy, tax reform, low unemployment, increased oil production, the abandonment of terrible treaties, new and better trade deals-have brought him little goodwill even from his own party.", "categories": [["Opinion", "Commentary"]], "category_links": ["https://www.wsj.com/news/opinion?mod=breadcrumb", "https://www.wsj.com/news/types/commentary-u-s?mod=breadcrumb"]}, {"link": "https://www.wsj.com/articles/after-smollett-chicagos-mayoral-runoff-turns-nasty-11554057616", "title": "After Smollett, Chicago's Mayoral Runoff Turns Nasty", "date": "2019-03-31 14:40", "summary": "The race to succeed Rahm Emanuel pits the Windy City's new left against its old Democratic machine.. The decision by Cook County prosecutors to drop charges against \"Empire\" actor Jussie Smollett for staging a fake hate crime against himself prompted a fierce response from Mayor Rahm Emanuel and the Chicago Police Department last week. Cook County Board President Toni Preckwinkle, who is running to replace Mr. Emanuel in Tuesday's election, was more circumspect.", "categories": [["Opinion", "Commentary"]], "category_links": ["https://www.wsj.com/news/opinion?mod=breadcrumb", "https://www.wsj.com/news/types/commentary-u-s?mod=breadcrumb"]}, {"link": "https://www.wsj.com/articles/beijings-chilling-imprisonment-of-a-taiwanese-critic-11554057567", "title": "Beijing's Chilling Imprisonment of a Taiwanese Critic", "date": "2019-03-31 14:39", "summary": "Communist authorities say Li Ming-che violated domestic law but deny him a citizen's legal rights.. Taipei", "categories": [["Opinion", "Commentary"]], "category_links": ["https://www.wsj.com/news/opinion?mod=breadcrumb", "https://www.wsj.com/news/types/commentary-u-s?mod=breadcrumb"]}, {"link": "https://www.wsj.com/articles/dumbo-fails-to-take-flight-at-box-office-11554056280", "title": "'Dumbo' Fails to Take Flight at Box Office", "date": "2019-03-31 14:18", "summary": "The movie, with budget of $170 million, is likely to be Disney's first flop of the year. LOS ANGELES-Dumbo's first flight in 78 years hit turbulence at the weekend box office.", "categories": [["Business", "Media & Marketing"]], "category_links": ["https://www.wsj.com/news/business?mod=breadcrumb", "https://www.wsj.com/news/business/media-marketing?mod=breadcrumb"]}, {"link": "https://www.wsj.com/articles/fake-news-is-rampant-on-whatsapp-as-indian-elections-loom-11554055428", "title": "Fake News Runs Wild in India as Elections Loom", "date": "2019-03-31 14:03", "summary": "Efforts to stop the spread of misinformation are having little effect. NEW DELHI-In India, viral fake news is lighting up Facebook Inc.'s WhatsApp messaging app as the world's biggest democracy prepares for national elections in the coming weeks.", "categories": [["Tech"]], "category_links": ["https://www.wsj.com/news/technology?mod=breadcrumb"]}, {"link": "https://www.wsj.com/articles/authorities-probe-rape-claim-against-nba-star-kristaps-porzingis-11554051048", "title": "Authorities Probe Rape Claim Against NBA Star Kristaps Porzingis", "date": "2019-03-31 14:02", "summary": "Former Knicks star accused of 2018 sexual assault; Porzingis denied the accusation and referred it to federal authorities to investigate for alleged extortion. The New York Police Department is investigating a woman's allegation that NBA star Kristaps Porzingis raped her last year, a person familiar with the matter said, an accusation that Porzingis denied through his attorney and referred months ago to federal authorities to investigate for alleged extortion.", "categories": [["Sports", "NBA"]], "category_links": ["https://www.wsj.com/news/sports?mod=breadcrumb", "https://www.wsj.com/news/types/nba?mod=breadcrumb"]}, {"link": "https://www.wsj.com/articles/mueller-report-eases-doubt-about-trump-presidency-poll-finds-11554037200", "title": "Fewer People Have Doubts About Trump After Mueller, Poll Finds", "date": "2019-03-31 13:39", "summary": "A significant share of poll respondents say summary doesn't clear the president of wrongdoing. WASHINGTON-The completion of Robert Mueller's investigation of Russian interference in the 2016 election has left fewer Americans with doubts about Donald Trump's presidency, even though a significant share say it hasn't cleared the president of wrongdoing, a new Wall Street Journal/NBC News poll finds.", "categories": [["Politics"]], "category_links": ["https://www.wsj.com/news/politics?mod=breadcrumb"]}, {"link": "https://www.wsj.com/articles/brokers-fear-proposed-real-estate-tax-could-deepen-sales-slump-in-manhattan-apartments-11554037320", "title": "Brokers Fear Proposed Real-Estate Tax Could Deepen Sales Slump in Manhattan Apartments", "date": "2019-03-31 13:14", "summary": "Number of co-ops and condos sold in first quarter fell 5.2% from year-ago period, WSJ analysis shows. While the New York real-estate industry fretted about the potential impact of new state taxes on expensive real estate, the Manhattan residential market deteriorated further in the first quarter of 2019, as sales slumped to the slowest pace in six years.", "categories": [["U.S.", "New York"]], "category_links": ["https://www.wsj.com/news/us?mod=breadcrumb", "https://www.wsj.com/news/types/new-york?mod=breadcrumb"]}, {"link": "https://www.wsj.com/articles/a-judge-wants-to-control-pg-es-dividends-until-it-reduces-risk-of-fires-11554049719", "title": "A Judge Wants to Control PG&E's Dividends", "date": "2019-03-31 12:28", "summary": "The move by federal judge William Alsup could have consequences for other companies. A federal judge is threatening to prevent PG&E Corp. from resuming dividend payments to shareholders until it reduces its role in sparking California wildfires, an action with little precedent that could have big repercussions for other companies put on probation.", "categories": [["Business"]], "category_links": ["https://www.wsj.com/news/business?mod=breadcrumb"]}, {"link": "https://www.wsj.com/articles/walgreens-isnt-ready-to-quit-cigarette-sales-yet-11554049495", "title": "Walgreens Isn't Ready to Quit Cigarette Sales Yet", "date": "2019-03-31 12:24", "summary": "Pharmacy tests tobacco-free stores but CEO says it's not planning to follow rival CVS. Under pressure from federal regulators and some investors, Walgreens Boots Alliance Inc. is testing tobacco-free stores in the U.S., but the pharmacy chain's leader has no plans to quit selling cigarettes entirely.", "categories": [["Business"]], "category_links": ["https://www.wsj.com/news/business?mod=breadcrumb"]}, {"link": "https://www.wsj.com/articles/tech-ipos-could-be-boon-for-california-budget-11554044400", "title": "Tech IPOs Could Be Boon for California Budget", "date": "2019-03-31 11:00", "summary": "Sacramento prepares for new tax revenue from public offering of Lyft and others on horizon. Already flush with revenue from its healthy economy and growing number of high earners, California is expecting a tax windfall from a slate of initial public offerings that began Friday with Lyft Inc.", "categories": [["Tech"]], "category_links": ["https://www.wsj.com/news/technology?mod=breadcrumb"]}, {"link": "https://www.wsj.com/articles/goldilocks-is-back-in-the-house-11554040981", "title": "Goldilocks Is Back in the House", "date": "2019-03-31 10:03", "summary": "Tepid economic data on Friday coupled with a rebound in confidence and a cautious Fed provide a great setup for stock investors in coming months. Our short national nightmare may finally be over.", "categories": [["Markets", "Heard on the Street"]], "category_links": ["https://www.wsj.com/news/markets?mod=breadcrumb", "https://www.wsj.com/news/heard-on-the-street?mod=breadcrumb"]}, {"link": "https://www.wsj.com/articles/google-cant-please-everyone-11554040981", "title": "Google Can't Please Everyone", "date": "2019-03-31 10:03", "summary": "Parent Alphabet has lagged behind other major tech stocks on worries about its dominance of its advertising platform. Google hasn't been clicking for investors lately. In part, that is because there is only so much one of the world's largest and highest-valued companies can do to look small.", "categories": [["Markets", "Heard on the Street"]], "category_links": ["https://www.wsj.com/news/markets?mod=breadcrumb", "https://www.wsj.com/news/heard-on-the-street?mod=breadcrumb"]}, {"link": "https://www.wsj.com/articles/care-com-removes-tens-of-thousands-of-unverified-listings-11554040800", "title": "Care.com Removed Tens of Thousands of Unverified Listings", "date": "2019-03-31 10:00", "summary": "WSJ investigation had found that hundreds of day-care centers listed on its website as state licensed didn't appear to be. The online child-care marketplace Care.com scrubbed its site of tens of thousands of unverified day-care center listings just before a Wall Street Journal investigation published March 8, an analysis shows.", "categories": [["Tech"]], "category_links": ["https://www.wsj.com/news/technology?mod=breadcrumb"]}, {"link": "https://www.wsj.com/articles/democratic-candidates-woo-farm-belt-voters-by-taking-aim-at-agriculture-firms-11554040800", "title": "Democrats Woo Farm Belt Voters by Taking Aim at Agriculture Firms", "date": "2019-03-31 10:00", "summary": "Sen. Warren promises to unwind Bayer's purchase of Monsanto; Sen. Klobuchar offers more cautious approach. STORM LAKE, Iowa-Democratic presidential candidates pitched voters in this farm-heavy state on their plans to stir up competition in the agriculture industry and stem the consolidation of corporate power in the U.S.", "categories": [["Politics"]], "category_links": ["https://www.wsj.com/news/politics?mod=breadcrumb"]}, {"link": "https://www.wsj.com/articles/apple-news-is-great-for-magazine-lovers-but-its-not-the-future-of-news-11554037200", "title": "Apple News+ Is Great for Magazine Lovers, But It's Not the Future of News", "date": "2019-03-31 09:00", "summary": "An Apple Inc.'s News+ subscription brings you content from magazines and other publications, including this one-but there are serious limitations. In some ways, Apple News+, the company's new all-you-can-read news and magazine subscription service, feels like the same idea that powered the Kindle and even the original iPod. Take a bunch of physical things-books or CDs-and make them available en masse on a single device.", "categories": [["Tech", "Personal Tech", "Personal Technology: David Pierce"]], "category_links": ["https://www.wsj.com/news/technology?mod=breadcrumb", "https://www.wsj.com/news/types/personal-technology-joanna-stern?mod=breadcrumb", "https://www.wsj.com/news/types/personal-technology-david-pierce?mod=breadcrumb"]}, {"link": "https://www.wsj.com/articles/raising-money-in-the-crypto-world-has-gotten-a-lot-harder-11554037201", "title": "Crypto Fundraising Slows Markedly", "date": "2019-03-31 09:00", "summary": "The market for initial coin offerings, which boomed last year, has ground to a halt. The ICO market is dead. Just about, anyway.", "categories": [["Markets"]], "category_links": ["https://www.wsj.com/news/markets?mod=breadcrumb"]}, {"link": "https://www.wsj.com/articles/chinas-riskiest-dollar-bonds-are-surging-11554033602", "title": "China's Riskiest Dollar Bonds Are Surging", "date": "2019-03-31 08:00", "summary": "Issues that drove Chinese bond prices lower last year, such as heightened U.S.-China trade concerns, have receded for now. A fear gauge for the junk bond market has receded.", "categories": [["Markets"]], "category_links": ["https://www.wsj.com/news/markets?mod=breadcrumb"]}, {"link": "https://www.wsj.com/articles/new-social-rules-leave-saudis-confused-about-how-to-behave-11554033600", "title": "New Social Rules Leave Saudis Confused About How to Behave", "date": "2019-03-31 08:00", "summary": "Youth test limits as crown prince dismantles taboos and conservatives push to enforce old ways. JEDDAH, Saudi Arabia-Alert Specialty Coffee symbolized this kingdom's changing culture when it opened around 18 months ago. Saudi baristas wearing skinny jeans whipped up lattes while up-tempo music played and men and women mingled freely.", "categories": [["World", "Middle East"]], "category_links": ["https://www.wsj.com/news/world?mod=breadcrumb", "https://www.wsj.com/news/types/middle-east-news?mod=breadcrumb"]}, {"link": "https://www.wsj.com/articles/too-volatile-or-too-calm-markets-still-arent-just-right-for-wall-street-banks-11554030000", "title": "Too Volatile, or Too Calm, Markets Still Aren't Just Right for Wall Street", "date": "2019-03-31 07:34", "summary": "A decline in Cboe's volatility index hurts trading results, but banks avoid further layoffs. Markets have been calm so far in 2019. That's bad news for Wall Street trading desks.", "categories": [["Markets"]], "category_links": ["https://www.wsj.com/news/markets?mod=breadcrumb"]}, {"link": "https://www.wsj.com/articles/debt-investors-at-a-crossroads-as-fed-pivots-11554030000", "title": "Debt Investors at a Crossroads as Fed Pivots", "date": "2019-03-31 07:00", "summary": "Bond demand is high, but observers aren't sure if central bank's move merits caution. Investors piled into bonds in the first few months of 2019, buying everything from Treasurys to riskier corporate debt as a newly supportive Federal Reserve eased concerns about rising interest rates and the potential for a near-term recession.", "categories": [["Markets"]], "category_links": ["https://www.wsj.com/news/markets?mod=breadcrumb"]}, {"link": "https://www.wsj.com/articles/fear-of-missing-out-pushes-investors-toward-stocks-11554030001", "title": "'Fear of Missing Out' Pushes Investors Toward Stocks", "date": "2019-03-31 07:00", "summary": "As major indexes continue to rise toward last year's records, investors say they are increasingly wary of missing further gains. Investors are putting more money into U.S. stocks as 2019's rebound continues, a shift that some analysts expect to drive markets higher despite the recent rally in government bonds and an expected slowdown in economic growth.", "categories": [["Markets", "Stocks"]], "category_links": ["https://www.wsj.com/news/markets?mod=breadcrumb", "https://www.wsj.com/news/markets/stocks?mod=breadcrumb"]}, {"link": "https://www.wsj.com/articles/stocks-jumped-in-the-first-quarter-but-investors-arent-in-the-clear-11554030002", "title": "Stocks Just Jumped, But Investors Aren't in the Clear", "date": "2019-03-31 07:00", "summary": "Some stock-market watchers feel they're back at square one after early 2019 surge. Stock investors have been on a wild ride the past six or so months: The S&P 500 has gone from a record high, to being on the cusp of a bear market, to being back within striking distance of its recent peak.", "categories": [["Markets"]], "category_links": ["https://www.wsj.com/news/markets?mod=breadcrumb"]}, {"link": "https://www.wsj.com/articles/sizing-up-stocks-big-first-quarter-rally-11554030001", "title": "Sizing Up Stocks' Big First-Quarter Rally", "date": "2019-03-31 07:00", "summary": "Issues that helped push markets higher in the first quarter could now prove to be stumbling blocks. Investors hoping for stocks' rally to keep up the first quarter's pace may be headed for a disappointment.", "categories": [["Markets"]], "category_links": ["https://www.wsj.com/news/markets?mod=breadcrumb"]}, {"link": "https://www.wsj.com/articles/china-factory-activity-rebounded-strongly-in-march-11554002297", "title": "China Manufacturing Gauge Rebounds", "date": "2019-03-31 03:37", "summary": "The official manufacturing PMI rose to 50.5 in March from 49.2 in February. BEIJING-An official gauge of activity in China's crucial manufacturing sector rebounded strongly in March, suggesting that Beijing's support policies are gaining traction.", "categories": [["Economy", "Asia Economy"]], "category_links": ["https://www.wsj.com/news/economy?mod=breadcrumb", "https://www.wsj.com/news/types/asia-economy?mod=breadcrumb"]}, {"link": "https://www.wsj.com/articles/in-europes-nationalist-hotbed-slovakia-take-a-liberal-turn-11554016719", "title": "In Europe's Nationalist Hotbed, Slovakia Takes a Liberal Turn", "date": "2019-03-31 03:18", "summary": "Zuzana Caputova, an environmental lawyer, is elected as first female president. Slovakia elected its first female president, a liberal and pro-European anticorruption candidate whose rise is seen as a rebuke of the conservative nationalism remaking its larger neighbors.", "categories": [["World", "Europe"]], "category_links": ["https://www.wsj.com/news/world?mod=breadcrumb", "https://www.wsj.com/news/types/europe-news?mod=breadcrumb"]}, {"link": "https://www.wsj.com/articles/virginia-outlasts-purdue-to-head-to-final-four-11554005413", "title": "Virginia Outlasts Purdue to Head to Final Four", "date": "2019-03-31 01:14", "summary": "Cavaliers win 80-75 in overtime of the South Regional final on Saturday night. LOUISVILLE, Ky.-It took a miracle buzzer-beater but Virginia (33-3) is headed to the Final Four.", "categories": [["Sports"]], "category_links": ["https://www.wsj.com/news/sports?mod=breadcrumb"]}, {"link": "https://www.wsj.com/articles/texas-techs-defense-trips-up-gonzaga-11553995878", "title": "Texas Tech's Defense Trips Up Gonzaga", "date": "2019-03-31 00:01", "summary": "Red Raiders upset No. 1 seed to secure their first-ever trip to the Final Four. Texas Tech is creating the best days in its men's basketball program's history in real time. It's doing it with a defense that no team in the NCAA tournament has been able to solve.", "categories": [["Sports"]], "category_links": ["https://www.wsj.com/news/sports?mod=breadcrumb"]}, {"link": "https://www.wsj.com/articles/facebook-chief-mark-zuckerberg-wants-more-internet-regulation-11553999323", "title": "Facebook Chief Mark Zuckerberg Wants More Internet Regulation", "date": "2019-03-31 22:28", "summary": "'People shouldn't have to rely on individual companies' to address issues such as privacy and hate speech, Zuckerberg says in op-ed. Facebook Inc. Chief Executive Mark Zuckerberg called for global regulators to take a \"more active role\" in governing the internet, among his strongest remarks yet on regulation that come after more than a year of intense scrutiny over missteps at the social network.", "categories": [["Tech"]], "category_links": ["https://www.wsj.com/news/technology?mod=breadcrumb"]}]