[{"link": "https://www.wsj.com/articles/biden-goes-on-the-offensive-against-trump-11558216218", "title": "Biden Goes on the Offensive Against Trump", "date": "2019-05-18 17:50", "summary": "Thousands turn out at Philadelphia rally as former vice president presents himself as best candidate to beat Trump. PHILADELPHIA-Democratic candidate Joe Biden said President Trump inherited a strong U.S. economy and 10 years of growth from former President Obama, just as he inherited much of his wealth from his father.", "categories": [["Politics"]], "category_links": ["https://www.wsj.com/news/politics?mod=breadcrumb"]}, {"link": "https://www.wsj.com/articles/opec-considers-two-scenarios-to-adjust-oil-production-11558204861", "title": "OPEC Considers Two Scenarios to Adjust Oil Production", "date": "2019-05-18 15:28", "summary": "The group's simulations look at risks of another crude oil glut. JEDDAH, Saudi Arabia-The Organization of the Petroleum Exporting Countries and its allies are set to debate at least two scenarios that would increase oil production beyond current levels, according to people familiar with the discussions.", "categories": [["Markets", "Commodities", "Oil Markets"]], "category_links": ["https://www.wsj.com/news/markets?mod=breadcrumb", "https://www.wsj.com/market-data/commodities?mod=breadcrumb", "https://www.wsj.com/news/types/oil-markets?mod=breadcrumb"]}, {"link": "https://www.wsj.com/articles/austrian-vice-chancellor-resigns-over-video-scandal-11558187269", "title": "Austrian Video Scandal Highlights Concerns Over Nationalist Links to Russia", "date": "2019-05-18 14:45", "summary": "Chancellor calls new election after his deputy resigns, dealing a blow to far-right movement. Austria's leader called for early elections Saturday after a secretly-recorded video showed his nationalist deputy offering public contracts to a woman he believed to be a Russian oligarch.", "categories": [["World", "Europe"]], "category_links": ["https://www.wsj.com/news/world?mod=breadcrumb", "https://www.wsj.com/news/types/europe-news?mod=breadcrumb"]}, {"link": "https://www.wsj.com/articles/resistance-to-noncompete-agreements-is-a-win-for-workers-11558195200", "title": "Resistance to Noncompete Agreements Is a Win for Workers", "date": "2019-05-18 12:00", "summary": "Several states try to limit contracts that make movement between jobs harder. Quitting a job for a better offer is a time-tested method of securing a pay raise, improved working conditions or both.", "categories": [["Economy", "The Outlook"]], "category_links": ["https://www.wsj.com/news/economy?mod=breadcrumb", "https://www.wsj.com/news/types/the-outlook?mod=breadcrumb"]}, {"link": "https://www.wsj.com/articles/mta-vendors-mull-ending-contracts-as-authority-seeks-10-cuts-11558195201", "title": "MTA Vendors Mull Ending Contracts as Authority Seeks 10% Cuts", "date": "2019-05-18 12:00", "summary": "Firms say the demand forces companies to work for nothing or at a loss. Design and engineering firms have told an industry group they are considering walking away from contracts with New York's Metropolitan Transportation Authority after the agency demanded that dozens of vendors cut bills by 10%.", "categories": [["U.S.", "Transit"]], "category_links": ["https://www.wsj.com/news/us?mod=breadcrumb", "https://www.wsj.com/news/types/ny-transit?mod=breadcrumb"]}, {"link": "https://www.wsj.com/articles/top-live-streamers-get-50-000-an-hour-to-play-new-videogames-online-11558184421", "title": "Top 'Live-Streamers' Get $50,000 an Hour to Play New Videogames Online", "date": "2019-05-18 09:00", "summary": "Publishers pay to have celebritylike 'streamers' play their new releases live to build buzz, lift sales; 'It really sold me watching him'. The world's biggest videogame publishers are paying popular gamers tens of thousands of dollars to play their latest releases live over the internet, hoping to break through to buyers in a crowded industry where dominant games like \"Fortnite\" cast a large shadow.", "categories": [["Tech"]], "category_links": ["https://www.wsj.com/news/technology?mod=breadcrumb"]}, {"link": "https://www.wsj.com/articles/inside-the-effort-to-diversify-middle-school-in-new-york-11558180801", "title": "Inside the Effort to Diversify School in New York", "date": "2019-05-18 08:00", "summary": "Resume Subscription. Principal Eric Sackler spent this spring telling often-skeptical parents why their children would thrive in his Brooklyn middle school, even though it has long had low test scores.", "categories": [[]], "category_links": []}, {"link": "https://www.wsj.com/articles/dimensionism-modern-art-in-the-age-of-einstein-review-a-manifesto-to-shake-up-the-creative-landscape-11558177201", "title": "'Dimensionism: Modern Art in the Age of Einstein' Review: A Manifesto to Shake Up the Creative Landscape", "date": "2019-05-18 07:00", "summary": "An obscure document written in 1936 by an equally obscure Hungarian avant-garde poet influenced artists like Alexander Calder and Jean Arp.. Amherst, Mass.", "categories": [["Books & Arts", "Art Review"]], "category_links": ["https://www.wsj.com/news/books-arts?mod=breadcrumb", "https://www.wsj.com/news/types/art-review?mod=breadcrumb"]}, {"link": "https://www.wsj.com/articles/man-behind-preakness-tradition-eyes-the-finish-line-11558171800", "title": "Man Behind Preakness Tradition Eyes the Finish Line", "date": "2019-05-18 05:30", "summary": "As soon as winning horse is declared, Lawrence Jones paints that jockey's colors on a race-course weather vane. BALTIMORE-Since 1988, Lawrence Jones has been the keeper of a Preakness Stakes tradition. Every year, moments after the race ends, he paints the winning jockey's colors on a horse-and-rider weather vane at the Pimlico Race Course winner's circle.", "categories": [["U.S."]], "category_links": ["https://www.wsj.com/news/us?mod=breadcrumb"]}, {"link": "https://www.wsj.com/articles/even-harvard-is-now-teaching-personal-finance-11558171800", "title": "Even Harvard Is Now Teaching Personal Finance", "date": "2019-05-18 05:30", "summary": "Professor offering financial-literacy workshops aims to make them relevant to students with diverse economic backgrounds. Add this to the Ivy League curricula: basic financial life skills.", "categories": [["Markets", "Your Money"]], "category_links": ["https://www.wsj.com/news/markets?mod=breadcrumb", "https://www.wsj.com/news/types/undefined?mod=breadcrumb"]}, {"link": "https://www.wsj.com/articles/colombia-rearrests-ex-rebel-commander-after-courts-release-order-11558159181", "title": "Colombia Rearrests Ex-Rebel Commander", "date": "2019-05-18 01:59", "summary": "Prosecutors say they have new evidence to support allegations against the former FARC commander, who is wanted by the U.S. on drug charges. BOGOT\u00c1-Colombian authorities rearrested a former commander of the FARC rebel group who is wanted by the U.S. on drug charges, just minutes after he was released from jail by a special court order that triggered an institutional crisis and roiled the country's troubled peace process.", "categories": [["World", "Latin America"]], "category_links": ["https://www.wsj.com/news/world?mod=breadcrumb", "https://www.wsj.com/news/types/latin-america-news?mod=breadcrumb"]}, {"link": "https://www.wsj.com/articles/pepper-and-salt-11558124006", "title": "Pepper...and Salt", "date": "2019-05-18 00:01", "summary": "Resume Subscription. We are delighted that you'd like to resume your subscription.", "categories": [["Opinion", "Pepper & Salt"]], "category_links": ["https://www.wsj.com/news/opinion?mod=breadcrumb", "https://www.wsj.com/news/types/pepper-salt?mod=breadcrumb"]}, {"link": "https://www.wsj.com/articles/machines-built-from-living-matter-11558152060", "title": "Machines Built From Living Matter", "date": "2019-05-18 00:01", "summary": "In a convergence of biology and engineering, scientists are looking to the organic world to create new tools and materials. When materials engineer Angela Belcher submitted her first post-doctoral grant proposal in 1999, one professional reviewer declared it \"insane.\" Dr. Belcher wanted to engineer viruses to \"grow\" electronic circuits to make batteries. She got the idea while studying for her Ph.D at the University of California at Santa Barbara, where she collected abalone shells on the beach. How, she wondered, did the mollusks make such a strong, lightweight case?", "categories": [["Life & Work", "Ideas", "Essay"]], "category_links": ["https://www.wsj.com/news/life-work?mod=breadcrumb", "https://www.wsj.com/news/life-work/ideas?mod=breadcrumb", "https://www.wsj.com/news/types/essay?mod=breadcrumb"]}, {"link": "https://www.wsj.com/articles/for-teens-romances-where-the-couple-never-meets-are-now-normal-11558152022", "title": "For Teens, Romances Where the Couple Never Meets Are Now Normal", "date": "2019-05-18 00:00", "summary": "A generation that lives online is redefining dating; 'We only met for 20 minutes and that was the first and last time we ever saw each other'. If we're looking for an explanation of why today's teens are having less sex than previous generations, there's this: Many of them spend months or even years dating without ever meeting face to face.", "categories": [["Tech", "Keywords"]], "category_links": ["https://www.wsj.com/news/technology?mod=breadcrumb", "https://www.wsj.com/news/types/keywords?mod=breadcrumb"]}, {"link": "https://www.wsj.com/articles/meet-the-fixers-pitting-states-against-each-other-to-win-tax-breaks-for-new-factories-11558152005", "title": "Meet the Fixers Pitting States Against Each Other to Win Tax Breaks for New Factories", "date": "2019-05-18 00:00", "summary": "Resume Subscription. Georgia rolls out a red carpet for them at the Masters Golf Tournament. Kentucky gets them tickets to the Kentucky Derby. Arkansas takes them on a private duck hunt with the governor. Utah recently arranged a private ski trip with an Olympic medalist.", "categories": [[]], "category_links": []}, {"link": "https://www.wsj.com/articles/the-airline-ceo-who-turned-down-a-paycheck-11558085400", "title": "The Airline CEO Who Canceled His Salary", "date": "2019-05-18 23:49", "summary": "Choosing to be paid entirely in stock, Doug Parker wanted to signal he was a different breed of executive and bullish about the long term.. Roughly three months ago, Doug Parker, the chief executive of American Airlines , wrote his company a personal check for $10,000.", "categories": [["The Captain Class"]], "category_links": ["https://www.wsj.com/news/types/the-captain-class?mod=breadcrumb"]}, {"link": "https://www.wsj.com/articles/brooks-koepka-holds-blowout-lead-at-pga-championship-11558139292", "title": "Brooks Koepka Holds Blowout Lead at PGA Championship", "date": "2019-05-18 20:28", "summary": "Tiger Woods fails to make the cut a month after Masters victory. FARMINGDALE, N.Y.-The leader at the PGA Championship is turning in a vintage Tiger Woods performance, reminiscent of the days when Woods would completely dominate the rest of the field. Only the leader isn't Woods.", "categories": [["Sports", "Golf"]], "category_links": ["https://www.wsj.com/news/sports?mod=breadcrumb", "https://www.wsj.com/news/types/sports-golf?mod=breadcrumb"]}]