[{"link": "https://www.wsj.com/articles/huawei-plans-extensive-layoffs-in-the-u-s-11563071144", "title": "Huawei Plans Extensive Layoffs in the U.S. in Wake of Blacklisting", "date": "2019-07-14 19:49", "summary": "Cuts are expected to affect workers at U.S.-based R&D subsidiary Futurewei Technologies. Huawei Technologies Co. is planning extensive layoffs at its U.S. operations, according to people familiar with the matter, as the Chinese technology giant continues to struggle with its American blacklisting.", "categories": [["Tech"]], "category_links": ["https://www.wsj.com/news/technology?mod=breadcrumb"]}, {"link": "https://www.wsj.com/articles/puerto-rico-governor-facing-more-pressure-following-leaked-texts-11563146993", "title": "Puerto Rico Governor Facing More Pressure Following Leaked Texts", "date": "2019-07-14 19:29", "summary": "Some political allies withdraw support for Gov. Ricardo Rossell\u00f3 as protesters demand his resignation. The administration of Puerto Rico Gov. Ricardo Rossell\u00f3 was engulfed in crisis as top officials resigned and political allies in the U.S. territory withdrew their support after a trove of private messages were leaked.", "categories": [["U.S."]], "category_links": ["https://www.wsj.com/news/us?mod=breadcrumb"]}, {"link": "https://www.wsj.com/articles/novak-djokovic-wins-wimbledon-final-11563127745", "title": "Making Sense of Djokovic and Federer's Brilliant Madness", "date": "2019-07-14 19:11", "summary": "Excitable thoughts after a five-hour, five-set epic-and that newfangled tiebreak format-at Wimbledon. Wimbledon, England", "categories": [["Sports"]], "category_links": ["https://www.wsj.com/news/sports?mod=breadcrumb"]}, {"link": "https://www.wsj.com/articles/kamala-harris-makes-case-against-trump-at-brooklyn-fundraiser-11563145200", "title": "Kamala Harris Makes Case Against Trump at Brooklyn Fundraiser", "date": "2019-07-14 19:00", "summary": "Gov. Andrew Cuomo has said he would support former Vice President Joe Biden but so far hasn't made many visible moves. The line to enter a fundraiser for U.S. Sen. Kamala Harris stretched around a sweltering block in Williamsburg last Wednesday night, as the former California prosecutor became the latest Democratic presidential hopeful to expand her beachhead in New York.", "categories": [["U.S.", "State Street"]], "category_links": ["https://www.wsj.com/news/us?mod=breadcrumb", "https://www.wsj.com/news/types/state-street?mod=breadcrumb"]}, {"link": "https://www.wsj.com/articles/manufacturers-move-supply-chains-out-of-china-11563096601", "title": "Manufacturers Move Supply Chains Out of China", "date": "2019-07-14 18:57", "summary": "Tariff costs prompt executives to shift production to other countries; 'Once you move, you don't go back'. U.S. manufacturers are shifting production to countries outside of China as trade tensions between the world's two biggest economies stretch into a second year.", "categories": [["Business"]], "category_links": ["https://www.wsj.com/news/business?mod=breadcrumb"]}, {"link": "https://www.wsj.com/articles/mexicos-economy-falters-as-u-s-chugs-along-11563124077", "title": "Mexico's Economy Falters as U.S. Chugs Along", "date": "2019-07-14 18:11", "summary": "The Latin American country's slip toward recession marks the first time in 25 years the neighbors' economic cycles have sharply diverged. MEXICO CITY-Mexico is slipping toward a recession even as the U.S. economy continues to grow, the first time in 25 years that the neighbors' economic cycles have fallen sharply out of sync.", "categories": [["World", "Latin America"]], "category_links": ["https://www.wsj.com/news/world?mod=breadcrumb", "https://www.wsj.com/news/types/latin-america-news?mod=breadcrumb"]}, {"link": "https://www.wsj.com/articles/tropical-storm-barry-bears-down-on-louisiana-coast-11563018344", "title": "Barry Mostly Spares Metro New Orleans, Flood Risk Remains", "date": "2019-07-14 17:58", "summary": "Forecasters warn of heavy rainfall in other parts of Louisiana and the lower Mississippi Valley. NEW ORLEANS-Barry, the first hurricane of the 2019 season to hit the U.S. coast, largely spared metro New Orleans. By Sunday afternoon, the slow-moving storm was downgraded to a tropical depression as it headed north.", "categories": [["U.S."]], "category_links": ["https://www.wsj.com/news/us?mod=breadcrumb"]}, {"link": "https://www.wsj.com/articles/power-utility-searches-for-cause-of-massive-manhattan-blackout-11563137271", "title": "Power Utility Searches for Cause of Massive Manhattan Blackout", "date": "2019-07-14 17:34", "summary": "Engineers need at least several days to determine the cause, but cyber and terrorist attacks have been ruled out. Engineers spent Sunday examining power equipment to root out the cause of a massive outage that plunged a swath of Manhattan into darkness a day earlier.", "categories": [["U.S.", "New York"]], "category_links": ["https://www.wsj.com/news/us?mod=breadcrumb", "https://www.wsj.com/news/types/new-york?mod=breadcrumb"]}, {"link": "https://www.wsj.com/articles/iran-and-u-k-talk-over-tanker-crisis-11563118631", "title": "Iran and U.K. Talk Over Tanker Crisis", "date": "2019-07-14 17:30", "summary": "The countries' top diplomats discussed the matter of the seized Iranian oil tanker on a call. The U.K. and Iran sought to defuse tensions over a detained Iranian oil tanker in the British overseas territory of Gibraltar, but failed to resolve an issue that has raised new fears about military conflict over commercial-shipping lanes.", "categories": [["World", "Europe"]], "category_links": ["https://www.wsj.com/news/world?mod=breadcrumb", "https://www.wsj.com/news/types/europe-news?mod=breadcrumb"]}, {"link": "https://www.wsj.com/articles/erdogan-takes-putin-over-nato-11563138186", "title": "Erdogan Takes Putin Over NATO", "date": "2019-07-14 17:03", "summary": "Turkey's president tests the alliance by buying Russia's air-defense system.. Turkey has begun taking delivery of the S-400 air-defense missile system from Russia, despite U.S. warnings about potential sanctions. The U.S. and NATO don't have much choice now other than to rethink whether Turkey still belongs in the alliance.", "categories": [["Opinion", "Review & Outlook"]], "category_links": ["https://www.wsj.com/news/opinion?mod=breadcrumb", "https://www.wsj.com/news/types/review-outlook-u-s?mod=breadcrumb"]}, {"link": "https://www.wsj.com/articles/to-kill-a-federal-program-11563138229", "title": "To Kill a Federal Program", "date": "2019-07-14 17:03", "summary": "Job Corps lives on, despite poor results and unsafe campuses.. Ronald Reagan famously quipped that the closest thing to eternal life is a government program. Witness the Trump Administration's recent resuscitation of job-training centers despite manifest failures and assaults against participants.", "categories": [["Opinion", "Review & Outlook"]], "category_links": ["https://www.wsj.com/news/opinion?mod=breadcrumb", "https://www.wsj.com/news/types/review-outlook-u-s?mod=breadcrumb"]}, {"link": "https://www.wsj.com/articles/now-its-a-climate-emergency-11563138092", "title": "Now It's a Climate 'Emergency'", "date": "2019-07-14 17:01", "summary": "Democrats are ready to use Trump's precedent for their own purposes.. When President Trump declared a national \"emergency\" in February to take money from the Pentagon to build his border wall, these columns warned he was setting a precedent that Democrats would exploit. Well, that day has arrived, as Democrats last week introduced a resolution in Congress declaring a national emergency due to climate change.", "categories": [["Opinion", "Review & Outlook"]], "category_links": ["https://www.wsj.com/news/opinion?mod=breadcrumb", "https://www.wsj.com/news/types/review-outlook-u-s?mod=breadcrumb"]}, {"link": "https://www.wsj.com/articles/lessons-from-a-trip-to-the-moon-11563137910", "title": "Lessons From a Trip to the Moon", "date": "2019-07-14 16:58", "summary": "Fifty years ago, Apollo 11 demonstrated both the perils and promise of innovation.. \"It's a 1202. What is that?\"", "categories": [["Opinion", "Inside View"]], "category_links": ["https://www.wsj.com/news/opinion?mod=breadcrumb", "https://www.wsj.com/news/types/inside-view?mod=breadcrumb"]}, {"link": "https://www.wsj.com/articles/mexico-loses-a-check-on-corruption-11563137870", "title": "Mexico Loses a Check on Corruption", "date": "2019-07-14 16:57", "summary": "The finance minister resigns in objection to AMLO's assaults on the rule of law.. The Mexican peso fell almost 2% Tuesday after Finance Minister Carlos Urz\u00faa announced he was quitting his job. The shock waves roiling the financial markets were due as much to the contents of Mr. Urz\u00faa's resignation letter as its suddenness.", "categories": [["Opinion", "The Americas"]], "category_links": ["https://www.wsj.com/news/opinion?mod=breadcrumb", "https://www.wsj.com/news/types/the-americas?mod=breadcrumb"]}, {"link": "https://www.wsj.com/articles/abortion-politics-crosses-the-border-11563137803", "title": "Abortion Politics Crosses the Border", "date": "2019-07-14 16:56", "summary": "Suddenly Canada's debate sounds a lot like America's.. Canada has a new import from its southern neighbor: abortion politics. Canadian theaters are screening the American movie \"Unplanned\"-a dramatization of a true story about a Planned Parenthood employee who became an antiabortion activist-and the governing Liberal Party isn't happy about it.", "categories": [["Opinion", "Commentary"]], "category_links": ["https://www.wsj.com/news/opinion?mod=breadcrumb", "https://www.wsj.com/news/types/commentary-u-s?mod=breadcrumb"]}, {"link": "https://www.wsj.com/articles/bletchley-park-and-d-day-review-clearing-the-fog-of-war-11563137747", "title": "'Bletchley Park and D-Day' Review: Clearing the Fog of War", "date": "2019-07-14 16:55", "summary": "Bletchley's intelligence ensured the success of the invasion, but its job was far from over with the Normandy landings.. The success of the British code-breakers at Bletchley Park during World War II has become legendary. The technological challenges they faced were huge. Racing against the clock, men and women like Mavis Batey, Dilly Knox and Alan Turing took messages intercepted by Allied intelligence and looked for ways to decrypt the German Enigma codes-which changed daily and Adolf Hitler believed to be unbreakable. Many books have been written about Bletchley, but none has focused exclusively on the significance of its work for D-Day.", "categories": [["Books & Arts", "Books", "Bookshelf"]], "category_links": ["https://www.wsj.com/news/books-arts?mod=breadcrumb", "https://www.wsj.com/news/books-arts/books?mod=breadcrumb", "https://www.wsj.com/news/types/bookshelf?mod=breadcrumb"]}, {"link": "https://www.wsj.com/articles/disorder-rises-in-de-blasios-new-york-11563136846", "title": "Disorder Rises in de Blasio's New York", "date": "2019-07-14 16:40", "summary": "Graffiti and petty crime are rampant again, as the mayor denies the justice system's legitimacy.. New York", "categories": [["Opinion", "Commentary"]], "category_links": ["https://www.wsj.com/news/opinion?mod=breadcrumb", "https://www.wsj.com/news/types/commentary-u-s?mod=breadcrumb"]}, {"link": "https://www.wsj.com/articles/call-irans-bluff-with-an-offer-of-nuclear-power-11563136805", "title": "Call Iran's Bluff With an Offer of Nuclear Power", "date": "2019-07-14 16:40", "summary": "No enrichment, but other countries could supply the fuel rods for the peaceful production of energy.. The Iranian regime recently announced its decision to produce fissile material with a purity of more than 4.5%. Iran's nuclear program is again on the march. In truth, it never stopped-contrary to glowing media reports and efforts by some Western leaders to spin on what the regime was doing.", "categories": [["Opinion", "Commentary"]], "category_links": ["https://www.wsj.com/news/opinion?mod=breadcrumb", "https://www.wsj.com/news/types/commentary-u-s?mod=breadcrumb"]}, {"link": "https://www.wsj.com/articles/stick-to-the-public-option-democrats-11563136701", "title": "Stick to the Public Option, Democrats", "date": "2019-07-14 16:38", "summary": "It's the best way of making sure everyone has coverage without the radical step of tearing up existing plans.. Commentators have focused on the aggressive health-care agendas of Democratic candidates like Bernie Sanders and Elizabeth Warren. Yet of the 20 candidates in last month's debates, only four said they favored single payer, or Medicare for All. The rest favored a public option-a better approach.", "categories": [["Opinion", "Commentary"]], "category_links": ["https://www.wsj.com/news/opinion?mod=breadcrumb", "https://www.wsj.com/news/types/commentary-u-s?mod=breadcrumb"]}, {"link": "https://www.wsj.com/articles/kavanaugh-fight-was-no-win-11563136659", "title": "Kavanaugh Fight Was No 'Win'", "date": "2019-07-14 16:37", "summary": "The left savaged a man's reputation and America's institutions-and paid no price for its indecency.. When the Senate confirmed Brett Kavanaugh 50-48, it was a victory over American politics' most vicious smear campaign in decades. Or was it? The left failed to keep Judge Kavanaugh off the Supreme Court, but it did irrevocable damage to his reputation and to America's institutions-for which it has paid no price.", "categories": [["Opinion", "Commentary"]], "category_links": ["https://www.wsj.com/news/opinion?mod=breadcrumb", "https://www.wsj.com/news/types/commentary-u-s?mod=breadcrumb"]}, {"link": "https://www.wsj.com/articles/hurricane-barry-mostly-spares-new-orleans-11563035329", "title": "Hurricane Barry Mostly Spares New Orleans", "date": "2019-07-14 16:08", "summary": "Slow-moving storm threatens to drop as much as 2 feet of rain in parts of Louisiana.. We are delighted that you'd like to resume your subscription.", "categories": [[]], "category_links": []}, {"link": "https://www.wsj.com/articles/democratic-candidates-clash-over-health-care-11563134681", "title": "Democratic Candidates Clash Over Health Care", "date": "2019-07-14 16:04", "summary": "Biden, Sanders fight over whether to shore up Affordable Care Act or move to Medicare for All system. PHILADELPHIA-The health-care debate among Democratic candidates is intensifying, with Joe Biden and Sen. Bernie Sanders fighting over whether to shore up the Affordable Care Act or to move to a government-run health plan.", "categories": [["Politics", "Health Policy"]], "category_links": ["https://www.wsj.com/news/politics?mod=breadcrumb", "https://www.wsj.com/news/types/health-policy?mod=breadcrumb"]}, {"link": "https://www.wsj.com/articles/gilead-to-boost-stake-in-belgian-biotech-galapagos-as-part-of-5-1-billion-deal-11563120462", "title": "Gilead to Boost Stake in Belgian Biotech Galapagos as Part of $5.1 Billion Deal", "date": "2019-07-14 15:22", "summary": "Gilead to get rights outside Europe to Belgian company's treatments in development. Gilead Sciences Inc. will pay $5.1 billion to boost its stake in Galapagos NV and gain rights outside Europe to the Belgian biotechnology company's treatments in development, in a broad research collaboration aimed at increasing growth at the drugmakers.", "categories": [["WSJ News Exclusive", "Business"]], "category_links": ["https://www.wsj.com/news/business?mod=breadcrumb"]}, {"link": "https://www.wsj.com/articles/economy-week-ahead-china-gdp-u-s-retail-sales-and-housing-starts-11563130800", "title": "Economy Week Ahead: China GDP; U.S. Retail Sales and Housing Starts", "date": "2019-07-14 15:00", "summary": "University of Michigan consumer-sentiment data will also be released. In the week ahead, China will release GDP data and the U.S. will publish fresh retail sales, housing starts and consumer sentiment figures.", "categories": [["Economy", "Economy Week Ahead"]], "category_links": ["https://www.wsj.com/news/economy?mod=breadcrumb", "https://www.wsj.com/news/types/economy-week-ahead?mod=breadcrumb"]}, {"link": "https://www.wsj.com/articles/israels-national-conflict-plays-out-in-clash-over-a-sabbath-bus-service-11563128930", "title": "Israelis Clash Over Bus Service on the Sabbath", "date": "2019-07-14 14:28", "summary": "A Tel Aviv suburb works through its own version of a political dispute over religious observance. RAMAT GAN, Israel-Mayor Carmel Shama-Hacohen's desk is strewn with evidence of the threats against his life over his campaign to introduce public bus service on the Sabbath-an effort that put him on one side of a broader dispute that some call a battle for the soul of Israel.", "categories": [["World", "Middle East"]], "category_links": ["https://www.wsj.com/news/world?mod=breadcrumb", "https://www.wsj.com/news/types/middle-east-news?mod=breadcrumb"]}, {"link": "https://www.wsj.com/articles/which-15-wage-cbo-figure-do-you-trust-11563125877", "title": "Which $15 Wage CBO Figure Do You Trust?", "date": "2019-07-14 13:37", "summary": "The CBO projection of job losses from a $15 minimum wage is in a range from zero up to 3.7 million.. Regarding Michael Saltsman's \"How Many Jobs Would $15 Minimum Kill?\" (op-ed, July 9): Democrats normally cling to Congressional Budget Office projections like \"deplorable\" Trump voters cling to guns or Bibles, but one guesses that the CBO's median-scenario estimate of 1.3 million job losses resulting from a $15 minimum wage isn't one that they will latch onto. Mr. Saltsman mentions that the CBO's worst-case scenario is 3.7 million job losses, and the Journal's same-day \"CBO Sees $15 Pay as Mixed Bag for Workers\" (U.S. News) reports a CBO projection of zero job losses in a range up to 3.7 million. The spin for Democrats and many in the media will be that several million workers benefit from a $15 minimum wage and the CBO says that there is a chance that there will be no job losses.", "categories": [["Opinion", "Letters"]], "category_links": ["https://www.wsj.com/news/opinion?mod=breadcrumb", "https://www.wsj.com/news/types/letters?mod=breadcrumb"]}, {"link": "https://www.wsj.com/articles/climate-change-a-financial-risk-for-banks-11563125833", "title": "Climate Change: A Financial Risk for Banks", "date": "2019-07-14 13:37", "summary": "We at the Network for Greening the Financial System-the group of more than 40 central banks and supervisors-see climate change as a source of financial risk, meaning its management falls squarely within our mandates.. \"Streetwise: Central Banks Take Risks in Climate-Change Steps\" (Business & Finance, June 19) suggests central banks are stretching beyond their mandates when developing policies on climate change. I must strongly disagree. We at the Network for Greening the Financial System (NGFS)-the group of more than 40 central banks and supervisors-see climate change as a source of financial risk, meaning its management falls squarely within our mandates.", "categories": [["Opinion", "Letters"]], "category_links": ["https://www.wsj.com/news/opinion?mod=breadcrumb", "https://www.wsj.com/news/types/letters?mod=breadcrumb"]}, {"link": "https://www.wsj.com/articles/education-department-is-slack-in-collection-of-loans-11563125731", "title": "Education Department Is Slack in Collection of Loans", "date": "2019-07-14 13:35", "summary": "Let's demand the Education Department start negotiating settlements with students who are able to pay at least a portion of the debt owed.. Regarding \"On the Unfairness of Forgiving Student Debt\" (Letters, July 2): Before engaging in wholesale debt forgiveness of student loans, let's demand the Education Department start negotiating settlements with students who are able to pay at least a portion of the debt owed. This occurs frequently in private industry, where half a loaf is seen as better than no loaf. Contrary to common sense, the current policy at Education seems to be that no loaf is better than any portion of it.", "categories": [["Opinion", "Letters"]], "category_links": ["https://www.wsj.com/news/opinion?mod=breadcrumb", "https://www.wsj.com/news/types/letters?mod=breadcrumb"]}, {"link": "https://www.wsj.com/articles/naive-millennials-sheep-in-the-democrats-abattoir-11563125694", "title": "Naive Millennials: Sheep in the Democrats' Abattoir", "date": "2019-07-14 13:34", "summary": "The problem for the millennials is that they are far too brainwashed to think rationally about what any Democratic government will do to them.. Joseph Sternberg is spot on in \"Bernie and Elizabeth Wage War on the Young\" (Political Economics, July 5). The problem for the millennials is that they are far too brainwashed to think rationally about what any Democratic government will do to them. By the time they sober up and realize they have voluntarily impoverished themselves, the damage will have been done.", "categories": [["Opinion", "Letters"]], "category_links": ["https://www.wsj.com/news/opinion?mod=breadcrumb", "https://www.wsj.com/news/types/letters?mod=breadcrumb"]}, {"link": "https://www.wsj.com/articles/trump-is-wisely-less-flexible-11563125647", "title": "Trump Wisely Less Flexible", "date": "2019-07-14 13:34", "summary": "I will try not to be 'more flexible' during my second term, like the last president.. Regarding your editorial \"The Trump Doctrine\" (July 1): President Trump should have responded to the press kerfuffle about his bringing up election interference with Russian President Vladimir Putin with: \"I will try not to be 'more flexible' during my second term, like the last president.\"", "categories": [["Opinion", "Letters"]], "category_links": ["https://www.wsj.com/news/opinion?mod=breadcrumb", "https://www.wsj.com/news/types/letters?mod=breadcrumb"]}, {"link": "https://www.wsj.com/articles/two-economists-fuel-democratic-debate-over-how-far-left-to-go-11563125662", "title": "Two Economists Fuel Democratic Debate Over How Far Left to Go", "date": "2019-07-14 13:34", "summary": "Resume Subscription. For decades, William Darity Jr. and Darrick Hamilton toiled in obscurity. They criticized mainstream economists and politicians for failing to address racial inequality, and touted more radical remedies of their own.", "categories": [[]], "category_links": []}, {"link": "https://www.wsj.com/articles/oxymoron-alert-some-high-yield-bonds-go-negative-11563096601", "title": "Oxymoron Alert: Some 'High Yield' Bonds Go Negative", "date": "2019-07-14 13:32", "summary": "For junk bonds that have negative yields, peculiar characteristics help explain their especially ultralow rates. In the latest sign of financial markets going into uncharted territory, more than a dozen junk bonds, which usually carry high yields, now trade in Europe with a negative yield.", "categories": [["Markets"]], "category_links": ["https://www.wsj.com/news/markets?mod=breadcrumb"]}, {"link": "https://www.wsj.com/articles/dont-understand-moronic-bromides-in-scientific-acronyms-11563122301", "title": "Don't Understand Moronic Bromides (in Scientific Acronyms)?", "date": "2019-07-14 12:38", "summary": "Resume Subscription. Back in the 1960s, every high-school science nerd knew that \"laser\" stood for \"Light Amplification by Stimulated Emission of Radiation.\"", "categories": [[]], "category_links": []}, {"link": "https://www.wsj.com/articles/the-agony-of-hope-postponed-by-a-value-investor-11563109380", "title": "The Agony of Hope Postponed, by a Value Investor", "date": "2019-07-14 12:26", "summary": "The dire years have produced plenty of theories on why value hasn't worked of late. Value investors are known for being a hardy bunch, willing to buy into beaten-down stocks that everyone else thinks are a disaster. But cheap stocks have underperformed horribly over the past 12 years, and even some fund managers who specialize in buying them wonder in private if the technique no longer works. Could value be dead?", "categories": [["Markets", "Streetwise"]], "category_links": ["https://www.wsj.com/news/markets?mod=breadcrumb", "https://www.wsj.com/news/types/streetwise?mod=breadcrumb"]}, {"link": "https://www.wsj.com/articles/boeing-737-max-grounding-could-stretch-into-2020-11563112801", "title": "Boeing 737 MAX Grounding Could Stretch Into 2020", "date": "2019-07-14 12:07", "summary": "Company executives, FAA engineers and regulators have expanded their safety analyses to cover a growing list of issues. Boeing Co. 's 737 MAX planes are unlikely to be ready to carry passengers again until 2020 because of the time it will take to fix flight-control software and complete other steps, an increasing number of government and industry officials say, even as the company strives to get its jet back into service this year.", "categories": [["Business"]], "category_links": ["https://www.wsj.com/news/business?mod=breadcrumb"]}, {"link": "https://www.wsj.com/articles/port-authority-fights-lawsuit-over-renovation-delays-11563120044", "title": "Port Authority Fights Suit Over Renovation Delays", "date": "2019-07-14 12:00", "summary": "George Washington Bridge Bus Station has store vacancies two years after project completed. The Port Authority of New York and New Jersey is battling a lawsuit brought by a contractor seeking $120 million over delays and cost overruns at the George Washington Bridge Bus Station in upper Manhattan.", "categories": [["U.S.", "Transit"]], "category_links": ["https://www.wsj.com/news/us?mod=breadcrumb", "https://www.wsj.com/news/types/ny-transit?mod=breadcrumb"]}, {"link": "https://www.wsj.com/articles/as-banks-report-earnings-fed-looks-to-take-away-the-punch-bowl-11563120000", "title": "As Banks Report Earnings, Fed Looks to Take Away the Punch Bowl", "date": "2019-07-14 12:00", "summary": "Higher rates have been an engine for earnings. That is likely ending.. What goes up must come down.", "categories": [["Markets", "Finance"]], "category_links": ["https://www.wsj.com/news/markets?mod=breadcrumb", "https://www.wsj.com/news/types/finance?mod=breadcrumb"]}, {"link": "https://www.wsj.com/articles/new-york-city-homeless-shelters-get-warm-welcome-11563120000", "title": "New York City Homeless Shelters Get Warm Welcome", "date": "2019-07-14 12:00", "summary": "Some residents have been organizing meet-and-greets with their new neighbors. The opening of a homeless shelter in New York City has at times led to local opposition, heated protests and even lawsuits. But some residents have taken a different tack, by welcoming shelters to their communities with open arms.", "categories": [["U.S."]], "category_links": ["https://www.wsj.com/news/us?mod=breadcrumb"]}, {"link": "https://www.wsj.com/articles/scooters-segways-and-skates-latest-vehicles-try-to-solve-your-last-mile-problem-11563109200", "title": "Scooters, Segways and Skates: Latest Vehicles Try to Solve Your Last-Mile Problem", "date": "2019-07-14 11:51", "summary": "Nearly half of all car rides are less than 3 miles: Boosted Rev, OneWheel Pint are some cheaper, easier, even faster electric alternatives. You have a meeting in 15 minutes, 20 blocks away. Are you going to get there on time?", "categories": [["Tech", "Personal Tech", "Personal Technology: David Pierce"]], "category_links": ["https://www.wsj.com/news/technology?mod=breadcrumb", "https://www.wsj.com/news/types/personal-technology-joanna-stern?mod=breadcrumb", "https://www.wsj.com/news/types/personal-technology-david-pierce?mod=breadcrumb"]}, {"link": "https://www.wsj.com/articles/venezuela-gives-colombian-rebels-free-rein-11563105600", "title": "Venezuela Gives Colombian Rebels Free Rein", "date": "2019-07-14 11:46", "summary": "Resume Subscription. LA YUCA, Colombia-At a small navy base here on the Arauca River, Colombian marines have erected camouflage screening so rebel snipers operating from across the river in Venezuela can't see them to pick them off.", "categories": [[]], "category_links": []}, {"link": "https://www.wsj.com/articles/for-decoding-labor-market-unemployment-rate-may-not-do-the-job-11563112800", "title": "For Decoding Labor Market, Unemployment Rate May Not Do the Job", "date": "2019-07-14 10:00", "summary": "Wage growth has been muted and inflation weak, leading economists to come up with new measures of joblessness. The U.S. unemployment rate last month hit 3.7%-one of the lowest levels in half a century.", "categories": [["Economy", "The Outlook"]], "category_links": ["https://www.wsj.com/news/economy?mod=breadcrumb", "https://www.wsj.com/news/types/the-outlook?mod=breadcrumb"]}, {"link": "https://www.wsj.com/articles/one-upside-from-this-years-rain-less-fertilizer-and-algae-in-lake-erie-11563112801", "title": "One Upside From This Year's Rain: Less Fertilizer and Algae in Lake Erie", "date": "2019-07-14 10:00", "summary": "The pollutants that feed algae are washing into the lake at lower amounts. ", "categories": [["U.S."]], "category_links": ["https://www.wsj.com/news/us?mod=breadcrumb"]}, {"link": "https://www.wsj.com/articles/at-what-age-do-you-meet-your-best-friend-11563109200", "title": "At What Age Do You Meet Your Best Friend?", "date": "2019-07-14 09:00", "summary": "The 20s, typically a time of important first experiences, are prime years for meeting your closest lifelong confidantes, researchers say. Rachel Collins met her best friend, Jen Corp, when she was 21.", "categories": [["Life & Work", "Turning Points"]], "category_links": ["https://www.wsj.com/news/life-work?mod=breadcrumb", "https://www.wsj.com/news/types/turning-points?mod=breadcrumb"]}, {"link": "https://www.wsj.com/articles/trump-faces-tough-challenge-from-top-democratic-candidates-in-election-matchup-wsj-nbc-news-poll-shows-11563109201", "title": "Trump Faces Tough Challenge From Top Democratic Candidates in Election Matchup, WSJ/NBC News Poll Shows", "date": "2019-07-14 09:00", "summary": "Joe Biden, Elizabeth Warren and Bernie Sanders show an edge over Trump in trial contests. Three of the top Democratic presidential candidates-former Vice President Joe Biden, Sen. Elizabeth Warren and Sen. Bernie Sanders-lead President Trump among voters nationally in test matchups, a new Wall Street Journal/NBC News poll finds.", "categories": [["Politics", "Election 2020"]], "category_links": ["https://www.wsj.com/news/politics?mod=breadcrumb", "https://www.wsj.com/news/types/election-2020?mod=breadcrumb"]}, {"link": "https://www.wsj.com/articles/disney-looks-to-extend-box-office-reign-with-lion-king-11563102001", "title": "Disney Looks to Extend Box-Office Reign With 'Lion King'", "date": "2019-07-14 07:00", "summary": "High proportion of adults plan to see remake without children, signaling broad appeal. LOS ANGELES- Walt Disney Co. appears poised to stay atop the box-office food chain with \"The Lion King.\"", "categories": [["Business", "Media & Marketing"]], "category_links": ["https://www.wsj.com/news/business?mod=breadcrumb", "https://www.wsj.com/news/business/media-marketing?mod=breadcrumb"]}, {"link": "https://www.wsj.com/articles/military-unit-ravaged-by-war-regroups-back-home-to-survive-the-peace-11563096602", "title": "Military Unit, Ravaged by War, Regroups to Survive the Peace", "date": "2019-07-14 05:30", "summary": "Suicides drive Bravo Company veterans to test whether reuniting will help overcome lingering effects of battle. Nearly a year ago, the combat-hardened paratroopers of Bravo Company realized things were getting too dangerous. They weren't working as a team. Too many men were dying. Nobody seemed to know how to stop the bloodletting.", "categories": [["U.S."]], "category_links": ["https://www.wsj.com/news/us?mod=breadcrumb"]}, {"link": "https://www.wsj.com/articles/trump-has-seen-high-turnover-among-top-white-house-aides-11563096602", "title": "Trump Has Seen High Turnover Among Top White House Aides", "date": "2019-07-14 05:30", "summary": "Turnover in high-profile positions has been higher than previous administrations. Only about one-third of President Trump's original top aides remain nearly 2\u00bd years after he took office, according to an analysis of White House personnel data.", "categories": [["Politics"]], "category_links": ["https://www.wsj.com/news/politics?mod=breadcrumb"]}, {"link": "https://www.wsj.com/articles/beauty-brands-focus-on-women-of-color-11563096600", "title": "Beauty Brands Focus on Women of Color", "date": "2019-07-14 05:30", "summary": "Customers with darker complexions are finding more makeup options, as startups and established brands follow Fenty Beauty by Rihanna in targeting an untapped market with inclusive offerings. When Brittany Williams started wearing makeup in her early 20s, she struggled to find products that matched her skin. The 29-year-old pharmacy technician said she is \"darker-complexioned\" and tried countless foundations, including one that made her \"end up looking sort of orangey,\" due to its red undertones.", "categories": [["Life & Work", "Life & Style"]], "category_links": ["https://www.wsj.com/news/life-work?mod=breadcrumb", "https://www.wsj.com/news/types/life-style?mod=breadcrumb"]}, {"link": "https://www.wsj.com/articles/she-wants-to-win-at-petanque-more-than-you-want-to-win-at-anything-11563102000", "title": "She Wants to Win at P\u00e9tanque More Than You Want to Win at Anything", "date": "2019-07-14 00:01", "summary": "For one California player, the French game similar to bocce and lawn bowling is more obsession than leisure activity. Janice Bissonette realized her obsession with p\u00e9tanque had reached a new level when she started practicing her throw-and-release motion while walking her two schnauzers. \"The neighbors think I'm over-friendly, crazily waving as I go around the block,\" she says.", "categories": [["Life & Work", "What's Your Workout?"]], "category_links": ["https://www.wsj.com/news/life-work?mod=breadcrumb", "https://www.wsj.com/news/types/what-s-your-workout?mod=breadcrumb"]}, {"link": "https://www.wsj.com/articles/power-knocked-out-in-parts-of-manhattan-11563064114", "title": "Power Returns After Widespread Outage in Manhattan Darkens Times Square", "date": "2019-07-14 23:46", "summary": "Fire at electricity transformer blamed in outage affecting more than 62,000 customers. Power was slowly returning to parts of Manhattan Saturday night after a widespread outage plunged subway stations, stores and parts of Times Square into darkness.", "categories": [["U.S.", "New York"]], "category_links": ["https://www.wsj.com/news/us?mod=breadcrumb", "https://www.wsj.com/news/types/new-york?mod=breadcrumb"]}, {"link": "https://www.wsj.com/articles/a-major-blackout-hits-manhattan-11563068267", "title": "A Major Blackout Hits Manhattan", "date": "2019-07-14 23:09", "summary": "A swath of Midtown and the West Side is plunged into darkness on Saturday evening. We are delighted that you'd like to resume your subscription.", "categories": [[]], "category_links": []}]