[{"link": "https://www.wsj.com/articles/ex-kpmg-partner-sentenced-to-a-year-and-a-day-in-steal-the-exam-scandal-11568217009", "title": "Ex-KPMG Partner Gets a Year and a Day in 'Steal the Exam' Scandal", "date": "2019-09-11 19:44", "summary": "Auditors got advance information from oversight board about which audits would be reviewed. The former No. 2 auditor at KPMG LLP was sentenced to a prison term of one year and one day for his role in a \"steal the exam\" scandal that exposed serious weaknesses at one of the Big Four accounting firms.", "categories": [["Markets"]], "category_links": ["https://www.wsj.com/news/markets?mod=breadcrumb"]}, {"link": "https://www.wsj.com/articles/woman-is-convicted-of-unlawful-entry-at-trumps-mar-a-lago-resort-11568245254", "title": "Woman Is Convicted of Unlawful Entry at Trump Resort", "date": "2019-09-11 19:40", "summary": "Yujing Zhang, who was arrested earlier this year, faces sentencing in November. A Chinese woman was convicted Wednesday of unlawfully entering President Trump's Mar-a-Lago resort in Florida, after her arrest earlier this year raised concerns about security at the president's clubs.", "categories": [["U.S."]], "category_links": ["https://www.wsj.com/news/us?mod=breadcrumb"]}, {"link": "https://www.wsj.com/articles/california-governor-still-in-talks-with-uber-lyft-over-gig-workers-law-11568212014", "title": "Uber Vows to Fight California Legislation on Gig Economy", "date": "2019-09-11 19:36", "summary": "Despite objections from Uber and Lyft, Gov. Gavin Newsom has said he would sign bill to curtail use of contract workers. SACRAMENTO, Calif.-California lawmakers passed landmark employment legislation that challenges the business model of \"gig-economy\" companies such as ride-hailing giants Uber Technologies Inc. and Lyft Inc. But Uber immediately signaled defiance, saying it didn't plan to change its practices in response to the measure.", "categories": [["U.S."]], "category_links": ["https://www.wsj.com/news/us?mod=breadcrumb"]}, {"link": "https://www.wsj.com/articles/california-takes-aim-at-ncaa-pay-ban-11568244553", "title": "California Takes Aim at NCAA Pay Ban", "date": "2019-09-11 19:29", "summary": "College athletes in state could get endorsement deals under bill banning schools from enforcing association's compensation rules. California legislators voted to require schools in the state to allow their athletes to earn endorsement money, setting up a collision with the National Collegiate Athletic Association, which bans compensation for college athletes beyond a scholarship and modest stipend and is threatening to bar California athletes from its competitions.", "categories": [["U.S."]], "category_links": ["https://www.wsj.com/news/us?mod=breadcrumb"]}, {"link": "https://www.wsj.com/articles/burglars-are-following-you-on-facebook-11568244205", "title": "Burglars Are Following You on Facebook", "date": "2019-09-11 19:23", "summary": "I learned the hard way that social media lets the world know when you're out of town.. When my daughter's wedding drew the family out of town for an extended weekend, I should have realized that my home's security was as fragile as the family's emotions.", "categories": [["Opinion", "Commentary"]], "category_links": ["https://www.wsj.com/news/opinion?mod=breadcrumb", "https://www.wsj.com/news/types/commentary-u-s?mod=breadcrumb"]}, {"link": "https://www.wsj.com/articles/progressive-antitrust-paradox-11568243792", "title": "Progressive Antitrust Paradox", "date": "2019-09-11 19:16", "summary": "Corporate collusion to build more electric cars gets a Democratic pass.. After news broke Friday that the Justice Department is investigating four car makers for possible collusion, the denunciations were fast and furious. Democrats these days want to use antitrust law against certain corporate targets, but they apparently don't want to investigate if big business is conspiring when it advances their political goals.", "categories": [["Opinion", "Review & Outlook"]], "category_links": ["https://www.wsj.com/news/opinion?mod=breadcrumb", "https://www.wsj.com/news/types/review-outlook-u-s?mod=breadcrumb"]}, {"link": "https://www.wsj.com/articles/t-boone-pickens-jr-11568243724", "title": "T. Boone Pickens Jr.", "date": "2019-09-11 19:15", "summary": "A business champion of free markets and shareholder value.. The colorful capitalists of the 20th century are leaving us, and few were more uproarious than Texas oil man and entrepreneur T. Boone Pickens Jr., who died Wednesday at the age of 91 after a lifetime of bucking the status quo.", "categories": [["Opinion", "Review & Outlook"]], "category_links": ["https://www.wsj.com/news/opinion?mod=breadcrumb", "https://www.wsj.com/news/types/review-outlook-u-s?mod=breadcrumb"]}, {"link": "https://www.wsj.com/articles/the-worlds-dumbest-housing-policy-11568243654", "title": "The World's Dumbest Housing Policy", "date": "2019-09-11 19:14", "summary": "First California makes homes unaffordable, then it imposes statewide rent control.. If every regulatory instinct Democrats in Sacramento have is wrong and counterproductive, maybe they should take Jerry Seinfeld's advice to George Costanza and do the opposite. Consider a statewide rent cap that Democrats rushed through the legislature this week.", "categories": [["Opinion", "Review & Outlook"]], "category_links": ["https://www.wsj.com/news/opinion?mod=breadcrumb", "https://www.wsj.com/news/types/review-outlook-u-s?mod=breadcrumb"]}, {"link": "https://www.wsj.com/articles/the-democrats-dilemma-11568243482", "title": "The Democrats' Dilemma", "date": "2019-09-11 19:11", "summary": "A 'normal' candidate might defeat Trump, but beyond Joe Biden, there is no Plan B.. It's too late to turn back now. The 2020 presidential campaign is underway, which means the American people are about to have their second, mass out-of-body political experience.", "categories": [["Opinion", "Wonder Land"]], "category_links": ["https://www.wsj.com/news/opinion?mod=breadcrumb", "https://www.wsj.com/news/types/wonder-land?mod=breadcrumb"]}, {"link": "https://www.wsj.com/articles/the-only-democrats-with-a-chance-11568243436", "title": "The Only Democrats With a Chance", "date": "2019-09-11 19:10", "summary": "It's going to be Biden, Warren or Sanders. The rest are fighting over the scraps.. With fall coming on, it already feels as if only former Vice President Joe Biden and Sens. Elizabeth Warren and Bernie Sanders can win the Democratic nomination for president.", "categories": [["Opinion", "Commentary"]], "category_links": ["https://www.wsj.com/news/opinion?mod=breadcrumb", "https://www.wsj.com/news/types/commentary-u-s?mod=breadcrumb"]}, {"link": "https://www.wsj.com/articles/transaction-man-review-the-fraying-white-collar-11568243296", "title": "'Transaction Man' Review: The Fraying White Collar", "date": "2019-09-11 19:08", "summary": "There was much to love about corporate life in the 1950s and '60s. Then came the age of buyouts, bailouts and other risky business.. What dominates the left-liberal view of the 1950s, Hilton Kramer observed in the New Criterion in 1993, \"is the notion of an entire society in the grip of politically inspired paranoid fear, abject social conformism, empty-headed consumerism, and spiritual sterility.\" That view has undergone a partial revision over the past 15 years or so. Bernie Sanders often refers wistfully to the '50s, a time when taxes were high, unions were strong and the economy stable. Paul Krugman, in \"The Conscience of a Liberal\" (2007), called the '50s a \"paradise lost.\" In his latest book, \"Beautiful Country Burn Again\" (2018), the progressive essayist and novelist Ben Fountain writes approvingly of midcentury America's economic settlement.", "categories": [["Books & Arts", "Books", "Bookshelf"]], "category_links": ["https://www.wsj.com/news/books-arts?mod=breadcrumb", "https://www.wsj.com/news/books-arts/books?mod=breadcrumb", "https://www.wsj.com/news/types/bookshelf?mod=breadcrumb"]}, {"link": "https://www.wsj.com/articles/the-problem-with-politics-is-the-politicians-11568243199", "title": "The Problem With Politics Is the Politicians", "date": "2019-09-11 19:06", "summary": "They take credit for things they didn't do and avoid accountability for the messes they make.. Pity Joe Biden. He has to convince voters both that the economy was booming less than three years ago, when he and Barack Obama were in charge, and that it's now fallen into such a mess that we need Mr. Biden to come fix it. Whereas Ronald Reagan beat Jimmy Carter in large part by asking voters to consider if they were better off than they were four years ago, Mr. Biden and the seemingly endless list of other candidates running for president would rather voters think about anything but the economy. Democrats want American voters for the next year and a half to be perpetually anxious that the end is imminent but can be staved off at the ballot box.", "categories": [["Opinion", "Commentary"]], "category_links": ["https://www.wsj.com/news/opinion?mod=breadcrumb", "https://www.wsj.com/news/types/commentary-u-s?mod=breadcrumb"]}, {"link": "https://www.wsj.com/articles/maryland-worries-fentanyl-drug-sale-could-fuel-more-addiction-11568243138", "title": "Maryland Worries Fentanyl Drug Sale Could Fuel More Addiction", "date": "2019-09-11 19:05", "summary": "State lawyers raised 'red flags' around proposed bankruptcy sale of Subsys, the painkiller sold by Insys Therapeutics. The state of Maryland is uncomfortable with Insys Therapeutics Inc.'s proposed sale of the opioid drug Subsys, raising concerns the buyer would fuel further illegal sales of the drug.", "categories": [["Pro Bankruptcy"]], "category_links": ["https://www.wsj.com/pro/bankruptcy?mod=breadcrumb"]}, {"link": "https://www.wsj.com/articles/be-grateful-for-your-health-insurance-company-11568243146", "title": "Be Grateful for Your Health-Insurance Company", "date": "2019-09-11 19:05", "summary": "It has the thankless job of saying 'no.' But policing claims allows you to get better benefits.. Private health insurers are punching bags of choice in the Democratic presidential primary. \"The insurance companies last year alone sucked $23 billion in profits out of the health-care system,\" Elizabeth Warren fulminated in a June debate. Kamala Harris charged in January that \"it is inhumane to make people go through a system where they literally cannot receive the benefit of what medical science has to offer because some insurance company has decided it doesn't meet their bottom line in terms of their profit motivation.\"", "categories": [["Opinion", "Commentary"]], "category_links": ["https://www.wsj.com/news/opinion?mod=breadcrumb", "https://www.wsj.com/news/types/commentary-u-s?mod=breadcrumb"]}, {"link": "https://www.wsj.com/articles/unlocking-arctic-energy-is-vital-for-alaskaand-america-11568243056", "title": "Unlocking Arctic Energy Is Vital for Alaska-and America", "date": "2019-09-11 19:04", "summary": "Congress should proceed with its plan to allow careful oil exploration on the Last Frontier's coast.. This article is signed by Lisa Murkowski, Dan Sullivan and Don Young.", "categories": [["Opinion", "Commentary"]], "category_links": ["https://www.wsj.com/news/opinion?mod=breadcrumb", "https://www.wsj.com/news/types/commentary-u-s?mod=breadcrumb"]}, {"link": "https://www.wsj.com/articles/notable-quotable-did-russia-decide-the-election-11568243006", "title": "Notable & Quotable: Did Russia Decide the Election?", "date": "2019-09-11 19:03", "summary": "'I think that really does devalue the people in Wisconsin and Michigan and others who decided to vote for President Trump.'. Condoleezza Rice on NBC's \"Today,\" asked whether Russian meddling swung the 2016 election, Sept. 11:", "categories": [["Opinion", "Commentary", "Notable & Quotable"]], "category_links": ["https://www.wsj.com/news/opinion?mod=breadcrumb", "https://www.wsj.com/news/types/commentary-u-s?mod=breadcrumb", "https://www.wsj.com/news/types/notable-quotable?mod=breadcrumb"]}, {"link": "https://www.wsj.com/articles/under-wild-skies-sues-national-rifle-association-11568234929", "title": "Under Wild Skies Sues National Rifle Association", "date": "2019-09-11 19:00", "summary": "Lawsuit alleges vendor treated NRA CEO Wayne LaPierre to free hunting safaris. National Rifle Association CEO Wayne LaPierre, his wife and other top NRA officials were treated to free hunting safaris to exotic locales by an NRA vendor, according to a new lawsuit that raises new questions about the organization's governance.", "categories": [["U.S."]], "category_links": ["https://www.wsj.com/news/us?mod=breadcrumb"]}, {"link": "https://www.wsj.com/articles/trump-administration-considering-ban-on-nontobacco-flavored-vaping-products-11568220504", "title": "Trump Plans to Ban Most Vaping Flavors", "date": "2019-09-11 18:58", "summary": "FDA will pull mint, menthol and fruity flavors from market, citing health concerns and surge in teen usage. President Trump said the U.S. plans to pull most vaping products from the market, citing growing concerns about health hazards and rising use by teenagers of the trendy alternative to traditional cigarettes.", "categories": [["U.S."]], "category_links": ["https://www.wsj.com/news/us?mod=breadcrumb"]}, {"link": "https://www.wsj.com/articles/purdue-pharma-close-to-settlement-with-cities-and-half-of-states-over-opioid-crisis-11568224310", "title": "Purdue Pharma Reaches Deal With Cities, 23 States Over Opioid Crisis", "date": "2019-09-11 18:55", "summary": "Company trying to strike broader deal that includes more states in advance of bankruptcy filing. Purdue Pharma LP has secured support from 23 states and thousands of local governments for a multibillion-dollar deal that could enable the drugmaker to resolve much of the opioid litigation it faces through a planned bankruptcy restructuring, according to people familiar with the matter.", "categories": [["U.S."]], "category_links": ["https://www.wsj.com/news/us?mod=breadcrumb"]}, {"link": "https://www.wsj.com/articles/canadas-trudeau-facing-headwinds-triggers-formal-launch-of-election-campaign-11568214392", "title": "Canada's Trudeau Kicks Off Re-Election Bid in Dead Heat", "date": "2019-09-11 18:54", "summary": "Trudeau's Liberal Party is tied in polls with its main rival, the Conservative Party. OTTAWA-Canadian Prime Minister Justin Trudeau triggered the start of his campaign toward an Oct. 21 election, in which he will try to overcome damage from an ethics scandal and persuade voters to give the Liberal government another term based on the strength of its economic and environmental record.", "categories": [["World", "Canada"]], "category_links": ["https://www.wsj.com/news/world?mod=breadcrumb", "https://www.wsj.com/news/types/canada-news?mod=breadcrumb"]}, {"link": "https://www.wsj.com/articles/oracle-co-ceo-hurd-taking-medical-leave-from-company-11568233794", "title": "Oracle Co-CEO Mark Hurd Taking Medical Leave", "date": "2019-09-11 18:54", "summary": "'Now Mark needs to focus on his health,' said co-CEO Safra Catz. Oracle Corp. said one of its two chief executives, Mark Hurd, will take a medical leave of absence, removing the technology giant's top executive for sales and strategy at a time of intensifying competition in the business-software market.", "categories": [["Tech"]], "category_links": ["https://www.wsj.com/news/technology?mod=breadcrumb"]}, {"link": "https://www.wsj.com/articles/starkist-ordered-to-pay-100-million-fine-in-tuna-price-fixing-case-11568233353", "title": "StarKist Hit With $100 Million Fine in Tuna Price-Fixing Case", "date": "2019-09-11 18:48", "summary": "Justice Department alleged StarKist worked with rivals for almost a two-year period to fix prices for canned tuna. StarKist Co. has been ordered to pay a $100 million penalty for its role in a conspiracy that prosecutors say inflated the prices consumers paid for canned tuna.", "categories": [["Business"]], "category_links": ["https://www.wsj.com/news/business?mod=breadcrumb"]}, {"link": "https://www.wsj.com/articles/weatherford-wins-court-approval-for-debt-cutting-plan-11568241116", "title": "Weatherford Wins Court Approval for Debt-Cutting Plan", "date": "2019-09-11 18:31", "summary": "Oil-field-services company's chapter 11 plan gives it a fresh start with more than $6 billion in debt cut from its books. Weatherford International PLC won bankruptcy-court approval of a chapter 11 plan that will slash the oil-field-services giant's debt load by more than $6 billion.", "categories": [["Pro Bankruptcy"]], "category_links": ["https://www.wsj.com/pro/bankruptcy?mod=breadcrumb"]}, {"link": "https://www.wsj.com/articles/womens-share-of-board-seats-rises-to-20-11568194200", "title": "Women's Share of Board Seats Rises to 20%", "date": "2019-09-11 18:23", "summary": "California law requiring female directors causes ripple effects at companies nationwide. One-fifth of seats on a broad swath of public-company boards are now held by women, a sign of change as U.S. corporations face increased pressure to diversify.", "categories": [["Business", "Management", "Management & Careers"]], "category_links": ["https://www.wsj.com/news/business?mod=breadcrumb", "https://www.wsj.com/news/business/management?mod=breadcrumb", "https://www.wsj.com/news/types/management-careers?mod=breadcrumb"]}, {"link": "https://www.wsj.com/articles/bolton-begins-life-after-trump-with-uncertain-path-11568240068", "title": "Bolton Begins Life After Trump With Uncertain Path", "date": "2019-09-11 18:14", "summary": "Former aides have written books, given paid speeches and one is set to appear on 'Dancing with the Stars'. WASHINGTON-Now that he has been ousted as national security adviser, John Bolton faces the fresh yet well-worn challenge of forging a post-Trump career path.", "categories": [["Politics"]], "category_links": ["https://www.wsj.com/news/politics?mod=breadcrumb"]}, {"link": "https://www.wsj.com/articles/sneaker-marketplace-stockx-seeks-new-customers-with-bleacher-report-deal-11568216633", "title": "Sneaker Marketplace StockX Seeks New Customers With Bleacher Report Deal", "date": "2019-09-11 17:57", "summary": "StockX wants to reach fashion enthusiasts beyond its core customer base of sneaker obsessives. Online sneaker marketplace StockX LLC has struck an advertising deal with WarnerMedia's Bleacher Report as it seeks to step up its marketing efforts in an increasingly competitive business.", "categories": [["CMO Today"]], "category_links": ["https://www.wsj.com/news/types/cmo-today?mod=breadcrumb"]}, {"link": "https://www.wsj.com/articles/trump-says-fed-should-reduce-rates-to-zero-or-less-11568201306", "title": "Trump Says Fed Should Reduce Rates to 'Zero, or Less'", "date": "2019-09-11 17:52", "summary": "Some economists warn president's push might send up long-term Treasury yields, making it harder to achieve goal of locking in low rates. WASHINGTON-President Trump renewed his call for lower interest rates and his criticism of the Federal Reserve on Wednesday, by pressing for the central bank to cut short-term rates to \"ZERO, or less,\" negative rates that the U.S. avoided even after the 2008 financial crisis.", "categories": [["Economy"]], "category_links": ["https://www.wsj.com/news/economy?mod=breadcrumb"]}, {"link": "https://www.wsj.com/articles/top-official-to-depart-mta-11568237226", "title": "Top Official to Depart MTA", "date": "2019-09-11 17:27", "summary": "Ronnie Hakim plans to leave her post in late November. Ronnie Hakim, one of the New York Metropolitan Transportation Authority's most senior officials, plans to leave her post in late November.", "categories": [["U.S.", "Transit"]], "category_links": ["https://www.wsj.com/news/us?mod=breadcrumb", "https://www.wsj.com/news/types/ny-transit?mod=breadcrumb"]}, {"link": "https://www.wsj.com/articles/u-k-government-outlines-worst-case-scenarios-for-no-deal-brexit-11568233487", "title": "U.K. Government Outlines 'Worst-Case Scenario' for No-Deal Brexit", "date": "2019-09-11 17:26", "summary": "Report describes potential shortages of fuel and medicines, long traffic jams at ports and rising food prices. LONDON-The British government described potential shortages of fuel and medicines, long traffic jams at ports and rising food prices in a report outlining its \"reasonable worst-case scenario\" if the U.K. left the European Union without a deal to smooth its exit.", "categories": [["World", "Europe", "U.K."]], "category_links": ["https://www.wsj.com/news/world?mod=breadcrumb", "https://www.wsj.com/news/types/europe-news?mod=breadcrumb", "https://www.wsj.com/news/types/u-k-news?mod=breadcrumb"]}, {"link": "https://www.wsj.com/articles/top-new-jersey-lawmaker-calls-for-ban-on-vaping-products-11568236253", "title": "Top New Jersey Lawmaker Calls for Ban on Vaping Products", "date": "2019-09-11 17:10", "summary": "Federal officials have urged the public to stop vaping as they investigate the cause of hundreds of potential cases of pulmonary illness. The highest-ranking legislator in New Jersey's Senate wants to ban the sale of vaping devices in the state.", "categories": [["U.S.", "New York"]], "category_links": ["https://www.wsj.com/news/us?mod=breadcrumb", "https://www.wsj.com/news/types/new-york?mod=breadcrumb"]}, {"link": "https://www.wsj.com/articles/for-ken-burns-country-music-is-the-song-of-america-11568212460", "title": "For Ken Burns, 'Country Music' Is the Song of America", "date": "2019-09-11 17:04", "summary": "In a new PBS series, the director of 'The Civil War,' 'Baseball' and other documentaries, portrays America's development through the lens of country music. Ken Burns has made about 30 films over his long career. But his latest documentary, \"Country Music,\" which premieres Sept. 15 on PBS, presented a new set of challenges.", "categories": [["Books & Arts", "Arts", "Television"]], "category_links": ["https://www.wsj.com/news/books-arts?mod=breadcrumb", "https://www.wsj.com/news/books-arts/arts?mod=breadcrumb", "https://www.wsj.com/news/types/television?mod=breadcrumb"]}, {"link": "https://www.wsj.com/articles/we-need-to-make-biosimilars-easier-to-get-11568235709", "title": "We Need to Make Biosimilars Easier to Get", "date": "2019-09-11 17:01", "summary": "If potential biosimilar manufacturers can't get their product to market, they won't proceed with development.. Regarding Scott Gottlieb's \"Don't Give Up on Biosimilars-Congress Can Give Them a Boost\" (op-ed, Aug. 26) and Peter B. Bach and Mark Trusheim's \"Time to Throw In the Towel on Biosimilars\" (op-ed, Aug. 22): Eliminating rebates, which have turned the prescription-drug supply chain into a pay-to-play system, is a better way to create a robust supply of cheap biosimilar therapies than introducing price controls on older biologics.", "categories": [["Opinion", "Letters"]], "category_links": ["https://www.wsj.com/news/opinion?mod=breadcrumb", "https://www.wsj.com/news/types/letters?mod=breadcrumb"]}, {"link": "https://www.wsj.com/articles/california-defends-its-stance-on-glyphosate-11568235648", "title": "California Defends Its Stance on Glyphosate", "date": "2019-09-11 17:00", "summary": "California is simply implementing a law that has led to the reduction or removal of toxic substances from products as varied as faucets, children's jewelry, candy, artificial turf and tableware.. Your Sept. 4 editorial \"A Scientific Roundup\" mischaracterizes the California Office of Environmental Health Hazard Assessment's position on cancer warnings for glyphosate-containing herbicides.", "categories": [["Opinion", "Letters"]], "category_links": ["https://www.wsj.com/news/opinion?mod=breadcrumb", "https://www.wsj.com/news/types/letters?mod=breadcrumb"]}, {"link": "https://www.wsj.com/articles/charles-locke-a-good-unpretentious-man-11568235520", "title": "Charles Locke: A Good, Unpretentious Man", "date": "2019-09-11 16:58", "summary": "Charles S. Locke was a self-made man who lived an extraordinary life and gave so much to those fortunate enough to have known him.. Our father, Charles S. Locke, was an unpretentious man who wore a $20 watch and enjoyed spending free time on the porch doing crossword puzzles and reading (\"Space Shuttle Disaster Tested Salt Maker's CEO,\" Obituaries, Aug. 24). The son of a disabled World War I veteran, Dad rose out of poverty in rural Mississippi to manage a Fortune 200 company for nearly 20 years. He bore his frank, down-to-earth Southern style with great pride throughout his life.", "categories": [["Opinion", "Letters"]], "category_links": ["https://www.wsj.com/news/opinion?mod=breadcrumb", "https://www.wsj.com/news/types/letters?mod=breadcrumb"]}, {"link": "https://www.wsj.com/articles/english-majors-used-to-need-language-skills-11568235436", "title": "English Majors Used to Need Language Skills", "date": "2019-09-11 16:57", "summary": "Woe betide you if you require rewrites or believe they have no talent. Many of the bright kids have figured things out already. The pressure on you is to award an A+ to one and all. If not, out you go.. Regarding William McGurn's \"Is Majoring in English Worth It?\" (Main Street, Sept. 10): I taught for two years at a state-run university and was appalled to discover that all standards had disappeared. In the sciences at least there is a problem and a solution. In English, particularly in creative writing (where I had the misfortune to be teaching) there is no \"solution,\" only opinion.", "categories": [["Opinion", "Letters"]], "category_links": ["https://www.wsj.com/news/opinion?mod=breadcrumb", "https://www.wsj.com/news/types/letters?mod=breadcrumb"]}, {"link": "https://www.wsj.com/articles/regulators-split-on-max-return-11568231370", "title": "Regulators Split On MAX Return", "date": "2019-09-11 16:47", "summary": "Boeing CEO is optimistic jet will return this year, though production cut or pause remains an option. Boeing Co. said Wednesday that the return to service of the 737 MAX jetliner could vary from country to country unless global regulators can agree on a single path to approving software and training changes.", "categories": [["Business"]], "category_links": ["https://www.wsj.com/news/business?mod=breadcrumb"]}, {"link": "https://www.wsj.com/articles/investigators-looking-into-brooklyn-crash-that-killed-10-year-old-11568234644", "title": "Investigators Looking Into Brooklyn Crash That Killed 10-Year-Old", "date": "2019-09-11 16:44", "summary": "License plate linked to vehicle in fatal collision had been issued four speeding violations since 2017. The car crash that killed a 10-year-old boy standing at a bus stop in Brooklyn is under investigation by the Brooklyn District Attorney's office and the New York Police Department, officials said Wednesday.", "categories": [["U.S.", "New York"]], "category_links": ["https://www.wsj.com/news/us?mod=breadcrumb", "https://www.wsj.com/news/types/new-york?mod=breadcrumb"]}, {"link": "https://www.wsj.com/articles/gold-rises-after-trump-tweet-11568226031", "title": "Gold Rises After Trump Tweet", "date": "2019-09-11 16:34", "summary": "Precious metal snaps four-day losing streak after president urges Fed to cut borrowing costs. The price of gold rose Wednesday after President Trumprenewed his call for lower interest rates, urging the Federal Reserve to cut borrowing costs below zero.", "categories": [["Markets", "Commodities"]], "category_links": ["https://www.wsj.com/news/markets?mod=breadcrumb", "https://www.wsj.com/market-data/commodities?mod=breadcrumb"]}, {"link": "https://www.wsj.com/articles/small-caps-extend-gains-as-growth-worries-recede-11568230809", "title": "Small-Caps Extend Gains as Growth Worries Recede", "date": "2019-09-11 16:34", "summary": "Russell 2000 index of small-cap shares posts its third consecutive advance of at least 1% for the first time since January. Small-caps are regaining some of their shine.", "categories": [["Markets", "Stocks"]], "category_links": ["https://www.wsj.com/news/markets?mod=breadcrumb", "https://www.wsj.com/news/markets/stocks?mod=breadcrumb"]}, {"link": "https://www.wsj.com/articles/u-s-foes-may-have-more-options-after-boltons-departure-11568233963", "title": "U.S. Foes May Have More Options After Bolton's Departure", "date": "2019-09-11 16:32", "summary": "Adviser's tough line meant fewer chances for negotiation; some say that could now change. The ouster of national security adviser John Bolton, one of the most hawkish voices in President Trump's inner circle, has left U.S. adversaries from Iran to Venezuela celebrating his exit and looking for signs of a fresh approach in Washington.", "categories": [["World"]], "category_links": ["https://www.wsj.com/news/world?mod=breadcrumb"]}, {"link": "https://www.wsj.com/articles/north-carolina-house-gop-overrides-budget-veto-with-few-democrats-present-11568233883", "title": "North Carolina House GOP Overrides Budget Veto With Few Democrats Present", "date": "2019-09-11 16:31", "summary": "The Democratic governor had issued the veto, and Democrats called Wednesday's move a legislative ambush. Confusion erupted in North Carolina when Republican lawmakers voted to override the Democratic governor's veto of the state budget with only about half of the members of the state's House of Representatives present.", "categories": [["U.S."]], "category_links": ["https://www.wsj.com/news/us?mod=breadcrumb"]}, {"link": "https://www.wsj.com/articles/global-stocks-rise-with-eyes-on-trade-11568190214", "title": "U.S. Stocks Tick Higher As Tech Stocks Rally", "date": "2019-09-11 16:26", "summary": "Government-bond yields also climb after data show producer prices rose more than expected in August. The Dow Jones Industrial Average notched its sixth consecutive session of gains Wednesday, lifted by a rally among technology shares.", "categories": [["Markets", "U.S. Markets"]], "category_links": ["https://www.wsj.com/news/markets?mod=breadcrumb", "https://www.wsj.com/news/types/today-s-markets?mod=breadcrumb"]}, {"link": "https://www.wsj.com/articles/blackstone-closes-largest-ever-real-estate-fund-at-20-5b-firm-says-11568233526", "title": "Blackstone Raises Largest Ever Real-Estate Fund at $20.5 Billion", "date": "2019-09-11 16:25", "summary": "Mammoth fund comes even as high returns have gotten tougher late in this real-estate cycle.. Blackstone Group LP has finished raising the largest commercial real-estate fund ever, with $20.5 billion of commitments despite an increasingly tough commercial property market.", "categories": [["Markets"]], "category_links": ["https://www.wsj.com/news/markets?mod=breadcrumb"]}, {"link": "https://www.wsj.com/articles/in-a-new-light-alice-schille-and-the-american-watercolor-movement-review-a-pioneer-of-the-medium-11568233507", "title": "'In a New Light: Alice Schille and the American Watercolor Movement' Review: A Pioneer of the Medium", "date": "2019-09-11 16:25", "summary": "An exhibition revives the reputation of Alice Schille: Once one of the most accomplished and recognized watercolorists in the U.S., she was nearly forgotten by the time of her death.. Columbus, Ohio", "categories": [["Books & Arts", "Art Review"]], "category_links": ["https://www.wsj.com/news/books-arts?mod=breadcrumb", "https://www.wsj.com/news/types/art-review?mod=breadcrumb"]}, {"link": "https://www.wsj.com/articles/country-music-review-a-documentary-makes-a-complex-genre-sing-11568233280", "title": "'Country Music' Review: A Documentary Makes a Complex Genre Sing", "date": "2019-09-11 16:21", "summary": "Ken Burns's eight-part, 16-hour series paints tells an expansive, inclusive story of the narrative-driven music.. About six hours and 20 years into the Ken Burns-directed, eight-part \"Country Music,\" Nashville veteran Marty Stuart offers what might be the defining anecdote of the series. \"I heard this beautiful story about Charlie Parker,\" he says, \"standing in front of a jukebox in New York City, listening to country records. His buddies were going, 'What're you doing?' And he says, 'It's the stories, man, the stories.'\"", "categories": [["Books & Arts", "Television Review"]], "category_links": ["https://www.wsj.com/news/books-arts?mod=breadcrumb", "https://www.wsj.com/news/types/television-review?mod=breadcrumb"]}, {"link": "https://www.wsj.com/articles/islamic-state-targets-new-york-city-and-police-with-online-propaganda-11568232932", "title": "Islamic State Targets New York City and Police With Online Propaganda", "date": "2019-09-11 16:15", "summary": "Terror group produces bloody images of police and digitally-faked threatening messages in subways. Islamic State has ramped up threats against New York City and New York Police Department officers in recent weeks, counterterrorism officials said in interviews.", "categories": [["U.S.", "Crime"]], "category_links": ["https://www.wsj.com/news/us?mod=breadcrumb", "https://www.wsj.com/news/types/ny-crime?mod=breadcrumb"]}, {"link": "https://www.wsj.com/articles/producers-stars-of-bones-settle-with-twentieth-century-fox-11568232582", "title": "Producers, Stars of 'Bones' Settle With Twentieth Century Fox", "date": "2019-09-11 16:09", "summary": "Studio was told to pay $128.5 million in punitive damages to 'Bones' talent; terms of settlement weren't disclosed. The producers and stars of the television crime drama \"Bones\" have settled their legal battle with the Twentieth Century Fox Television studio over $128.5 million in punitive damages that an arbitrator awarded them earlier this year.", "categories": [["Business", "Media & Marketing"]], "category_links": ["https://www.wsj.com/news/business?mod=breadcrumb", "https://www.wsj.com/news/business/media-marketing?mod=breadcrumb"]}, {"link": "https://www.wsj.com/articles/woven-interiors-furnishing-early-medieval-egypt-review-stitching-together-many-cultures-11568232400", "title": "'Woven Interiors: Furnishing Early Medieval Egypt' Review: Stitching Together Many Cultures", "date": "2019-09-11 16:06", "summary": "A show of rare and rarely displayed textiles reveals a wide array of influences in the region.. Washington", "categories": [["Books & Arts", "Exhibition Review"]], "category_links": ["https://www.wsj.com/news/books-arts?mod=breadcrumb", "https://www.wsj.com/news/types/exhibition-review?mod=breadcrumb"]}, {"link": "https://www.wsj.com/articles/democrats-gop-defend-performance-in-north-carolina-special-election-11568232200", "title": "Democrats, GOP Defend Performance in North Carolina Vote", "date": "2019-09-11 16:03", "summary": "Narrow Republican victory in a district Trump carried by 12 points is a sign that winning the House majority could be difficult. WASHINGTON-Both political parties found something to brag about Wednesday after a hard-fought North Carolina special election, as Republicans celebrated victory in a district they have held for decades and Democrats took the tight race as a sign they could hold onto their House majority in 2020.", "categories": [["Politics", "Election 2020"]], "category_links": ["https://www.wsj.com/news/politics?mod=breadcrumb", "https://www.wsj.com/news/types/election-2020?mod=breadcrumb"]}, {"link": "https://www.wsj.com/articles/t-boone-pickens-oilman-known-for-unsolicited-takeover-bids-11568231768", "title": "Photos: T. Boone Pickens Jr., Oilman Known for Unsolicited Takeover Bids", "date": "2019-09-11 15:56", "categories": [[]], "category_links": []}, {"link": "https://www.wsj.com/articles/u-s-government-bonds-fall-as-bond-supply-grows-recession-fears-dim-11568219217", "title": "U.S. Government Bonds Fall as Bond Supply Grows, Recession Fears Dim", "date": "2019-09-11 15:55", "summary": "Weakening comes as report shows producer prices unexpectedly rose last month. U.S. government bond prices fell for a third consecutive session after a report showed producer prices unexpectedly rose last month.", "categories": [["Markets", "Credit Markets"]], "category_links": ["https://www.wsj.com/news/markets?mod=breadcrumb", "https://www.wsj.com/news/types/credit-markets?mod=breadcrumb"]}, {"link": "https://www.wsj.com/articles/tent-courts-open-to-hear-immigration-cases-closed-to-the-public-11568231419", "title": "Immigration Tent Courts Open to Hear Cases, Closed to the Public", "date": "2019-09-11 15:50", "summary": "Unusual setup aimed at relieving backlogged system deviates from U.S. judicial practices. The government opened tent courts under unusual, closed conditions unlike those of other courts in the country to hear the cases of some immigrants seeking asylum.", "categories": [["Politics"]], "category_links": ["https://www.wsj.com/news/politics?mod=breadcrumb"]}, {"link": "https://www.wsj.com/articles/gamestop-shares-fall-as-company-turns-to-store-closures-11568230146", "title": "GameStop Shares Fall as Company Turns to Store Closures", "date": "2019-09-11 15:29", "summary": "The videogame retailer plans to close between 180 and 200 of its roughly 5,700 stores globally by the end of its 2019 fiscal year. Shares of GameStop Corp. plunged on Wednesday as the embattled videogame retailer turns to closing stores to offset declining sales.", "categories": [["Business"]], "category_links": ["https://www.wsj.com/news/business?mod=breadcrumb"]}, {"link": "https://www.wsj.com/articles/trump-sends-regards-to-departed-mr-tough-guy-bolton-11568229515", "title": "Trump Sends Regards to Departed 'Mr. Tough Guy' Bolton", "date": "2019-09-11 15:18", "summary": "The president wished his ousted national security adviser, John Bolton, well-but only after slamming his views on a range of foreign-policy issues. WASHINGTON-President Trump said Wednesday he is looking at five potential candidates to replace his ousted national security adviser, John Bolton, and wished Mr. Bolton well-but only after slamming his views on a range of foreign-policy issues.", "categories": [["Politics"]], "category_links": ["https://www.wsj.com/news/politics?mod=breadcrumb"]}, {"link": "https://www.wsj.com/articles/bank-of-mexico-deputy-governor-sees-room-for-more-interest-rate-cuts-11568228616", "title": "Mexican Central Banker Sees Room for More Rate Cuts", "date": "2019-09-11 15:03", "summary": "Jonathan Heath says Federal Reserve's easing offers 'window of opportunity'. MEXICO CITY-The Bank of Mexico has room to make more interest-rate cuts in coming months if the current downward inflation trend consolidates and the U.S. Federal Reserve remains in easing mode, said deputy governor Jonathan Heath.", "categories": [["Markets"]], "category_links": ["https://www.wsj.com/news/markets?mod=breadcrumb"]}, {"link": "https://www.wsj.com/articles/the-antonio-brown-rape-allegation-presents-an-unprecedented-problem-for-the-nfl-11568228451", "title": "The Antonio Brown Rape Allegation Presents an Unprecedented Problem for the NFL", "date": "2019-09-11 15:00", "summary": "The allegations against the Patriots star came in a civil lawsuit, which presents unusual circumstances for the league as it tries to address the situation. Late Tuesday, the phones of New England Patriots and NFL officials began buzzing with troubling news: Antonio Brown had been accused of rape. Quickly, they knew they had to look into the weighty allegations leveled against one of the league's most high-profile players.", "categories": [["Sports", "NFL"]], "category_links": ["https://www.wsj.com/news/sports?mod=breadcrumb", "https://www.wsj.com/news/types/nfl?mod=breadcrumb"]}, {"link": "https://www.wsj.com/articles/young-relatives-of-9-11-victims-carry-legacy-in-their-names-11568227075", "title": "Young Relatives of 9/11 Victims Carry Legacy in Their Names", "date": "2019-09-11 14:37", "summary": "Resume Subscription. Gary Shamay never met his uncle who died in the Sept. 11, 2001, attacks on the World Trade Center.", "categories": [[]], "category_links": []}, {"link": "https://www.wsj.com/articles/is-sous-vide-the-new-slow-cooker-11568326769", "title": "Is Sous Vide the New Slow Cooker?", "date": "2019-09-11 14:31", "summary": "In 'Sous Vide: Better Home Cooking,' chef Hugh Acheson makes an airtight case for the convenience and consistency of a method once limited to restaurant kitchens. These classic fall recipes make it an easy sell. Though it might sound complicated, \"sous vide\" simply means sealing food in bags and slow-cooking it in a water bath at a precisely controlled temperature, thanks to a gadget called an immersion circulator. In \"Sous Vide: Better Home Cooking\" (Oct. 15, Clarkson Potter), chef Hugh Acheson advocates adopting this restaurant method at home: \"It is a way to efficiently and cleanly make you a better cook, and the often long cook times give you the same freedom that the slow cooker does: the power to walk away from the kitchen and return hours later to a nourishing from-scratch meal.\" These delicious fall recipes from the book are a great place to start.", "categories": [["Life & Work", "Food & Drink"]], "category_links": ["https://www.wsj.com/news/life-work?mod=breadcrumb", "https://www.wsj.com/news/life-work/food-cooking-drink?mod=breadcrumb"]}, {"link": "https://www.wsj.com/articles/children-of-9-11-11568224272", "title": "Children of 9/11", "date": "2019-09-11 14:18", "summary": "Pain and patriotism in the aftermath of the deadly attack.. A ceremony at the 9/11 Memorial in New York City this morning honored the nearly 3,000 Americans killed in the terrorist attacks of Sept. 11, 2001. It's also a day to remember the people they left behind.", "categories": [["Opinion", "Best of the Web"]], "category_links": ["https://www.wsj.com/news/opinion?mod=breadcrumb", "https://www.wsj.com/news/types/best-of-the-web-today?mod=breadcrumb"]}, {"link": "https://www.wsj.com/articles/american-businesses-say-chinas-slowdown-is-a-greater-threat-than-the-trade-war-11568173504", "title": "American Businesses Say China's Slowdown Is a Greater Threat Than the Trade War", "date": "2019-09-11 14:07", "summary": "For years, U.S. companies in Shanghai have been steadfastly optimistic about opportunities in China. That's starting to change.. SHANGHAI-American companies are downshifting in China as its economy slows and trade tensions with the U.S. persist, according to a new survey that highlights softening revenue, reduced investment and job cutbacks.", "categories": [["Business"]], "category_links": ["https://www.wsj.com/news/business?mod=breadcrumb"]}, {"link": "https://www.wsj.com/articles/china-detains-taiwanese-businessman-11568204626", "title": "China Detains Taiwanese Businessman", "date": "2019-09-11 14:05", "summary": "Lee Meng-chu is held on national-security grounds after sharing images of Hong Kong protests. A Taiwanese businessman has been detained in southern China on national-security grounds, after he shared images with friends in Taiwan of the antigovernment protests in Hong Kong.", "categories": [["World", "Asia", "China"]], "category_links": ["https://www.wsj.com/news/world?mod=breadcrumb", "https://www.wsj.com/news/types/asia-news?mod=breadcrumb", "https://www.wsj.com/news/types/china-news?mod=breadcrumb"]}, {"link": "https://www.wsj.com/articles/oxford-tops-global-university-rankings-as-china-continues-to-make-gains-11568224800", "title": "Oxford Tops Global University Rankings, as China Gains Anew", "date": "2019-09-11 14:00", "summary": "U.S. remains top overall, but it faces a growing threat as China ramps up higher-education spending. The University of Oxford in the U.K. topped a list of the best universities in the world for the fourth straight year, and the California Institute of Technology rose to No. 2.", "categories": [["U.S.", "Education"]], "category_links": ["https://www.wsj.com/news/us?mod=breadcrumb", "https://www.wsj.com/news/types/education?mod=breadcrumb"]}, {"link": "https://www.wsj.com/articles/teaching-hotels-why-you-might-want-to-stay-in-one-11568223688", "title": "Teaching Hotels: Why You Might Want to Stay in One", "date": "2019-09-11 13:41", "summary": "At teaching hotels, including Cornell University's Statler, you don't just get top-of-the-class service, you're part of the lesson plan. Plus: Hotel pros on how to score an upgrade and other tips on acing a hotel stay. IMAGINE A HOTEL staffed primarily by college students. What comes to mind? A concierge ready to advise on the neighborhood's cheapest nachos? A lounge permanently set up for beer pong? Housekeeping you'd best not examine too closely, if my old dorm is at all representative?", "categories": [["Life & Work", "Travel"]], "category_links": ["https://www.wsj.com/news/life-work?mod=breadcrumb", "https://www.wsj.com/news/magazine/travel?mod=breadcrumb"]}, {"link": "https://www.wsj.com/articles/u-k-parliament-suspension-is-ruled-unlawful-by-scottish-court-11568196244", "title": "U.K. Parliament Suspension Is Ruled Unlawful by Scottish Court", "date": "2019-09-11 13:36", "summary": "The decision will now head to the Supreme Court for a final ruling setting up an unusual showdown. LONDON-Prime Minister Boris Johnson's decision to suspend Parliament for several weeks has been ruled unlawful by Scotland's highest civil court, setting the stage for a rare showdown in the U.K.'s Supreme Court between the government and its opponents.", "categories": [["World", "Europe"]], "category_links": ["https://www.wsj.com/news/world?mod=breadcrumb", "https://www.wsj.com/news/types/europe-news?mod=breadcrumb"]}, {"link": "https://www.wsj.com/articles/apples-stream-wont-drown-rivals-11568223222", "title": "Apple's Stream Won't Drown Rivals", "date": "2019-09-11 13:33", "summary": "Despite low price, Apple's limited TV+ offering is unlikely to dent Netflix, Disney and other streaming services. Apple Inc. appeared to make a very un-Apple-like move with the low price of its coming TV streaming service. The iPhone maker actually had little choice.", "categories": [["Markets", "Heard on the Street"]], "category_links": ["https://www.wsj.com/news/markets?mod=breadcrumb", "https://www.wsj.com/news/heard-on-the-street?mod=breadcrumb"]}, {"link": "https://www.wsj.com/articles/want-to-be-a-better-spouse-these-apps-teach-thoughtfulness-11568223031", "title": "Want to Be a Better Spouse? These Apps Teach Thoughtfulness.", "date": "2019-09-11 13:30", "summary": "Struggling to be a more considerate and engaged partner? These new apps make suggestions, effectively training you in love. TODAY, SMARTPHONE apps can spur new friendships, diverting love affairs, even stable marriages. In his book \"Dataclysm,\" OkCupid co-founder Christian Rudder analyzes data that suggests meeting digitally may even be the most efficient route.", "categories": [["Tech", "Personal Tech", "Gear & Gadgets"]], "category_links": ["https://www.wsj.com/news/technology?mod=breadcrumb", "https://www.wsj.com/news/types/personal-technology-joanna-stern?mod=breadcrumb", "https://www.wsj.com/news/types/gear?mod=breadcrumb"]}, {"link": "https://www.wsj.com/articles/electric-cars-dominate-frankfurt-auto-show-11568201099", "title": "Electric Cars Dominate Frankfurt Auto Show", "date": "2019-09-11 13:29", "summary": "Resume Subscription. FRANKFURT-European auto makers have plowed tens of billions of dollars into developing electric cars and hybrids to comply with stricter restrictions on tailpipe emissions. Now they face the challenge of selling those vehicles.", "categories": [[]], "category_links": []}, {"link": "https://www.wsj.com/articles/plan-ahead-to-avoid-this-frustration-at-the-airport-11568194201", "title": "The Clock Is Ticking for Millions of Fliers to Update Their IDs", "date": "2019-09-11 13:21", "summary": "After nearly 15 years, the deadline to get a REAL ID driver's license is finally approaching; travelers without one will have to use their passports even for domestic flights. A major hassle is coming for millions of travelers: Your driver's license may not be accepted as valid identification at TSA checkpoints 13 months from now.", "categories": [["Life & Work", "Travel", "The Middle Seat"]], "category_links": ["https://www.wsj.com/news/life-work?mod=breadcrumb", "https://www.wsj.com/news/magazine/travel?mod=breadcrumb", "https://www.wsj.com/news/types/the-middle-seat?mod=breadcrumb"]}, {"link": "https://www.wsj.com/articles/a-new-land-rover-drops-and-other-scenes-from-the-auto-show-11568215088", "title": "A New Land Rover Drops, and Other Scenes From the Auto Show", "date": "2019-09-11 12:53", "summary": "Car makers show off digital displays and talk about China at the IAA Frankfurt Motor Show. Electric cars captured the spotlight at this year's Frankfurt auto show, but there was still plenty of other buzz on the floor. Here are the highlights.", "categories": [["Business", "Autos & Transportation", "Autos Industry"]], "category_links": ["https://www.wsj.com/news/business?mod=breadcrumb", "https://www.wsj.com/news/business/transportation?mod=breadcrumb", "https://www.wsj.com/news/types/autos?mod=breadcrumb"]}, {"link": "https://www.wsj.com/articles/as-juul-moves-abroad-its-leaving-some-of-its-u-s-restrictions-behind-11568220036", "title": "As Juul Moves Abroad, It's Leaving Some of Its U.S. Restrictions Behind", "date": "2019-09-11 12:40", "summary": "In new markets including China, e-cigarette startup has lower age limits and sells flavors it restricted in home market. Juul Labs Inc. has imposed several restrictions on its e-cigarette sales to combat underage vaping in the U.S., halting in-store sales of sweet and fruity flavors and backing federal legislation to raise the minimum buying age.", "categories": [["Business"]], "category_links": ["https://www.wsj.com/news/business?mod=breadcrumb"]}, {"link": "https://www.wsj.com/articles/hong-kongs-unwelcome-36-6-billion-british-proposal-11568219232", "title": "Hong Kong's Unwelcome $36.6 Billion British Proposal", "date": "2019-09-11 12:27", "summary": "Hong Kong Exchanges and Clearing needs to offer more to tempt London Stock Exchange to abandon its acquisition of data provider Refintiv. A surprise bid for the London Stock Exchange is unlikely to persuade it to abandon a popular tie-up with data provider Refinitiv.", "categories": [["Markets", "Heard on the Street"]], "category_links": ["https://www.wsj.com/news/markets?mod=breadcrumb", "https://www.wsj.com/news/heard-on-the-street?mod=breadcrumb"]}, {"link": "https://www.wsj.com/articles/the-founders-of-big-ass-fans-have-bought-some-big-time-real-estate-11568217048", "title": "They Sold Their Company for $500 Million, Then Went Real-Estate Shopping", "date": "2019-09-11 11:50", "summary": "The founders of Big Ass Fans have purchased property belonging to prominent names like Malcolm Forbes and Lance Armstrong. But finding homes that fit the bill was anything but a breeze. Carey and Nancy Smith toured 41 New York City homes before finally agreeing this spring to pay almost $20 million for a Greenwich Village townhouse once owned by Malcolm Forbes. Their real-estate agent kept count.", "categories": [["Real Estate", "Homes"]], "category_links": ["https://www.wsj.com/news/realestate?mod=breadcrumb", "https://www.wsj.com/news/types/homes?mod=breadcrumb"]}, {"link": "https://www.wsj.com/articles/global-drop-in-currencies-bruises-investors-11568194207", "title": "Global Currency Decline Bruises Investors", "date": "2019-09-11 11:35", "summary": "Economic concern and U.S.-China trade dispute ripple through markets. Currencies around the world are tumbling to multiyear lows, bruising investors' portfolios and fanning the flames of a global trade war.", "categories": [["Markets"]], "category_links": ["https://www.wsj.com/news/markets?mod=breadcrumb"]}, {"link": "https://www.wsj.com/articles/aramco-ipo-economic-slowdown-to-weigh-on-opec-meeting-11568216015", "title": "Aramco IPO, Economic Slowdown to Weigh on OPEC Meeting", "date": "2019-09-11 11:33", "summary": "Cartel and its allies meet in the United Arab Emirates under new pressure to shore up oil prices. ABU DHABI-The Organization of the Petroleum Exporting Countries and its oil-producing allies are under considerable pressure ahead of a technical meeting Thursday, as fresh forecasts point to declining global demand growth for oil and a potential world-wide economic slowdown.", "categories": [["Markets", "Commodities", "Oil Markets"]], "category_links": ["https://www.wsj.com/news/markets?mod=breadcrumb", "https://www.wsj.com/market-data/commodities?mod=breadcrumb", "https://www.wsj.com/news/types/oil-markets?mod=breadcrumb"]}, {"link": "https://www.wsj.com/articles/nissan-management-withholds-full-ghosn-report-from-board-11568215373", "title": "Nissan Management Withholds Full Ghosn Report From Board", "date": "2019-09-11 11:22", "summary": "Directors expected to get the full report at their scheduled meeting but received a five-page summary instead. Nissan Motor Co. 's management has yet to give Nissan's board the complete version of a 170-page report detailing alleged wrongdoing by former Chairman Carlos Ghosn, drawing complaints from some directors, according to people familiar with the discussions.", "categories": [["WSJ News Exclusive", "Autos Industry"]], "category_links": ["https://www.wsj.com/news/types/autos?mod=breadcrumb"]}, {"link": "https://www.wsj.com/articles/another-koizumi-politician-climbs-the-ranks-in-japan-11568214932", "title": "Another Koizumi Politician Climbs the Ranks in Japan", "date": "2019-09-11 11:15", "summary": "Shinjiro Koizumi, viewed as a possible candidate for prime minister, is named environment minister in cabinet reshuffle. TOKYO-Youthful political scion Shinjiro Koizumi, a possible successor to Prime Minister Shinzo Abe, gained his first cabinet post-and he may become the first cabinet minister in Japan to take paternity leave.", "categories": [["World", "Asia", "Japan"]], "category_links": ["https://www.wsj.com/news/world?mod=breadcrumb", "https://www.wsj.com/news/types/asia-news?mod=breadcrumb", "https://www.wsj.com/news/types/japan-news?mod=breadcrumb"]}, {"link": "https://www.wsj.com/articles/social-security-expansion-under-consideration-would-boost-payroll-taxes-11568205819", "title": "Social Security Expansion Being Debated Would Raise Payroll Taxes", "date": "2019-09-11 10:57", "summary": "Lawmakers push for fall committee vote on measure that would shore up and expand program by pulling more from paychecks. WASHINGTON-House Democrats are debating whether to advance a significant expansion of Social Security that would extend the program's solvency and increase benefits by raising taxes on top earners and middle-income workers.", "categories": [["Politics"]], "category_links": ["https://www.wsj.com/news/politics?mod=breadcrumb"]}, {"link": "https://www.wsj.com/articles/the-9-11-generation-comes-of-age-11568213715", "title": "The 9/11 Generation Comes of Age", "date": "2019-09-11 10:55", "summary": "18 years later, young Americans who were born after al Qaeda's assault are starting college and deploying to fight abroad. It's always difficult to determine precisely when an epochal event makes the transition from memory to history, but 2019 may well mark that moment for the terrorist attacks of Sept. 11, 2001.", "categories": [["Life & Work", "Ideas", "Essay"]], "category_links": ["https://www.wsj.com/news/life-work?mod=breadcrumb", "https://www.wsj.com/news/life-work/ideas?mod=breadcrumb", "https://www.wsj.com/news/types/essay?mod=breadcrumb"]}, {"link": "https://www.wsj.com/articles/team-usa-lost-to-france-and-it-wasnt-a-fluke-11568213076", "title": "Team USA Lost to France, and It Wasn't a Fluke", "date": "2019-09-11 10:44", "summary": "The best American players aren't playing. The rest of the world is getting better. And now Team USA is leaving the World Cup without a medal.. A star from Greece won the Most Valuable Player award, a phenom from Slovenia by way of Spain won Rookie of the Year honors and the last NBA season had so much global influence that it felt oddly appropriate for the championship to be won by the only team outside the U.S.", "categories": [["Sports", "NBA"]], "category_links": ["https://www.wsj.com/news/sports?mod=breadcrumb", "https://www.wsj.com/news/types/nba?mod=breadcrumb"]}, {"link": "https://www.wsj.com/articles/nation-marks-18th-anniversary-of-9-11-11568212796", "title": "Nation Marks 9/11 Anniversary", "date": "2019-09-11 10:39", "summary": "U.S. honors those lost in the terrorist attacks on Sept. 11, 2001. We are delighted that you'd like to resume your subscription.", "categories": [[]], "category_links": []}, {"link": "https://www.wsj.com/articles/how-to-get-rid-of-carbon-emissions-pay-farmers-to-bury-them-11568211869", "title": "How to Get Rid of Carbon Emissions: Pay Farmers to Bury Them", "date": "2019-09-11 10:24", "summary": "'Regenerative growing practices' sequester in the soil carbon released from burning fossil fuels. ", "categories": [["Economy", "Capital Account"]], "category_links": ["https://www.wsj.com/news/economy?mod=breadcrumb", "https://www.wsj.com/news/types/capital-account?mod=breadcrumb"]}, {"link": "https://www.wsj.com/articles/belgium-has-no-government-anheuser-busch-thought-it-could-help-11568211659", "title": "Can Beer Help Bridge a Divided Nation? Anheuser-Busch Gave It a Try.", "date": "2019-09-11 10:21", "summary": "Resume Subscription. WARSAGE, Belgium-For months, a deeply polarized Belgium has been without a government. This, after the country had already achieved a spot in Guinness World Records for the longest time without a government in peacetime, after elections in 2010 (541 days).", "categories": [[]], "category_links": []}, {"link": "https://www.wsj.com/articles/u-s-sanctions-tighten-putins-circle-extend-kremlins-reach-11568194204", "title": "U.S. Sanctions Tighten Putin's Circle, Extend Kremlin's Reach", "date": "2019-09-11 10:07", "summary": "Resume Subscription. MOSCOW-When U.S. sanctions forced Western banks to call in more than $200 million in loans from Oleg Deripaska's automobile manufacturer last year, the Russian tycoon turned to a deep-pocketed backer to bail him out: the Kremlin.", "categories": [[]], "category_links": []}, {"link": "https://www.wsj.com/articles/republican-dan-bishop-wins-north-carolina-congressional-seat-with-trumps-support-11568168459", "title": "Republican Dan Bishop Wins North Carolina Congressional Seat", "date": "2019-09-11 10:04", "summary": "Do-over vote stemming from ballot tampering seen as bellwether for the 2020 election. CHARLOTTE, N.C.-Voters in a conservative congressional district picked President Trump ally Republican Dan Bishop in Tuesday's special election instead of a Democrat who had promised to seek compromise in Washington.", "categories": [["Politics"]], "category_links": ["https://www.wsj.com/news/politics?mod=breadcrumb"]}, {"link": "https://www.wsj.com/articles/gm-recalls-3-5-million-trucks-suvs-over-brake-defect-11568210253", "title": "GM Recalls 3.5 Million Trucks, SUVs Over Brake Defect", "date": "2019-09-11 09:57", "summary": "Order covers vehicles from model years 2014-2018. General Motors Co. is recalling about 3.5 million late-model pickup trucks and sport-utility vehicles in the U.S. to fix a problem that makes it harder for drivers to apply the brakes, increasing the risks of crashing.", "categories": [["Business", "Autos & Transportation", "Autos Industry"]], "category_links": ["https://www.wsj.com/news/business?mod=breadcrumb", "https://www.wsj.com/news/business/transportation?mod=breadcrumb", "https://www.wsj.com/news/types/autos?mod=breadcrumb"]}, {"link": "https://www.wsj.com/articles/another-15-central-park-west-condo-hits-the-market-this-time-for-65-million-11568208639", "title": "15 Central Park West Condo Hits the Market for $65 Million", "date": "2019-09-11 09:30", "summary": "The 5,902-square-foot duplex includes 1,071 square feet of outdoor space, with views of the park. A sprawling penthouse at 15 Central Park West, one of New York City's most expensive condo buildings, is coming on the market for $65 million.", "categories": [["WSJ News Exclusive", "Private Properties"]], "category_links": ["https://www.wsj.com/news/types/private-properties?mod=breadcrumb"]}, {"link": "https://www.wsj.com/articles/a-sprawling-penthouse-at-15-central-park-west-11568207576", "title": "A Sprawling Penthouse at 15 Central Park West", "date": "2019-09-11 09:12", "summary": "Overlooking Central Park, the 5,902-square-foot, four-bedroom duplex comes with a wraparound terrace and a curving staircase.. We are delighted that you'd like to resume your subscription.", "categories": [[]], "category_links": []}, {"link": "https://www.wsj.com/articles/democrats-make-play-for-texas-delegate-prize-ahead-of-debate-11568206861", "title": "Democrats Make Play for Texas' Delegate Prize Ahead of Debate", "date": "2019-09-11 09:01", "summary": "With 228 Super Tuesday delegates up for grabs, Lone Star State is a battleground for primary as well as general election. AUSTIN, Texas-Massachusetts Sen. Elizabeth Warren played up her early years in Texas during a stump speech in the state capital Tuesday night.", "categories": [["Politics", "Election 2020"]], "category_links": ["https://www.wsj.com/news/politics?mod=breadcrumb", "https://www.wsj.com/news/types/election-2020?mod=breadcrumb"]}, {"link": "https://www.wsj.com/articles/retail-bankruptcies-rise-store-closures-skyrocket-in-first-half-of-2019-11568206800", "title": "Retail Bankruptcies Rise, Store Closures Jump in First Half of 2019", "date": "2019-09-11 09:00", "summary": "Store closures in the first six months of the year have already exceeded the number of bricks-and-mortar stores closed in all of 2018. The pace of retail bankruptcies and store closures in the U.S. has accelerated so far this year compared with 2018, due in part to last year's lackluster holiday shopping season, a new report finds.", "categories": [["Pro Bankruptcy"]], "category_links": ["https://www.wsj.com/pro/bankruptcy?mod=breadcrumb"]}, {"link": "https://www.wsj.com/articles/the-rise-and-fall-of-the-front-porch-11568206837", "title": "The Rise and Fall of the Front Porch", "date": "2019-09-11 09:00", "summary": "Once a staple for socializing and keeping cool, the porch has faded in popularity thanks to cars and modern architecture. There is perhaps no architectural feature that conveys a sense of home, warmth and community like the front porch. And yet, what was once a staple of American life is often skipped in modern homes. What happened to the porch?", "categories": [["Real Estate", "Homes"]], "category_links": ["https://www.wsj.com/news/realestate?mod=breadcrumb", "https://www.wsj.com/news/types/homes?mod=breadcrumb"]}, {"link": "https://www.wsj.com/articles/homes-that-put-porches-front-and-center-11568206800", "title": "Homes That Put Porches Front and Center", "date": "2019-09-11 09:00", "summary": "A look at five houses with front porches around the country.. We are delighted that you'd like to resume your subscription.", "categories": [[]], "category_links": []}, {"link": "https://www.wsj.com/articles/why-wework-is-struggling-to-sell-its-story-to-new-investors-11568206801", "title": "Why WeWork Is Struggling to Sell Its Story to Investors", "date": "2019-09-11 09:00", "summary": "The shared-office company is having a hard time convincing potential public-market investors it's worth the $47 billion private investors have valued it at. WeWork's parent, We Co., has raised billions of dollars from private investors, including SoftBank Group Corp. at a $47 billion valuation. The shared-office company is having a harder time convincing potential public-market investors it's worth even half that much ahead of a planned initial public offering. Here are some of the issues investors are weighing as they scrutinize the business and growth prospects of We, which declined to comment.", "categories": [["Business"]], "category_links": ["https://www.wsj.com/news/business?mod=breadcrumb"]}, {"link": "https://www.wsj.com/articles/stocks-to-watch-gamestop-dave-busters-exxon-mobil-roku-and-more-11568197752", "title": "Stocks to Watch: GameStop, Dave & Buster's, Roku and More", "date": "2019-09-11 08:35", "summary": "Resume Subscription. Here are some of the companies with shares expected to trade actively in Wednesday's session. Stock movements noted by ticker reflect movements during regular trading hours.", "categories": [["Markets", "MoneyBeat"]], "category_links": ["https://www.wsj.com/news/markets?mod=breadcrumb", "https://www.wsj.com/news/types/moneybeat?mod=breadcrumb"]}, {"link": "https://www.wsj.com/articles/inside-john-pawsons-sleekly-minimalist-cotswolds-home-11568205126", "title": "Inside John Pawson's Sleekly Minimalist Cotswolds Home", "date": "2019-09-11 08:32", "summary": "The pioneering architect who elevated nothingness to an art form has just completed a project in the English countryside for his most demanding client: himself.. If there's a thread that runs through most of John Pawson's work, it is his unwillingness to water down any part of his vision of how things ought to be. Pawson, 70, is a patriarch of minimalism in architecture. For the past 30-odd years he has explored the richness of empty space in stores for Calvin Klein and Jil Sander, hotels for Ian Schrager and various monasteries, churches and museums. But it's mostly on behalf of private clients-Jann Wenner and Fabien Baron, to name two-who believe that, as the old saying goes, simplicity is the ultimate sophistication.", "categories": [["Art & Design"]], "category_links": ["https://www.wsj.com/news/magazine/art-design?mod=breadcrumb"]}, {"link": "https://www.wsj.com/articles/inside-john-pawsons-sleekly-minimalist-cotswolds-home-11568205035", "title": "Inside John Pawson's Sleekly Minimalist Cotswolds Home", "date": "2019-09-11 08:30", "summary": "The pioneering architect who elevated nothingness to an art form has just completed a project in the English countryside for his most demanding client: himself.. We are delighted that you'd like to resume your subscription.", "categories": [[]], "category_links": []}, {"link": "https://www.wsj.com/articles/the-not-quite-impeachment-probe-in-the-house-11568204448", "title": "The Not-Quite-Impeachment Probe in the House", "date": "2019-09-11 08:20", "summary": "Resume Subscription. This item first appeared in the Capital Journal newsletter. Read today's full newsletter here or sign up here for daily updates in your inbox.", "categories": [["Politics", "Political Intelligence"]], "category_links": ["https://www.wsj.com/news/politics?mod=breadcrumb", "https://www.wsj.com/news/types/political-intelligence?mod=breadcrumb"]}, {"link": "https://www.wsj.com/articles/hong-kong-is-the-lung-through-which-chinese-banks-breathe-11568203220", "title": "Hong Kong Is the Lung Through Which Chinese Banks Breathe", "date": "2019-09-11 08:00", "summary": "The city's GDP relative to China's keeps shrinking, but that belies its role in the country's banking system. \"The naked truth about Hong Kong's future can be summed up in two words: It's over,\" said Fortune Magazine.", "categories": [["Markets", "Heard on the Street"]], "category_links": ["https://www.wsj.com/news/markets?mod=breadcrumb", "https://www.wsj.com/news/heard-on-the-street?mod=breadcrumb"]}, {"link": "https://www.wsj.com/articles/chicken-mansion-redefines-betting-the-farm-11568201401", "title": "Chicken Mansion Redefines Betting the Farm", "date": "2019-09-11 07:30", "summary": "The estate owned by the late founder of Pilgrim's Pride is headed for auction in East Texas. Talk about a hen house.", "categories": [["Markets", "Overheard"]], "category_links": ["https://www.wsj.com/news/markets?mod=breadcrumb", "https://www.wsj.com/news/types/overheard?mod=breadcrumb"]}, {"link": "https://www.wsj.com/articles/introducing-prosus-a-rare-european-mega-tech-company-stock-11568200484", "title": "Introducing Prosus: A Rare European Mega-Tech Stock", "date": "2019-09-11 07:14", "summary": "Prosus shares soared on their debut, instantly narrowing a valuation gap its parent company Naspers suffered on its massive stake in China's Tencent. Shares in an internet conglomerate that is the largest shareholder in China's Tencent Holdings Ltd. soared Wednesday, after listing its assets under the name Prosus NV in Amsterdam-instantly creating a rare European tech giant.", "categories": [["Markets"]], "category_links": ["https://www.wsj.com/news/markets?mod=breadcrumb"]}, {"link": "https://www.wsj.com/articles/boltons-departure-removes-a-brake-on-trumps-foreign-policy-11568149789", "title": "Bolton's Departure Removes a Counterweight to Trump's Foreign Policy", "date": "2019-09-11 07:07", "summary": "National security adviser's exit makes it more likely Trump will redouble personal diplomacy with Iran and other countries. President Trump has rewritten the U.S. foreign policy playbook with his willingness to meet anyone and go anywhere to get a deal. With his hawkish national security adviser John Bolton gone, Mr. Trump has removed one of the last dissenting voices on his impulses and instincts.", "categories": [["Politics"]], "category_links": ["https://www.wsj.com/news/politics?mod=breadcrumb"]}, {"link": "https://www.wsj.com/articles/pg-e-shouldnt-leave-its-heart-in-san-francisco-11568199781", "title": "PG&E Shouldn't Leave Its Heart in San Francisco", "date": "2019-09-11 07:03", "summary": "Grappling with wildfires is a shared responsibility, which worsens as good assets are sold. San Francisco's entrance into the fight over PG&E 's scraps may not do anyone, including its own residents, any favors.", "categories": [["Markets", "Heard on the Street"]], "category_links": ["https://www.wsj.com/news/markets?mod=breadcrumb", "https://www.wsj.com/news/heard-on-the-street?mod=breadcrumb"]}, {"link": "https://www.wsj.com/articles/chinas-field-of-dreams-attitude-to-opening-markets-wont-work-11568198199", "title": "China's Field of Dreams Attitude to Opening Markets Won't Work", "date": "2019-09-11 06:36", "summary": "The quotas on western investment into Chinese financial markets are no longer the main limiting factor on inflows. If we open it, they will come. Or so the logic of the Chinese government goes, when it comes to Western investment in its financial markets. That dream is unlikely to become reality.", "categories": [["Markets", "Heard on the Street"]], "category_links": ["https://www.wsj.com/news/markets?mod=breadcrumb", "https://www.wsj.com/news/heard-on-the-street?mod=breadcrumb"]}, {"link": "https://www.wsj.com/articles/sonos-can-pump-up-the-volume-11568197800", "title": "Sonos Can Pump Up the Volume", "date": "2019-09-11 06:30", "summary": "Embattled speaker maker's stock is hot again, but valuation still leaves room for gains. Hardware companies are hard for investors to love. Sonos has been making that easier lately.", "categories": [["Markets", "Heard on the Street"]], "category_links": ["https://www.wsj.com/news/markets?mod=breadcrumb", "https://www.wsj.com/news/heard-on-the-street?mod=breadcrumb"]}, {"link": "https://www.wsj.com/articles/bank-bounce-may-not-stick-11568196001", "title": "Bank Bounce May Not Stick", "date": "2019-09-11 06:00", "summary": "Bank stocks have rallied on a sharp rebound in interest rates, but banker comments at an investor conference stressed challenges ahead. A leap in Treasury yields has markets behaving as if the worst is over for banks. But lenders still face a number of bad choices at the moment.", "categories": [["Markets", "Heard on the Street"]], "category_links": ["https://www.wsj.com/news/markets?mod=breadcrumb", "https://www.wsj.com/news/heard-on-the-street?mod=breadcrumb"]}, {"link": "https://www.wsj.com/articles/investor-hopes-for-cheaper-money-in-europe-dim-11568194521", "title": "Investor Hopes for Cheaper Money in Europe Dim", "date": "2019-09-11 05:35", "summary": "Yields on European government bonds have ticked up as the market pares back expectations for quantitative easing. A month ago, investors were betting the European Central Bank would make a splash. Now they're not so sure.", "categories": [["Markets"]], "category_links": ["https://www.wsj.com/news/markets?mod=breadcrumb"]}, {"link": "https://www.wsj.com/articles/flooded-missouri-river-towns-wrestle-with-their-futures-11568194201", "title": "Flooded Missouri River Towns Wrestle With Their Futures", "date": "2019-09-11 05:30", "summary": "Resume Subscription. WINSLOW, Neb.-Six months after floods submerged this tiny community in eastern Nebraska, many residents want to pick up the entire village and move it to higher ground.", "categories": [[]], "category_links": []}, {"link": "https://www.wsj.com/articles/hong-kong-soccer-fans-boo-chinese-anthemwhile-they-still-can-11568135746", "title": "Hong Kong Soccer Fans Boo Chinese Anthem-While They Still Can", "date": "2019-09-11 02:07", "summary": "Display violates terms of a stalled bill to criminalize insults to anthem as protests increasingly direct ire at China. HONG KONG-After pro-democracy protests fizzled out five years ago, fans of the city's soccer team took to booing performances of the Chinese national anthem before international matches. Three years later, Beijing moved to criminalize such unpatriotic behavior.", "categories": [["World", "Asia", "China"]], "category_links": ["https://www.wsj.com/news/world?mod=breadcrumb", "https://www.wsj.com/news/types/asia-news?mod=breadcrumb", "https://www.wsj.com/news/types/china-news?mod=breadcrumb"]}, {"link": "https://www.wsj.com/articles/ground-zero-ceremony-marks-18th-anniversary-of-9-11-attacks-11568214162", "title": "Ground Zero Ceremony Marks 18th Anniversary of 9/11 Attacks", "date": "2019-09-11 00:01", "summary": "Resume Subscription. NEW YORK-Marjorie Miller returns often to the place where her husband died, now a memorial of black stone and falling water. But it is on the anniversary of his death that she is most drawn to the site where two 110-story towers stood until Sept. 11, 2001.", "categories": [[]], "category_links": []}, {"link": "https://www.wsj.com/articles/new-york-citys-income-inequality-gap-hasnt-changed-report-says-11568174460", "title": "New York City's Income-Inequality Gap Hasn't Changed, Report Says", "date": "2019-09-11 00:01", "summary": "A conservative think tank's analysis of U.S. Census data shows Mayor Bill de Blasio has made only modest gains in closing disparities. Mayor Bill de Blasio campaigned on a promise to end income inequality in New York City, but a report finds the city has only made modest gains in closing the gap between its richest and poorest residents.", "categories": [["U.S.", "New York"]], "category_links": ["https://www.wsj.com/news/us?mod=breadcrumb", "https://www.wsj.com/news/types/new-york?mod=breadcrumb"]}, {"link": "https://www.wsj.com/articles/oilman-t-boone-pickens-jr-dies-11568225782", "title": "Oilman T. Boone Pickens Jr. Dies", "date": "2019-09-11 00:01", "summary": "A pioneer in hostile takeovers, he made a name for himself with a string of unsolicited bids for larger oil companies. T. Boone Pickens Jr., an oil prospector and pioneer in hostile takeovers whose folksy wit made him one of America's most recognizable business leaders, has died at age 91.", "categories": [["World", "Obituaries"]], "category_links": ["https://www.wsj.com/news/world?mod=breadcrumb", "https://www.wsj.com/news/types/obituaries?mod=breadcrumb"]}, {"link": "https://www.wsj.com/articles/pepper-and-salt-11568139070", "title": "Pepper...and Salt", "date": "2019-09-11 00:01", "summary": "Resume Subscription. We are delighted that you'd like to resume your subscription.", "categories": [["Opinion", "Pepper & Salt"]], "category_links": ["https://www.wsj.com/news/opinion?mod=breadcrumb", "https://www.wsj.com/news/types/pepper-salt?mod=breadcrumb"]}, {"link": "https://www.wsj.com/articles/white-house-congress-struggle-to-find-common-ground-on-gun-legislation-11568154341", "title": "White House, Congress Struggle to Find Common Ground on Gun Legislation", "date": "2019-09-11 23:32"}, {"link": "https://www.wsj.com/articles/nfl-receiver-antonio-brown-accused-of-rape-in-lawsuit-11568172423", "title": "NFL Receiver Antonio Brown Accused of Rape in Lawsuit", "date": "2019-09-11 23:27", "summary": "Player denies 'each and every allegation,' lawyer says in statement. New England Patriots receiver Antonio Brown, who recently joined the Super Bowl champions after two other teams, has been accused of raping a woman, according to a lawsuit she filed Tuesday.", "categories": [["Sports"]], "category_links": ["https://www.wsj.com/news/sports?mod=breadcrumb"]}, {"link": "https://www.wsj.com/articles/chinas-rising-pork-prices-amplify-beijings-woes-11568135558", "title": "China's Leaders Are Penned In as Citizens Stomach High Pork Prices", "date": "2019-09-11 22:58", "summary": "Resume Subscription. NANNING, China-Beijing has tried a variety of measures in recent weeks to bump up the pork supply and bring down prices after a yearlong outbreak of African swine fever decimated the country's hogs. So far, they haven't been enough.", "categories": [[]], "category_links": []}, {"link": "https://www.wsj.com/articles/when-my-money-and-your-money-becomes-our-money-11568167500", "title": "When My Money and Your Money Becomes Our Money", "date": "2019-09-11 22:05", "summary": "There are a lot of reasons couples combine their finances-and a lot of reasons it can be difficult. For married couples who seek to combine finances after years of keeping their own accounts, the process is rarely as simple as saying, \"I do.\"", "categories": [["Markets", "Journal Reports: Wealth Management"]], "category_links": ["https://www.wsj.com/news/markets?mod=breadcrumb", "https://www.wsj.com/news/types/journal-reports-wealth-management?mod=breadcrumb"]}, {"link": "https://www.wsj.com/articles/what-generation-is-leading-the-way-in-esg-investing-youll-be-surprised-11568167440", "title": "What Generation Is Leading the Way in ESG Investing? You'll Be Surprised.", "date": "2019-09-11 22:04", "summary": "It isn't millennials, the generation that gets most of the attention for driving awareness of ESG issues. Millennials get most of the attention in the world of values-based investing. But growing interest from an older slice of the population-Generation X-and their deeper pockets is helping propel sustainable investing into the mainstream.", "categories": [["Markets", "Journal Reports: Wealth Management"]], "category_links": ["https://www.wsj.com/news/markets?mod=breadcrumb", "https://www.wsj.com/news/types/journal-reports-wealth-management?mod=breadcrumb"]}, {"link": "https://www.wsj.com/articles/ins-and-outs-of-settling-with-the-irs-11568167380", "title": "Ins and Outs of Settling With the IRS", "date": "2019-09-11 22:03", "summary": "It isn't easy to settle your tax debts for less than you owe, but it is possible. Here is what taxpayers need to know. Here is an idea that probably sounds like a guaranteed waste of time: Ask the Internal Revenue Service to settle your tax debts for less than you owe.", "categories": [["Markets", "Journal Reports: Wealth Management"]], "category_links": ["https://www.wsj.com/news/markets?mod=breadcrumb", "https://www.wsj.com/news/types/journal-reports-wealth-management?mod=breadcrumb"]}, {"link": "https://www.wsj.com/articles/one-argument-for-radical-income-transparency-11568167323", "title": "One Argument for Radical Income Transparency", "date": "2019-09-11 22:02", "summary": "Our research suggests that disagreements about government spending may be partly based on misperceptions about how much others make. How much do people actually know about the income and wealth of people who live around them? And how does what they think they know skew the way they think about government taxes and spending?", "categories": [["Markets", "Journal Reports: Wealth Management"]], "category_links": ["https://www.wsj.com/news/markets?mod=breadcrumb", "https://www.wsj.com/news/types/journal-reports-wealth-management?mod=breadcrumb"]}, {"link": "https://www.wsj.com/articles/game-plan-financial-advice-for-a-small-farmer-looking-to-expand-11568167260", "title": "Game Plan: Financial Advice for a Small Farmer Looking to Expand", "date": "2019-09-11 22:01", "summary": "Jesse Veek left the business world to become a farmer. A financial pro offers advice on how to grow the business and bolster his finances. After studying business in college and working a number of jobs after graduation, Jesse Veek decided office life wasn't for him. So, two years ago, he decided to try his hand at farming, growing crops on 2 acres in Edgerton, Wis., that he leases for $175 a year, per acre.", "categories": [["Markets", "Journal Reports: Wealth Management"]], "category_links": ["https://www.wsj.com/news/markets?mod=breadcrumb", "https://www.wsj.com/news/types/journal-reports-wealth-management?mod=breadcrumb"]}, {"link": "https://www.wsj.com/articles/appraising-inherited-or-donated-artwork-11568167200", "title": "What You Need to Know About Valuing Inherited or Donated Art", "date": "2019-09-11 22:00", "summary": "Failure to correctly determine the fair market value of inherited or donated art can lead to costly dealings with the IRS. People who inherit artwork, or donate a piece to a museum or other nonprofit face a common goal: Don't run afoul of the Internal Revenue Service.", "categories": [["Markets", "Journal Reports: Wealth Management"]], "category_links": ["https://www.wsj.com/news/markets?mod=breadcrumb", "https://www.wsj.com/news/types/journal-reports-wealth-management?mod=breadcrumb"]}, {"link": "https://www.wsj.com/articles/trump-administration-weighs-action-to-combat-homelessness-in-california-11568157251", "title": "Trump Administration Weighs Action on Homelessness in California", "date": "2019-09-11 21:44", "summary": "Federal officials visit Los Angeles ahead of president's fundraising swing next week. The Trump administration said it may try to help get homeless people in California off the streets, a move that comes after the president has criticized the state's cities for their handling of the growing problem.", "categories": [["U.S."]], "category_links": ["https://www.wsj.com/news/us?mod=breadcrumb"]}, {"link": "https://www.wsj.com/articles/how-to-make-sense-of-iphone-11-and-the-other-iphone-choices-11568156046", "title": "How to Make Sense of iPhone 11 and the Other iPhone Choices", "date": "2019-09-11 21:27", "summary": "Apple's event brought unsurprising hardware tweaks but a few surprising price changes. The result? A trickier decision for those due for an upgrade.. Not much was expected of Apple Inc. (hardware-wise) on Tuesday and, in that respect, it didn't disappoint. The company delivered upgrades to last year's three iPhone models, plus some minor tweaks to the Apple Watch and iPad lines and an update on its coming subscription services.", "categories": [["Tech", "Personal Tech", "Personal Technology: Review"]], "category_links": ["https://www.wsj.com/news/technology?mod=breadcrumb", "https://www.wsj.com/news/types/personal-technology-joanna-stern?mod=breadcrumb", "https://www.wsj.com/news/types/personal-technology-wilson-rothman?mod=breadcrumb"]}, {"link": "https://www.wsj.com/articles/apple-unveils-new-products-at-annual-showcase-11568137932", "title": "Apple Undercuts Rivals With Streaming Price", "date": "2019-09-11 21:05", "summary": "Along with trio of iPhones and updated smartwatch, the tech giant set prices for TV+ streaming and Arcade videogame services to help boost sales. CUPERTINO, Calif.- Apple Inc. revealed a trio of upgraded iPhones, including a lower-priced model, and detailed its plans to enter the increasingly competitive video-streaming market with an offering that is cheaper than rivals.", "categories": [["Tech"]], "category_links": ["https://www.wsj.com/news/technology?mod=breadcrumb"]}, {"link": "https://www.wsj.com/articles/rape-survivor-could-face-fine-over-n-y-billboards-11568161922", "title": "Rape Survivor Could Face Fine Over N.Y. Billboards", "date": "2019-09-11 20:32", "summary": "Kat Sullivan didn't pay the $200 fee to register as a lobbyist, a state watchdog panel says. Kat Sullivan is a rape survivor who says she spent $14,000 on billboards, some of which urged passage of a New York law to give victims of child sex abuse more legal options.", "categories": [["U.S.", "Tri-State Area"]], "category_links": ["https://www.wsj.com/news/us?mod=breadcrumb", "https://www.wsj.com/news/types/ny-region?mod=breadcrumb"]}, {"link": "https://www.wsj.com/articles/charles-schwab-to-cut-600-employees-or-about-3-of-staff-11568160112", "title": "Charles Schwab Plans Layoffs as Falling Interest Rates Hurt Profit", "date": "2019-09-11 20:23", "summary": "The move comes as firms across Wall Street and beyond grapple with a shift in Federal Reserve policy that took some by surprise. Charles Schwab Corp. is cutting about 600 jobs as it deals with the impact of lower interest rates.", "categories": [["WSJ News Exclusive", "Markets"]], "category_links": ["https://www.wsj.com/news/markets?mod=breadcrumb"]}, {"link": "https://www.wsj.com/articles/trump-says-john-bolton-is-leaving-white-house-11568131727", "title": "John Bolton Ousted by Trump as National Security Adviser", "date": "2019-09-11 20:19", "summary": "'I disagreed strongly with many of his suggestions,' the president said on Twitter, 'therefore I asked John for his resignation'. WASHINGTON-President Trump dismissed John Bolton, his national security adviser, after a contentious debate about Afghan peace talks became the latest of many disputes over foreign policy that exposed differences so severe that the two men couldn't even agree on how the ouster happened.", "categories": [["Politics", "National Security"]], "category_links": ["https://www.wsj.com/news/politics?mod=breadcrumb", "https://www.wsj.com/news/types/national-security?mod=breadcrumb"]}]