[{"link": "https://www.wsj.com/articles/iowa-is-ground-zero-for-gun-debate-as-presidential-hopefuls-weigh-in-11565475968", "title": "Iowa Is Ground Zero for Gun Debate as Presidential Hopefuls Weigh In", "date": "2019-08-10 18:28", "summary": "Activists organize gun-control event on sidelines of the Iowa State Fair, ahead of the state's presidential nomination balloting next February. DES MOINES, Iowa-Beau Hicks said he spoke with his teenage daughter before they arrived Saturday at the Iowa State Fair about how to react in an active-shooter situation.", "categories": [["Politics"]], "category_links": ["https://www.wsj.com/news/politics?mod=breadcrumb"]}, {"link": "https://www.wsj.com/articles/israel-says-it-foiled-large-attack-on-gaza-border-11565441918", "title": "Israel Says It Foiled Large Attack on Gaza Border", "date": "2019-08-10 14:01", "summary": "Soldiers killed four heavily armed men attempting to cross into Israel from the Strip. TEL AVIV-Israel's army said it killed four heavily armed militants from Gaza attempting to cross into the country early Saturday, accusing the Palestinian territory's ruler Hamas of allowing what it called a potential mass-casualty attack.", "categories": [["World", "Middle East"]], "category_links": ["https://www.wsj.com/news/world?mod=breadcrumb", "https://www.wsj.com/news/types/middle-east-news?mod=breadcrumb"]}, {"link": "https://www.wsj.com/articles/hong-kongs-protesters-test-riot-police-in-game-of-cat-and-mouse-11565444342", "title": "Hong Kong's Protesters Test Riot Police With Cat-and-Mouse Tactics", "date": "2019-08-10 10:50", "summary": "Small, mobile groups of protesters blocked roads and tunnels with police chasing them across parts of the city. HONG KONG-Protesters led riot police on a game of cat and mouse, splitting up and moving throughout the city and blocking traffic, as Hong Kong's summer of dissent stretched into a 10th weekend.", "categories": [["World", "Asia"]], "category_links": ["https://www.wsj.com/news/world?mod=breadcrumb", "https://www.wsj.com/news/types/asia-news?mod=breadcrumb"]}, {"link": "https://www.wsj.com/articles/simone-biles-takes-some-risks-at-national-championships-11565446893", "title": "Simone Biles Takes Some Risks at National Championships", "date": "2019-08-10 10:21", "summary": "The greatest gymnast ever stumbles in her competitive debut of a move so hard that no woman has ever done it before in an arena. KANSAS CITY, Missouri-Simone Biles is showing new dimensions at the U.S. national gymnastics championships.", "categories": [["Sports"]], "category_links": ["https://www.wsj.com/news/sports?mod=breadcrumb"]}, {"link": "https://www.wsj.com/articles/north-korea-conducts-fifth-weapons-test-since-july-25-11565388807", "title": "North Korea Conducts Fifth Weapons Test Since July 25", "date": "2019-08-10 09:55", "summary": "Country fires two short-range ballistic missiles hours after Trump expresses optimism about talks. North Korea fired two short-range ballistic missiles off the country's east coast early Saturday, Seoul officials said in an initial assessment, a weapons test that came hours after President Trump expressed optimism about future nuclear talks that remain gridlocked.", "categories": [["World", "Asia"]], "category_links": ["https://www.wsj.com/news/world?mod=breadcrumb", "https://www.wsj.com/news/types/asia-news?mod=breadcrumb"]}, {"link": "https://www.wsj.com/articles/guatemalans-vote-in-election-shadowed-by-migrant-deal-with-u-s-11565439094", "title": "Guatemalans Vote in Election Shadowed by Migrant Deal With U.S.", "date": "2019-08-10 08:11", "summary": "Both candidates have expressed concerns about whether Guatemala is capable of providing migrants with food, shelter and access to health care. ", "categories": [["World", "Latin America"]], "category_links": ["https://www.wsj.com/news/world?mod=breadcrumb", "https://www.wsj.com/news/types/latin-america-news?mod=breadcrumb"]}, {"link": "https://www.wsj.com/articles/that-offer-to-make-you-debt-free-it-can-make-you-worse-off-11565409601", "title": "That Offer to Make You Debt-Free? It Can Make You Worse Off", "date": "2019-08-10 07:58", "summary": "Debt-settlement firms seek out struggling consumers to sell them plans that can leave them with high fees, damaged credit and a tax bill. Early this year, Phoebe Tu was rejected for a $30,000 loan to consolidate her credit-card debt. Within days, the gears were turning in a multibillion-dollar lending machine that enables consumers to borrow and, more recently, has tried to profit as they run into trouble.", "categories": [["Markets"]], "category_links": ["https://www.wsj.com/news/markets?mod=breadcrumb"]}, {"link": "https://www.wsj.com/articles/bill-evanss-influential-interplay-11565434800", "title": "Bill Evans's Influential Interplay", "date": "2019-08-10 07:00", "summary": "The lyrical jazz pianist, born 90 years ago this month, blurred the line between front man and accompanist in his intimate connections with other musicians.. ", "categories": [["Opinion", "Commentary", "Cultural Commentary"]], "category_links": ["https://www.wsj.com/news/opinion?mod=breadcrumb", "https://www.wsj.com/news/types/commentary-u-s?mod=breadcrumb", "https://www.wsj.com/news/types/cultural-commentary?mod=breadcrumb"]}, {"link": "https://www.wsj.com/articles/thomas-coles-refrain-the-paintings-of-catskill-creek-review-elegies-for-an-imperiled-landscape-11565434802", "title": "'Thomas Cole's Refrain: The Paintings of Catskill Creek' Review: Elegies for an Imperiled Landscape", "date": "2019-08-10 07:00", "summary": "An exhibition of the English-born painter's lesser-known Hudson Valley scenes evinces his love for natural beauty and sorrow over its devastation.. ", "categories": [["Books & Arts", "Art Review"]], "category_links": ["https://www.wsj.com/news/books-arts?mod=breadcrumb", "https://www.wsj.com/news/types/art-review?mod=breadcrumb"]}, {"link": "https://www.wsj.com/articles/the-wait-for-payday-doesnt-have-to-be-so-long-11565429401", "title": "The Wait for Payday Doesn't Have to Be So Long", "date": "2019-08-10 05:30", "summary": "As lawmakers push for a faster payments network, companies may look for other ways to deliver paychecks faster. The rhythms of payday are familiar to millions of Americans. Sometimes, it's a fun excuse to splurge; other times, it's a painful wait that forces hard choices.", "categories": [["Business"]], "category_links": ["https://www.wsj.com/news/business?mod=breadcrumb"]}, {"link": "https://www.wsj.com/articles/senior-voters-some-wavering-on-trump-figure-to-shape-2020-election-11565429401", "title": "Some Senior Voters Waver on Trump as 2020 Campaign Picks Up", "date": "2019-08-10 05:30", "summary": "Polling shows the president's 2016 advantage fading as Democrats sharpen policy proposals. The fastest-growing segment of the U.S. electorate is seniors. They supported President Trump in 2016 but aren't squarely in his camp as the 2020 campaign picks up.", "categories": [["Politics"]], "category_links": ["https://www.wsj.com/news/politics?mod=breadcrumb"]}, {"link": "https://www.wsj.com/articles/pepper-and-salt-11565380316", "title": "Pepper...and Salt", "date": "2019-08-10 00:01", "summary": "Resume Subscription. We are delighted that you'd like to resume your subscription.", "categories": [["Opinion", "Pepper & Salt"]], "category_links": ["https://www.wsj.com/news/opinion?mod=breadcrumb", "https://www.wsj.com/news/types/pepper-salt?mod=breadcrumb"]}, {"link": "https://www.wsj.com/articles/how-to-use-irony-on-the-internet-11565409660", "title": "How to Use Irony on the Internet", "date": "2019-08-10 00:01", "summary": "Sarcasm is easily lost when you can't arch an eyebrow, inflect or pause. So, all-lowercase to the rescue.. It's hard to make irony shine through in writing without the full range of eloquent pause, verbal inflection, arched eyebrow and wry lip that we can employ in person. People noticed this problem long before the internet, and many attempted to remedy it. There was Henry Denham, a British printer who used a mirrored question mark to distinguish rhetorical questions in 1575, and John Wilkins, a British scientist who proposed an inverted exclamation mark to indicate irony in 1668.", "categories": [["Life & Work", "Ideas", "Essay"]], "category_links": ["https://www.wsj.com/news/life-work?mod=breadcrumb", "https://www.wsj.com/news/life-work/ideas?mod=breadcrumb", "https://www.wsj.com/news/types/essay?mod=breadcrumb"]}, {"link": "https://www.wsj.com/articles/softbanks-bid-to-build-a-solar-power-empire-founders-11565409688", "title": "SoftBank's Bid to Build a Solar-Power Empire Founders", "date": "2019-08-10 00:01", "summary": "Resume Subscription. For years, SoftBank Group Corp. Chief Executive Masayoshi Son has talked about building a global renewable-energy empire capable of carrying solar power across continents.", "categories": [[]], "category_links": []}, {"link": "https://www.wsj.com/articles/telecom-giant-pushes-into-dangerous-areas-11565429400", "title": "Telecom Giant Pushes Into Dangerous Areas", "date": "2019-08-10 00:01", "summary": "South Africa's MTN has found success, and trouble, working in some of the world's most unstable regions. 'They cannot fight forever.'. JUBA, South Sudan-Working in some of the world's most dangerous countries like South Sudan and Syria has made telecommunications provider MTN Group Ltd. bigger by some measures than its U.S. counterparts, but it also has exposed the risks of working with cash-strapped governments.", "categories": [["Business"]], "category_links": ["https://www.wsj.com/news/business?mod=breadcrumb"]}]