[{"link": "https://www.wsj.com/articles/pompeo-presses-u-n-security-council-on-venezuela-11548539088", "title": "Pompeo Presses U.N. Security Council on Venezuela", "date": "2019-01-26 18:34", "summary": "Diplomats clash over the crisis, with Russia and China backing government of Nicol\u00e1s Maduro. UNITED NATIONS-Diplomats clashed over the crisis in Venezuela during an emergency meeting Saturday of the United Nations Security Council, exchanging accusations and warnings over the country's political and economic disintegration.", "categories": [["World"]], "category_links": ["https://www.wsj.com/news/world?mod=breadcrumb"]}, {"link": "https://www.wsj.com/articles/president-trump-day-after-shutdown-ends-says-we-will-build-the-wall-11548538067", "title": "President Trump, After Shutdown Ends, Says 'We Will Build the Wall'", "date": "2019-01-26 16:27", "summary": "Mr. Trump hews to a hard-line stance, insisting on a physical barrier with Mexico. WASHINGTON-President Trump showed no sign this weekend he was prepared to give up his insistence on a border wall, as negotiators prepare to begin talks aimed at keeping the government open and resolving a bitter impasse over funding for the wall.", "categories": [["U.S."]], "category_links": ["https://www.wsj.com/news/us?mod=breadcrumb"]}, {"link": "https://www.wsj.com/articles/death-toll-in-brazilian-mining-dam-disaster-rises-to-nine-11548512826", "title": "Death Toll in Brazilian Dam Disaster Jumps to 34; Many Still Missing", "date": "2019-01-26 15:19", "summary": "Rescuers expand search effort for the hundreds still unaccounted for after Vale SA dam burst. BRUMADINHO, Brazil-The death toll from a dam that collapsed near this rural town jumped higher as authorities reported 34 fatalities, almost twice the number of people who were killed in a similar tragedy in 2015 at a dam about 80 miles away.", "categories": [["World", "Latin America"]], "category_links": ["https://www.wsj.com/news/world?mod=breadcrumb", "https://www.wsj.com/news/types/latin-america-news?mod=breadcrumb"]}, {"link": "https://www.wsj.com/articles/walgreens-is-big-winner-at-auction-for-shopkos-pharmacy-assets-11548531512", "title": "Walgreens Is Big Winner at Auction for Shopko's Pharmacy Assets", "date": "2019-01-26 14:38", "summary": "Drugstore chain named successful bidder for about 60 stores of the bankrupt merchandise retailer. Walgreens Boots Alliance Inc. has been named the successful bidder at about half of the approximately 120 pharmacies at which bankrupt retailer Shopko auctioned off assets a few days ago.", "categories": [["Business"]], "category_links": ["https://www.wsj.com/news/business?mod=breadcrumb"]}, {"link": "https://www.wsj.com/articles/air-controller-staffing-problems-halt-flights-at-laguardia-other-airports-11548430671", "title": "Staffing Problems Delay Some Flights", "date": "2019-01-26 14:00", "summary": "Agency cites lack of air-traffic controllers; tentative deal reached to reopen the government. The partial government shutdown briefly snarled U.S. air travel on Friday as a shortage of air-traffic controllers disrupted flights at a major New York airport, sending a cascade of delays through hubs from Atlanta to the Northeast.", "categories": [["U.S."]], "category_links": ["https://www.wsj.com/news/us?mod=breadcrumb"]}, {"link": "https://www.wsj.com/articles/food-halls-are-the-new-meal-ticket-for-bricks-and-mortar-restaurants-11548522001", "title": "Food Halls Are the New Meal Ticket for Bricks-and-Mortar Restaurants", "date": "2019-01-26 12:00", "summary": "Dining spots are using the food hall model to curb rent costs and expand their footprints. When the team behind the Italian restaurant dell'anima, a mainstay in Manhattan's Greenwich Village neighborhood for more than a decade, faced a sizable rent increase last year, they decided it was no longer feasible to keep the establishment going at the location. And given the high cost of Manhattan real estate, they knew there wasn't likely to be an affordable spot available elsewhere.", "categories": [["U.S.", "New York"]], "category_links": ["https://www.wsj.com/news/us?mod=breadcrumb", "https://www.wsj.com/news/types/new-york?mod=breadcrumb"]}, {"link": "https://www.wsj.com/articles/new-york-city-tries-to-link-nexus-of-doctors-serving-the-homeless-11548518400", "title": "NYC Tries to Link Nexus of Doctors Serving the Homeless", "date": "2019-01-26 11:00", "summary": "Making health care more accessible to the homeless and better sharing of patient records are focus of new group. Like many homeless adults in New York City, Nathaniel Kee has visited every borough to receive medical care.", "categories": [["U.S.", "New York"]], "category_links": ["https://www.wsj.com/news/us?mod=breadcrumb", "https://www.wsj.com/news/types/new-york?mod=breadcrumb"]}, {"link": "https://www.wsj.com/articles/japans-naomi-osaka-wins-australian-open-her-second-straight-grand-slam-11548501473", "title": "Japan's Osaka Wins Australian Open, Her Second Straight Grand Slam", "date": "2019-01-26 10:05", "summary": "With a spirited victory over Petra Kvitova, the 21-year-old asserts herself as the rising star of women's tennis. After an unlikely stumble, Naomi Osaka regained her confidence and won the Australian Open on Saturday-a performance that will make fans eager for her next Grand Slam stop: the French Open in Paris.", "categories": [["Sports", "Tennis"]], "category_links": ["https://www.wsj.com/news/sports?mod=breadcrumb", "https://www.wsj.com/news/types/tennis?mod=breadcrumb"]}, {"link": "https://www.wsj.com/articles/another-dose-of-new-years-cheer-for-investors-11548514800", "title": "Another Dose of New Year's Cheer for Investors", "date": "2019-01-26 10:00", "summary": "The coming Lunar New Year may be a great time to buy Chinese stocks. The Year of the Pig is almost here. It might be time to pig out on Chinese stocks.", "categories": [["Markets", "Overheard"]], "category_links": ["https://www.wsj.com/news/markets?mod=breadcrumb", "https://www.wsj.com/news/types/overheard?mod=breadcrumb"]}, {"link": "https://www.wsj.com/articles/in-i-am-the-night-a-search-for-truth-in-multiple-lanes-11548513436", "title": "In 'I Am the Night,' a Search for Truth in Multiple Lanes", "date": "2019-01-26 09:37", "summary": "Chris Pine stars in a new crime drama co-produced by 'Wonder Woman' director Patty Jenkins. Ten years ago, Patty Jenkins tried and failed to turn her late friend Fauna Hodel's unusual life story into a television series.", "categories": [["Books & Arts", "Up Next"]], "category_links": ["https://www.wsj.com/news/books-arts?mod=breadcrumb", "https://www.wsj.com/news/types/up-next?mod=breadcrumb"]}, {"link": "https://www.wsj.com/articles/forget-attachment-parenting-and-tiger-parenting-its-time-to-take-care-of-mom-and-dad-11548512070", "title": "Forget Attachment Parenting and Tiger Parenting, It's Time to Take Care of Mom and Dad", "date": "2019-01-26 09:14", "summary": "A crop of new books focuses on the challenges of modern parenthood; '#IMomSoHard'. Forget attachment parenting, helicopter parenting, free-range parenting or tiger parenting. It is time for what's-on-my-butt parenting.", "categories": [["Books & Arts", "Books"]], "category_links": ["https://www.wsj.com/news/books-arts?mod=breadcrumb", "https://www.wsj.com/news/books-arts/books?mod=breadcrumb"]}, {"link": "https://www.wsj.com/articles/multinationals-currency-woes-a-harbinger-on-global-growth-11548511200", "title": "Multinationals' Currency Woes: A Harbinger on Global Growth?", "date": "2019-01-26 09:00", "summary": "Resume Subscription. ", "categories": [["Markets", "Heard on the Street"]], "category_links": ["https://www.wsj.com/news/markets?mod=breadcrumb", "https://www.wsj.com/news/heard-on-the-street?mod=breadcrumb"]}, {"link": "https://www.wsj.com/articles/mexicos-new-focus-to-stem-violent-culture-children-11548511200", "title": "Mexico's New Focus to Stem Violent Culture: Children", "date": "2019-01-26 09:00", "summary": "Resume Subscription. PUEBLA, Mexico-When Lupita P\u00e9rez Parra was a young girl, struggling to learn how to read, her mother would punish her by pricking her fingers with a sewing needle. Years later, when Ms. P\u00e9rez became frustrated at her own children, she found herself meting out the same painful punishment.", "categories": [["World", "Latin America"]], "category_links": ["https://www.wsj.com/news/world?mod=breadcrumb", "https://www.wsj.com/news/types/latin-america-news?mod=breadcrumb"]}, {"link": "https://www.wsj.com/articles/china-replaces-top-securities-regulator-amid-market-weakness-11548508752", "title": "China Replaces Top Securities Regulator Amid Market Weakness", "date": "2019-01-26 08:19", "summary": "Industrial & Commercial Bank of China Chairman Yi Huiman to become head of the top securities regulator. BEIJING-China replaced its top securities regulator with a senior banker, as authorities look for ways to boost market sentiment amid a broad economic slowdown.", "categories": [["Markets"]], "category_links": ["https://www.wsj.com/news/markets?mod=breadcrumb"]}, {"link": "https://www.wsj.com/articles/the-data-colleges-collect-on-applicants-11548507602", "title": "Colleges Mine Data on Their Applicants", "date": "2019-01-26 08:00", "summary": "To determine 'demonstrated interest,' some schools are tracking how quickly prospective students open email and whether they click links. Some colleges, in an effort to sort through a growing number of applications, are quietly tracking prospective students' online interaction with the schools and considering it in deciding whom to admit.", "categories": [["U.S.", "Education"]], "category_links": ["https://www.wsj.com/news/us?mod=breadcrumb", "https://www.wsj.com/news/types/education?mod=breadcrumb"]}, {"link": "https://www.wsj.com/articles/popular-hedge-fund-bet-on-fannie-and-freddie-is-paying-off-big-this-year-11548504001", "title": "Popular Hedge Fund Bet on Fannie, Freddie Is Paying Off", "date": "2019-01-26 07:00", "summary": "Signs that the government may move to privatize the mortgage-finance giants have sent shares soaring. Some of Wall Street's biggest investors are sitting on a paper windfall this year as the government ratchets up a debate over the future of mortgage-finance giants Fannie Mae and Freddie Mac .", "categories": [["Markets"]], "category_links": ["https://www.wsj.com/news/markets?mod=breadcrumb"]}, {"link": "https://www.wsj.com/articles/trade-talks-spotlight-role-of-chinas-state-owned-firms-11548504001", "title": "Trade Talks Spotlight Role of China's State-Owned Firms", "date": "2019-01-26 07:00", "summary": "The companies have re-emerged as a centerpiece of Chinese President Xi's economic policies and a stumbling block for U.S. negotiators. When U.S. and Chinese trade negotiators start a new round of talks on Wednesday, one often-overlooked issue is bound to get a lot of U.S. attention: the role of China's state-owned companies in its economy.", "categories": [["Economy", "The Outlook"]], "category_links": ["https://www.wsj.com/news/economy?mod=breadcrumb", "https://www.wsj.com/news/types/the-outlook?mod=breadcrumb"]}, {"link": "https://www.wsj.com/articles/duologue-by-alfredo-rodriguez-and-pedrito-martinez-review-channeling-cross-cultural-passions-11548504000", "title": "'Duologue' by Alfredo Rodriguez and Pedrito Martinez Review: Channeling Cross-Cultural Passions", "date": "2019-01-26 07:00", "summary": "The Cuban pianist and percussionist team up on an album that elevates clever ideas into rewarding, even enlightening, listening.. ", "categories": [["Books & Arts", "Music Review"]], "category_links": ["https://www.wsj.com/news/books-arts?mod=breadcrumb", "https://www.wsj.com/news/types/music-review?mod=breadcrumb"]}, {"link": "https://www.wsj.com/articles/a-climber-still-seeking-new-peaks-later-in-life-11548504001", "title": "A Climber Still Seeking New Peaks Later in Life", "date": "2019-01-26 07:00", "summary": "Jamie Logan was a pioneer in free climbing-now in her 70s, the transgender athlete finds new ways to tackle tough routes. Jamie Logan finds peace dangling 50 feet high in the air off rock faces. At 71, she may be getting weaker, but she says her climbing technique is still improving. \"I've been climbing 60 years and am still learning,\" she says. Because climbing is more technique-based than strength-based, little improvements in form translate to big gains, she says.", "categories": [["Life & Work", "What's Your Workout?"]], "category_links": ["https://www.wsj.com/news/life-work?mod=breadcrumb", "https://www.wsj.com/news/types/what-s-your-workout?mod=breadcrumb"]}, {"link": "https://www.wsj.com/articles/googles-effort-to-prevent-blindness-hits-roadblock-11548504004", "title": "Google's Effort to Prevent Blindness Shows AI Challenges", "date": "2019-01-26 00:01", "summary": "Company's AI can detect a condition that causes blindness in diabetes patients, but in rural India it doesn't always work. ", "categories": [["Tech"]], "category_links": ["https://www.wsj.com/news/technology?mod=breadcrumb"]}, {"link": "https://www.wsj.com/articles/canadian-ambassador-to-china-fired-after-controversial-comments-11548540561", "title": "Canadian Ambassador to China Fired After Controversial Comments", "date": "2019-01-26 00:01", "summary": "John McCallum said that a senior Huawei Technologies Co. executive arrested at the behest of the U.S. had strong arguments against extradition. OTTAWA-Canadian Prime Minister Justin Trudeau fired the country's ambassador to China after he sparked an uproar by saying a senior Huawei Technologies Co. executive arrested at U.S. request had a good case to fight extradition.", "categories": [["World", "Canada"]], "category_links": ["https://www.wsj.com/news/world?mod=breadcrumb", "https://www.wsj.com/news/types/canada-news?mod=breadcrumb"]}, {"link": "https://www.wsj.com/articles/pepper-and-salt-11548434446", "title": "Pepper...and Salt", "date": "2019-01-26 00:01", "summary": "Resume Subscription. We are delighted that you'd like to resume your subscription.", "categories": [["Opinion", "Pepper & Salt"]], "category_links": ["https://www.wsj.com/news/opinion?mod=breadcrumb", "https://www.wsj.com/news/types/pepper-salt?mod=breadcrumb"]}, {"link": "https://www.wsj.com/articles/americas-hidden-workforce-returns-11548478801", "title": "America's Hidden Workforce Returns", "date": "2019-01-26 00:00", "summary": "Disabled workers join job market at highest level in years amid low unemployment and stricter rules for claiming benefits. WYOMING, Mich.-Like many adults with disabilities, Nathan Mort has often struggled to find and hold a job. A conservation group once declined his attempt to volunteer. The 37-year-old West Michigan native, who has a high-functioning form of autism, ended up living with his parents and dependent on government payments.", "categories": [["Economy", "U.S. Economy"]], "category_links": ["https://www.wsj.com/news/economy?mod=breadcrumb", "https://www.wsj.com/news/types/u-s-economy?mod=breadcrumb"]}, {"link": "https://www.wsj.com/articles/the-offbeat-genius-of-a-great-american-spy-11548478837", "title": "The Offbeat Genius of a Great American Spy", "date": "2019-01-26 00:00", "summary": "Tony Mendez, the CIA agent made famous by the movie, 'Argo,' helped outfox the KGB with wigs, makeup, false teeth, pop-up dummies and an Afghan hound costume. In 1976, the CIA's Moscow station heard some excellent news. One of its most prized sources, a well-placed Soviet diplomat who'd turned on the regime, had been transferred back to Moscow.", "categories": [["The Captain Class"]], "category_links": ["https://www.wsj.com/news/types/the-captain-class?mod=breadcrumb"]}, {"link": "https://www.wsj.com/articles/generation-zs-7-lessons-for-surviving-in-our-tech-obsessed-world-11548478811", "title": "Gen Z's 7 Lessons for Surviving in Our Tech-Obsessed World", "date": "2019-01-26 00:00", "summary": "The first generation that's never known a world without smartphones and social media is savvier than its elders about technology-but also vulnerable to its pitfalls. ", "categories": [["Tech", "Keywords"]], "category_links": ["https://www.wsj.com/news/technology?mod=breadcrumb", "https://www.wsj.com/news/types/keywords?mod=breadcrumb"]}, {"link": "https://www.wsj.com/articles/trump-considering-agreeing-to-sign-three-week-spending-bill-as-early-as-friday-11548439078", "title": "Trump Signs Spending Bill, Ending Longest Government Shutdown in U.S. History", "date": "2019-01-26 21:30", "summary": "The stopgap spending bill will provide no immediate funding for a border wall. WASHINGTON-President Trump reached a deal with congressional leaders Friday to reopen the government for three weeks despite getting no new funding for a border wall, setting the stage for whirlwind talks to bridge deep disagreements between Democrats and Republicans on immigration policy.", "categories": [["Politics"]], "category_links": ["https://www.wsj.com/news/politics?mod=breadcrumb"]}, {"link": "https://www.wsj.com/articles/returning-government-workers-likely-to-confront-glitches-11548461568", "title": "Reopening Isn't a Glitch-Free Process", "date": "2019-01-26 19:24", "summary": "Issues include locked computers with expired passwords, large backlogs and uncertainty about paychecks. Federal employees will soon be called back to work, government buildings will reopen and services will resume-at least for the next three weeks-after President Trump and lawmakers struck a deal Friday to end the partial government shutdown.", "categories": [["Politics"]], "category_links": ["https://www.wsj.com/news/politics?mod=breadcrumb"]}, {"link": "https://www.wsj.com/articles/administration-taps-elliott-abrams-as-envoy-for-venezuela-11548461920", "title": "Administration Taps Elliott Abrams as Envoy for Venezuela", "date": "2019-01-26 19:18", "summary": "Longtime diplomat held posts in GOP administrations, once pleaded guilty to withholding information from Congress. WASHINGTON-Secretary of State Mike Pompeo on Friday named former U.S. diplomat Elliott Abrams as special envoy for Venezuela, two days after the Trump administration threw its support behind the country's opposition leader as the legitimate head of state.", "categories": [["U.S."]], "category_links": ["https://www.wsj.com/news/us?mod=breadcrumb"]}, {"link": "https://www.wsj.com/articles/from-organization-1-to-person-2-whos-who-in-the-roger-stone-indictment-11548461792", "title": "Who's Who in the Roger Stone Indictment", "date": "2019-01-26 19:16", "summary": "Document lays out allegations against the longtime Trump adviser. The federal indictment of former Trump campaign adviser Roger Stone, who was arrested Friday, repeatedly references several unnamed individuals. In the annotated document below, we note the believed names of some of these individuals, based on The Wall Street Journal reporting, to make the document easier to follow.", "categories": [["Politics"]], "category_links": ["https://www.wsj.com/news/politics?mod=breadcrumb"]}, {"link": "https://www.wsj.com/articles/dam-bursts-at-vale-mine-in-brazil-11548434014", "title": "Around 200 People Missing, Seven Dead, After Dam Bursts in Brazil", "date": "2019-01-26 19:06", "summary": "Iron-ore giant Vale said the majority of victims were the company's own employees. S\u00c3O PAULO-Rescue workers raced Friday to find around 200 people feared buried under mud in southeastern Brazil after a dam belonging to miner Vale burst, engulfing homes, cars, and the company's own local offices.", "categories": [["World", "Latin America"]], "category_links": ["https://www.wsj.com/news/world?mod=breadcrumb", "https://www.wsj.com/news/types/latin-america-news?mod=breadcrumb"]}]