[{"link": "https://www.wsj.com/articles/former-white-house-official-to-avoid-congressional-testimony-for-now-11561247835", "title": "Former White House Official to Avoid Congressional Testimony for Now", "date": "2019-06-22 19:57", "summary": "House panel has agreed to submit written questions to Don McGahn's ex-chief of staff. A former senior White House official cited frequently in Special Counsel Robert Mueller's report has reached agreement with Democratic lawmakers to avoid testifying before Congress for now, her lawyer said. The pact temporarily defuses another point of tension between House Democrats and the White House.", "categories": [["Politics"]], "category_links": ["https://www.wsj.com/news/politics?mod=breadcrumb"]}, {"link": "https://www.wsj.com/articles/trump-says-iran-attack-scrapped-to-avoid-unnecessary-casualties-11561226052", "title": "Trump Plans 'Major' Iran Sanctions", "date": "2019-06-22 16:07", "summary": "President also said retaliatory strike on country was scrapped to avoid unnecessary Iranian casualties. WASHINGTON-President Trump tweeted that he plans to impose \"major additional Sanctions on Iran on Monday,\" following his decision to call off a military attack on the country.", "categories": [["World", "Middle East"]], "category_links": ["https://www.wsj.com/news/world?mod=breadcrumb", "https://www.wsj.com/news/types/middle-east-news?mod=breadcrumb"]}, {"link": "https://www.wsj.com/articles/new-hampshire-motorcycle-crash-kills-seven-11561229430", "title": "New Hampshire Motorcycle Crash Kills Seven", "date": "2019-06-22 14:50", "summary": "Accident involved motorcycle club in New England that includes Marines and their spouses. RANDOLPH, N.H.-Motorcyclists from a club whose members include former U.S. Marines collided with a pickup truck on a rural highway on Friday, killing seven.", "categories": [["U.S."]], "category_links": ["https://www.wsj.com/news/us?mod=breadcrumb"]}, {"link": "https://www.wsj.com/articles/trump-middle-east-peace-plan-calls-for-50-billion-in-investment-11561227384", "title": "Trump Middle East Peace Plan Calls for $50 Billion in Investment", "date": "2019-06-22 14:26", "summary": "The blueprint makes no mention of some of the most difficult issues of the conflict; 'Let's let people study it, give feedback.'. TEL AVIV-The Trump administration's Middle East peace plan would marshal $50 billion in investments over 10 years for the Palestinian territories and neighbors Jordan, Egypt and Lebanon, administration officials said Saturday.", "categories": [["Politics"]], "category_links": ["https://www.wsj.com/news/politics?mod=breadcrumb"]}, {"link": "https://www.wsj.com/articles/u-n-rights-official-takes-pulse-of-venezuela-ahead-of-key-report-11561221445", "title": "U.N. Rights Official Takes Pulse of Venezuela Ahead of Key Report", "date": "2019-06-22 12:37", "summary": "Michelle Bachelet's findings could help heighten international pressure on the increasingly isolated regime. CARACAS, Venezuela-The United Nations top human-rights official, on her first visit to Venezuela, said she urged President Nicol\u00e1s Maduro's authoritarian government to release political prisoners and cease torture but also warned that international sanctions could aggravate a dire humanitarian crisis.", "categories": [["World", "Latin America"]], "category_links": ["https://www.wsj.com/news/world?mod=breadcrumb", "https://www.wsj.com/news/types/latin-america-news?mod=breadcrumb"]}, {"link": "https://www.wsj.com/articles/stonewall-wasnt-the-start-of-the-gay-rights-struggle-11561176061", "title": "Stonewall Wasn't the Start of the Gay Rights Struggle", "date": "2019-06-22 11:23", "summary": "In the mid-1960s, activist Frank Kameny led a campaign for equality that was rooted in American ideals.. Next weekend marks the 50th anniversary of the Stonewall uprising, when thousands of people poured into the streets of Greenwich Village in New York City to protest a police raid on a gay bar. State harassment of gay people had been commonplace for decades, but that night, the patrons at the Stonewall Inn had had enough-and finally decided to fight back.", "categories": [["Life & Work", "Ideas", "Essay"]], "category_links": ["https://www.wsj.com/news/life-work?mod=breadcrumb", "https://www.wsj.com/news/life-work/ideas?mod=breadcrumb", "https://www.wsj.com/news/types/essay?mod=breadcrumb"]}, {"link": "https://www.wsj.com/articles/david-plastow-steered-rolls-royce-to-a-renaissance-11561127400", "title": "David Plastow Steered Rolls-Royce to a Renaissance", "date": "2019-06-22 11:21", "summary": "Under his leadership, the company emerged from bankruptcy and launched celebrated models: the Corniche, Camargue and Silver Spirit. ", "categories": [["World", "Obituaries"]], "category_links": ["https://www.wsj.com/news/world?mod=breadcrumb", "https://www.wsj.com/news/types/obituaries?mod=breadcrumb"]}, {"link": "https://www.wsj.com/articles/rise-in-requests-for-different-school-seats-after-brooklyn-districts-new-admission-lottery-11561201201", "title": "Rise in Requests for Different School Seats After Brooklyn District's New Admission Lottery", "date": "2019-06-22 10:29", "summary": "Appeals offer an early peek at how families are adjusting to city's efforts to better integrate nation's largest school district. In the wake of a new admissions lottery to boost diversity, more families in Brooklyn's District 15 asked for a change in their middle-school assignments for the fall.", "categories": [["U.S.", "Schools"]], "category_links": ["https://www.wsj.com/news/us?mod=breadcrumb", "https://www.wsj.com/news/types/ny-schools?mod=breadcrumb"]}, {"link": "https://www.wsj.com/articles/u-s-cities-prepare-for-federal-immigration-raids-11561166739", "title": "U.S. Cities Prepare for Federal Immigration Raids", "date": "2019-06-22 09:42", "summary": "Los Angeles, Chicago and Miami are among the cities expecting deportation enforcement operations to begin Sunday. Several U.S. cities are preparing for federal immigration raids beginning Sunday morning as President Trump looked to follow through on plans to move enforcement actions beyond the southern border.", "categories": [["U.S."]], "category_links": ["https://www.wsj.com/news/us?mod=breadcrumb"]}, {"link": "https://www.wsj.com/articles/marijuana-ties-are-hurting-more-filers-in-bankruptcy-courts-11561208400", "title": "Marijuana Ties Are Hurting More Filers in Bankruptcy Courts", "date": "2019-06-22 09:00", "summary": "Justice Department steps up enforcement actions as marijuana use and distribution remain illegal at the federal level. A little-known division of the Justice Department is using the nation's bankruptcy courts to impose the federal marijuana ban in states that have legalized pot, preventing people who work in the cannabis industry from using the bankruptcy system to save their home or business.", "categories": [["U.S."]], "category_links": ["https://www.wsj.com/news/us?mod=breadcrumb"]}, {"link": "https://www.wsj.com/articles/its-not-too-late-for-bayer-to-heal-11561208416", "title": "It's Not Too Late for Bayer to Heal", "date": "2019-06-22 09:00", "summary": "Legal liabilities from the Monsanto deal have hammered Bayer shares, but the situation is likely to improve. ", "categories": [["Markets", "Heard on the Street"]], "category_links": ["https://www.wsj.com/news/markets?mod=breadcrumb", "https://www.wsj.com/news/heard-on-the-street?mod=breadcrumb"]}, {"link": "https://www.wsj.com/articles/bitcoin-is-back-above-10-000-and-investors-say-this-rally-is-different-11561201454", "title": "Bitcoin Is Back Above $10,000 and Investors Say This Rally Is Different", "date": "2019-06-22 08:52", "summary": "The world's most popular cryptocurrency gets a boost from Facebook's plan to launch Libra. Bitcoin rose over $10,000 for the first time in over a year, riding a new wave of optimism about the value and future of digital currencies.", "categories": [["Markets"]], "category_links": ["https://www.wsj.com/news/markets?mod=breadcrumb"]}, {"link": "https://www.wsj.com/articles/hoboken-takes-e-scooters-for-a-spin-and-complaints-follow-11561204800", "title": "Hoboken Takes E-Scooters for a Spin, and Complaints Follow", "date": "2019-06-22 08:00", "summary": "In the first 24 hours of launch of pilot program in the city, local police received more than 1,500 complaints and comments. In the first 24 hours of the launch of an electric-scooter pilot program in the city of Hoboken, N.J., the local police department received more than 1,500 complaints and comments about the scooters, its police chief said.", "categories": [["U.S.", "Tri-State Area"]], "category_links": ["https://www.wsj.com/news/us?mod=breadcrumb", "https://www.wsj.com/news/types/ny-region?mod=breadcrumb"]}, {"link": "https://www.wsj.com/articles/bulldozing-a-modernist-landmark-11561201200", "title": "Bulldozing a Modernist Landmark", "date": "2019-06-22 07:00", "summary": "The looming demolition of Frank Lloyd Wright's Booth cottage is the latest example in a long history of our culture's disregard for its architectural past.. ", "categories": [["Opinion", "Commentary", "Cultural Commentary"]], "category_links": ["https://www.wsj.com/news/opinion?mod=breadcrumb", "https://www.wsj.com/news/types/commentary-u-s?mod=breadcrumb", "https://www.wsj.com/news/types/cultural-commentary?mod=breadcrumb"]}, {"link": "https://www.wsj.com/articles/global-central-bank-shift-eases-drag-on-chinese-currency-11561195800", "title": "Global Central Bank Shift Eases Drag on Chinese Currency", "date": "2019-06-22 05:30", "summary": "The offshore yuan has gained 1% from its 2019 lows after signs the Federal Reserve could lower interest rates later this year. Shifts toward easier monetary policy by central banks in the U.S. and Europe have reduced some of the downward pressure building on China's currency.", "categories": [["Markets"]], "category_links": ["https://www.wsj.com/news/markets?mod=breadcrumb"]}, {"link": "https://www.wsj.com/articles/in-khashoggi-murder-trial-absence-of-crown-prince-mohammads-aide-stands-out-11561195800", "title": "In Khashoggi Murder Trial, Absence of Crown Prince Aide Stands Out", "date": "2019-06-22 05:30", "summary": "U.S. and U.N. have criticized Saudi Arabia's trial of those charged in the journalist's killing for being secretive and too slow. In a Riyadh courtroom, prosecutors have outlined evidence implicating a top lieutenant of Saudi Crown Prince Mohammed bin Salman in the killing of journalist Jamal Khashoggi, according to Saudi officials not authorized to speak publicly.", "categories": [["World", "Middle East"]], "category_links": ["https://www.wsj.com/news/world?mod=breadcrumb", "https://www.wsj.com/news/types/middle-east-news?mod=breadcrumb"]}, {"link": "https://www.wsj.com/articles/debate-veterans-advice-for-a-crowded-stage-be-brief-and-ready-for-broken-rules-11561195801", "title": "Debate Veterans' Advice for a Crowded Stage: Be Brief and Ready for Broken Rules", "date": "2019-06-22 05:30", "summary": "Candidates and aides from the packed 2016 Republican field say they learned lessons the 2020 Democratic contenders should heed. Have one good line ready that could go viral. Don't count on getting much speaking time, unless you are Joe Biden. And don't expect your fellow participants to stick to the rules.", "categories": [["Politics", "Election 2020"]], "category_links": ["https://www.wsj.com/news/politics?mod=breadcrumb", "https://www.wsj.com/news/types/election-2020?mod=breadcrumb"]}, {"link": "https://www.wsj.com/articles/plastic-bans-what-you-need-to-know-11561195802", "title": "Plastic Bans: What You Need to Know", "date": "2019-06-22 05:30", "summary": "Single-use plastics have become a focal point for lawmakers seeking to reduce waste, but the industry is pushing back. Cities and states across the U.S. have been enacting a flurry of restrictions on single-use plastics.", "categories": [["U.S."]], "category_links": ["https://www.wsj.com/news/us?mod=breadcrumb"]}, {"link": "https://www.wsj.com/articles/how-to-spot-and-avoid-fake-google-local-listings-11561195800", "title": "How to Spot (and Avoid) Fake Google Maps Listings", "date": "2019-06-22 05:30", "summary": "Misleading information on Google Maps can lead you astray; an urgent-care center that doesn't exist. Caroline Ige of Silver Spring, Md., woke up recently in the middle of the night with sharp pain in her lower abdomen.", "categories": [["Tech", "Personal Tech", "Personal Technology: Review"]], "category_links": ["https://www.wsj.com/news/technology?mod=breadcrumb", "https://www.wsj.com/news/types/personal-technology-joanna-stern?mod=breadcrumb", "https://www.wsj.com/news/types/personal-technology-review?mod=breadcrumb"]}, {"link": "https://www.wsj.com/articles/hong-kong-protesters-keep-up-the-pressure-11561113839", "title": "Hong Kong Protesters Disband After Besieging Police Headquarters", "date": "2019-06-22 03:00", "summary": "Demonstrators want controversial extradition bill to be fully withdrawn and call for resignation of Chief Executive Lam. HONG KONG-Thousands of protesters besieged the city's police headquarters on Friday, extending a political crisis in the city sparked by a proposed extradition law that the government has since put a stop to in an effort to ease unrest.", "categories": [["World", "Asia", "China"]], "category_links": ["https://www.wsj.com/news/world?mod=breadcrumb", "https://www.wsj.com/news/types/asia-news?mod=breadcrumb", "https://www.wsj.com/news/types/china-news?mod=breadcrumb"]}, {"link": "https://www.wsj.com/articles/womens-world-cup-tv-viewership-is-on-a-record-pace-11561204801", "title": "Women's World Cup TV Viewership Is on a Record Pace", "date": "2019-06-22 00:01", "summary": "750 million people watched the tournament in 2015; FIFA estimates that nearly 1 billion could tune in this summer. The Women's World Cup is just past the halfway mark and already it is on pace to break several viewership records, both in the U.S. and across the globe. 750 million people watched the tournament in 2015; FIFA estimates that nearly 1 billion could tune in this summer.", "categories": [["Sports", "World Cup"]], "category_links": ["https://www.wsj.com/news/sports?mod=breadcrumb", "https://www.wsj.com/news/types/world-cup?mod=breadcrumb"]}, {"link": "https://www.wsj.com/articles/pepper-and-salt-11561153703", "title": "Pepper...and Salt", "date": "2019-06-22 00:01", "summary": "Resume Subscription. We are delighted that you'd like to resume your subscription.", "categories": [["Opinion", "Pepper & Salt"]], "category_links": ["https://www.wsj.com/news/opinion?mod=breadcrumb", "https://www.wsj.com/news/types/pepper-salt?mod=breadcrumb"]}, {"link": "https://www.wsj.com/articles/building-the-wind-turbines-was-easy-the-hard-part-was-plugging-them-in-11561176010", "title": "Building the Wind Turbines Was Easy. The Hard Part Was Plugging Them In.", "date": "2019-06-22 00:01", "summary": "In the Oklahoma panhandle, one entrepreneur saw a future fueled by cheap and clean energy. But there was a big snag.. Adapted from \"SUPERPOWER: One Man's Quest to Transform American Energy\" by Wall Street Journal reporter Russell Gold, to be published by Simon & Schuster, Inc., on June 25.", "categories": [["Business"]], "category_links": ["https://www.wsj.com/news/business?mod=breadcrumb"]}, {"link": "https://www.wsj.com/articles/for-ponzi-victims-the-aftermath-is-long-11561176016", "title": "For Ponzi Victims, the Aftermath Is Long", "date": "2019-06-22 00:00", "summary": "When scams collapse, professionals sweep in to help the recovery; the first checks to investors can take almost a decade. In 2008, authorities exposed Minnesota businessman Thomas Petters as running one of the largest Ponzi schemes in U.S. history. A decade later, efforts to repay at least some of the $1.9 billion that investors claimed they lost are still under way.", "categories": [["Markets"]], "category_links": ["https://www.wsj.com/news/markets?mod=breadcrumb"]}, {"link": "https://www.wsj.com/articles/missouri-health-department-declines-to-renew-license-for-state-s-last-abortion-clinic-11561135470", "title": "Missouri Health Agency Lets License Lapse for State's Last Abortion Clinic", "date": "2019-06-22 22:39", "summary": "Clinic will continue providing abortion services while court injunction remains in effect. Missouri's health department declined to renew the license of the state's last abortion clinic Friday, in a move that could eventually make the state the first in the U.S. without an abortion clinic in decades.", "categories": [["U.S."]], "category_links": ["https://www.wsj.com/news/us?mod=breadcrumb"]}, {"link": "https://www.wsj.com/articles/stocks-are-sitting-pretty-heading-into-summer-11561109403", "title": "Stocks Are Sitting Pretty Heading Into Summer", "date": "2019-06-22 20:18", "summary": "S&P 500 is heading toward its best June since 1955; Dow Jones Industrial Average is on pace for its best June since 1938. U.S. stocks notched a banner week after the Federal Reserve signaled it could cut short-term rates in the months ahead, putting stocks on pace for their best June in more than a half-century.", "categories": [["Markets"]], "category_links": ["https://www.wsj.com/news/markets?mod=breadcrumb"]}]