[{"link": "https://www.wsj.com/articles/fcc-asks-record-labels-to-document-anti-payola-policies-11579737073", "title": "FCC Asks Record Labels to Document Anti-Payola Policies", "date": "2020-01-22 18:51", "summary": "Commissioner O'Rielly cites recent reports of practices that would violate laws. The Federal Communications Commission asked the three major music companies for details on their anti-payola policies, citing unspecified recent reports of practices that would violate laws meant to prevent record companies from paying radio stations to play their music.", "categories": [["Business", "Media & Marketing"]], "category_links": ["https://www.wsj.com/news/business?mod=breadcrumb", "https://www.wsj.com/news/business/media-marketing?mod=breadcrumb"]}, {"link": "https://www.wsj.com/articles/the-corrupt-purposes-impeachment-11579737006", "title": "The 'Corrupt Purposes' Impeachment", "date": "2020-01-22 18:50", "summary": "Why the House logic is a danger to all future Presidents.. As House managers make their impeachment case, many Americans will dismiss it all as a partisan effort that hasn't persuaded the country and will die in the Senate. They have a point. But the precedents that Democrats are setting could live on, so forgive us if we explain how dangerous the House's impeachment logic is to future Presidents and the Constitution's separation of powers.", "categories": [["Opinion", "Review & Outlook"]], "category_links": ["https://www.wsj.com/news/opinion?mod=breadcrumb", "https://www.wsj.com/news/types/review-outlook-u-s?mod=breadcrumb"]}, {"link": "https://www.wsj.com/articles/quarantined-in-wuhan-11579736946", "title": "Quarantined in Wuhan", "date": "2020-01-22 18:49", "summary": "China cuts off travel to the city where a new virus emerged.. The Chinese government on Wednesday cut train and air travel out of the city of Wuhan in a race to contain the mysterious coronavirus that has sickened more than 500 on the mainland. Quarantining a city of 11 million is a radical step, the kind democracies are loath to take, but then maybe China is determined not to relive the deadly SARS outbreak of 2003 and be blamed for a global pandemic.", "categories": [["Opinion", "Review & Outlook"]], "category_links": ["https://www.wsj.com/news/opinion?mod=breadcrumb", "https://www.wsj.com/news/types/review-outlook-u-s?mod=breadcrumb"]}, {"link": "https://www.wsj.com/articles/warrens-banana-republic-11579736976", "title": "Warren's Banana Republic", "date": "2020-01-22 18:49", "summary": "She promises to investigate Trump officials after she wins.. Think the fog of partisan Trump investigations will lift once the President leaves office, either in 2021 or 2025? Not if Elizabeth Warren has anything to say about it. With the Iowa caucuses approaching and her campaign fortunes flagging, Senator Warren now says that as President she'd launch an open-ended criminal investigation into her predecessor and anyone who worked for him.", "categories": [["Opinion", "Review & Outlook"]], "category_links": ["https://www.wsj.com/news/opinion?mod=breadcrumb", "https://www.wsj.com/news/types/review-outlook-u-s?mod=breadcrumb"]}, {"link": "https://www.wsj.com/articles/kansas-kansas-state-players-suspended-after-basketball-brawl-11579736745", "title": "Kansas, Kansas State Players Suspended After Brawl", "date": "2020-01-22 18:45", "summary": "The melee erupted at the end of the Jayhawks' Tuesday night blowout win at Kansas's Allen Fieldhouse. Big 12 Commissioner Bob Bowlsby suspended a handful of Kansas and Kansas State basketball players on Wednesday following an ugly brawl that erupted at the end of the Jayhawks' Tuesday night blowout win at Kansas's Allen Fieldhouse.", "categories": [["Sports", "College Basketball"]], "category_links": ["https://www.wsj.com/news/sports?mod=breadcrumb", "https://www.wsj.com/news/types/college-basketball?mod=breadcrumb"]}, {"link": "https://www.wsj.com/articles/former-grammy-chief-denies-rape-allegation-aired-by-successor-11579736672", "title": "Former Grammy Chief Denies Rape Allegation Aired by Successor", "date": "2020-01-22 18:44", "summary": "Turmoil at the Recording Academy comes just days before Grammy Awards. The former chief executive of the Recording Academy, which runs the Grammy Awards, denied a rape allegation that was mentioned in a discrimination complaint filed by his successor, adding a new twist to a crisis that broke out just days before the organization's flagship awards show.", "categories": [["Books & Arts", "Arts", "Music"]], "category_links": ["https://www.wsj.com/news/books-arts?mod=breadcrumb", "https://www.wsj.com/news/books-arts/arts?mod=breadcrumb", "https://www.wsj.com/news/types/music?mod=breadcrumb"]}, {"link": "https://www.wsj.com/articles/texas-only-home-for-matadors-is-on-brink-of-closing-11579689001", "title": "Texas' Last Bullfight Is on the Brink of Closing", "date": "2020-01-22 18:17", "summary": "Resume Subscription. LA GLORIA, Texas-On opening day in Texas' only bullfighting ring earlier this month, a mariachi version of \"The Star-Spangled Banner\" played before a matadora dressed in gold sequins waved her cape at a passing bull and the crowd rumbled its first \"Ol\u00e9!\"", "categories": [[]], "category_links": []}, {"link": "https://www.wsj.com/articles/the-shenzhen-experiment-review-building-up-a-fishing-village-11579735008", "title": "'The Shenzhen Experiment' Review: Building Up a 'Fishing Village'", "date": "2020-01-22 18:16", "summary": "The overlooked history of Shenzhen doesn't necessarily \ufb01t the government's myth of a well-planned \"instant city.\". For more than half a year, headlines have been crowded with reports of popular protests and police repression taking place in the most famous city in China's Pearl River Delta, the former British colony of Hong Kong. For even longer, Western journalists have chronicled the area's staggeringly ambitious local infrastructure projects, from impressive new high-speed rail lines to a bridge of record-setting length that runs from Hong Kong to the former Portuguese colony of Macau and from that casino-filled island to the city of Zhuhai in Guangdong Province.", "categories": [["Books & Arts", "Books", "Bookshelf"]], "category_links": ["https://www.wsj.com/news/books-arts?mod=breadcrumb", "https://www.wsj.com/news/books-arts/books?mod=breadcrumb", "https://www.wsj.com/news/types/bookshelf?mod=breadcrumb"]}, {"link": "https://www.wsj.com/articles/time-to-stop-the-doomsday-clock-11579734922", "title": "Time to Stop the 'Doomsday Clock'", "date": "2020-01-22 18:15", "summary": "'Atomic scientists' have no special authority when they opine on politics or military strategy.. The Bulletin of the Atomic Scientists is resetting its \"Doomsday Clock,\" which has stood still since 2018 at two minutes to midnight. I was a member of the Bulletin's Board of Sponsors for a dozen years and chaired it from 2009 through 2018, and I think it's time to retire the clock.", "categories": [["Opinion", "Commentary"]], "category_links": ["https://www.wsj.com/news/opinion?mod=breadcrumb", "https://www.wsj.com/news/types/commentary-u-s?mod=breadcrumb"]}, {"link": "https://www.wsj.com/articles/a-most-progressive-trump-impeachment-11579734953", "title": "A Most Progressive Trump Impeachment", "date": "2020-01-22 18:15", "summary": "The years-long Trump posse led by Nancy Pelosi and Adam Schiff isn't just about a telephone call to the president of Ukraine.. Between them, Nancy Pelosi and Dianne Feinstein have been doing politics for about 95 years. Their instinct for survival is solid.", "categories": [["Opinion", "Wonder Land"]], "category_links": ["https://www.wsj.com/news/opinion?mod=breadcrumb", "https://www.wsj.com/news/types/wonder-land?mod=breadcrumb"]}, {"link": "https://www.wsj.com/articles/democrats-war-on-fracking-will-cost-them-in-battleground-states-11579734852", "title": "Democrats' War on Fracking Will Cost Them in Battleground States", "date": "2020-01-22 18:14", "summary": "Ohio and Michigan have more than 400,000 shale workers, and Pennsylvania alone has 320,000.. Most presidential campaigns feature a familiar refrain: Each candidate promises to create millions of new jobs. The 2020 primaries are unusual in that nearly all the Democratic candidates, including Joe Biden, Elizabeth Warren, Bernie Sanders and Michael Bloomberg, are solemnly pledging to destroy millions of jobs by ending the shale oil and gas revolution.", "categories": [["Opinion", "Commentary"]], "category_links": ["https://www.wsj.com/news/opinion?mod=breadcrumb", "https://www.wsj.com/news/types/commentary-u-s?mod=breadcrumb"]}, {"link": "https://www.wsj.com/articles/would-democrats-impeach-obama-11579734886", "title": "Would Democrats Impeach Obama?", "date": "2020-01-22 18:14", "summary": "His dealings with foreign officials and Congress look as suspect as Trump's.. Hypocrisy is common in Washington, but impeachment is bringing out more than its fair share. That's true of some Republicans, and the mainstream media devotes countless hours to it. What gets much less attention is the hypocrisy of the party that to which most journalists are sympathetic: the Democrats.", "categories": [["Opinion", "Commentary"]], "category_links": ["https://www.wsj.com/news/opinion?mod=breadcrumb", "https://www.wsj.com/news/types/commentary-u-s?mod=breadcrumb"]}, {"link": "https://www.wsj.com/articles/jimmy-carters-persian-gulf-success-11579734698", "title": "Jimmy Carter's Persian Gulf Success", "date": "2020-01-22 18:11", "summary": "His doctrine, outlined 40 years ago, doesn't get enough credit.. Jimmy Carter deserves a bit of the credit for the killing of Iranian Maj. Gen. Qasem Soleimani. In his Jan. 23, 1980, State of the Union address, the 39th president laid down the Carter Doctrine: \"An attempt by any outside force to gain control of the Persian Gulf region will be regarded as an assault on the vital interests of the United States of America, and such an assault will be repelled by any means necessary, including military force.\"", "categories": [["Opinion", "Commentary"]], "category_links": ["https://www.wsj.com/news/opinion?mod=breadcrumb", "https://www.wsj.com/news/types/commentary-u-s?mod=breadcrumb"]}, {"link": "https://www.wsj.com/articles/faa-lowered-bar-for-southwest-airlines-approvals-complaint-alleges-11579712828", "title": "FAA Lowered Bar for Southwest Approvals, Whistleblower Alleges", "date": "2020-01-22 18:09", "summary": "Whistleblower says regulators sped approval of Hawaii flights for 'the financial benefit of the airline'. U.S. air-safety regulators likely acted improperly in the way they authorized Southwest Airlines Co. to begin flights between California and Hawaii last year, according to the main government agency that handles federal whistleblower complaints.", "categories": [["WSJ News Exclusive", "Business"]], "category_links": ["https://www.wsj.com/news/business?mod=breadcrumb"]}, {"link": "https://www.wsj.com/articles/mexicos-tropical-messiah-browbeats-critics-and-bullies-the-press-11579734558", "title": "Mexico's 'Tropical Messiah' Browbeats Critics and Bullies the Press", "date": "2020-01-22 18:09", "summary": "Andr\u00e9s Manuel L\u00f3pez Obrador's 'left-wing populism' means taking more power for himself.. Populism's distinctive feature is not the redistribution of wealth. It is the concentration of power outside liberal democratic institutions and the rule of law. The populist leader uses antielitist rhetoric to enhance his messianic appeal with the people and undermines checks and balances by concentrating power.", "categories": [["Opinion", "Commentary"]], "category_links": ["https://www.wsj.com/news/opinion?mod=breadcrumb", "https://www.wsj.com/news/types/commentary-u-s?mod=breadcrumb"]}, {"link": "https://www.wsj.com/articles/senior-leaders-on-the-hilland-over-it-11579734493", "title": "Senior Leaders on the Hill-and Over It", "date": "2020-01-22 18:08", "summary": "The U.S. is now governed by folks who give the elderly late-stage Soviet Politburos a run for their money.. President Trump is 73, and if re-elected would leave the White House at 78, the oldest president in U.S. history.", "categories": [["Opinion", "Commentary"]], "category_links": ["https://www.wsj.com/news/opinion?mod=breadcrumb", "https://www.wsj.com/news/types/commentary-u-s?mod=breadcrumb"]}, {"link": "https://www.wsj.com/articles/brexit-divorce-deal-clears-parliament-11579733889", "title": "Brexit Divorce Deal Clears Parliament", "date": "2020-01-22 17:58", "summary": "Agreement negotiated with European Union ensures that U.K. will leave at end of month. LONDON-The Brexit divorce deal completed its passage through Parliament on Wednesday evening, ensuring that the U.K. will leave the European Union at the end of the month.", "categories": [["World", "Europe", "U.K."]], "category_links": ["https://www.wsj.com/news/world?mod=breadcrumb", "https://www.wsj.com/news/types/europe-news?mod=breadcrumb", "https://www.wsj.com/news/types/u-k-news?mod=breadcrumb"]}, {"link": "https://www.wsj.com/articles/veterans-differ-with-trump-over-injuries-from-iran-missile-attack-11579733650", "title": "Veterans Differ With Trump Over Injuries From Iran Missile Attack", "date": "2020-01-22 17:54", "summary": "President says U.S. injuries in attack in Iraq weren't very serious; veterans say his comments were ignorant. WASHINGTON-President Trump said the head injuries suffered by American service members in an Iranian missile strike weren't \"very serious,\" prompting angry replies from some veterans advocates.", "categories": [["U.S."]], "category_links": ["https://www.wsj.com/news/us?mod=breadcrumb"]}, {"link": "https://www.wsj.com/articles/ai-startup-eightfold-hires-first-finance-chief-as-it-eyes-expansion-potential-ipo-11579733520", "title": "AI Startup Eightfold Hires First Finance Chief As it Eyes Expansion, Potential IPO", "date": "2020-01-22 17:52", "summary": "Celia Poon said she expects her new job as CFO to be 'very hands-on'. Artificial-intelligence startup Eightfold AI Inc. hired a former Twitter Inc. executive as its first chief financial officer to help grow its business and prepare a potential initial public offering.", "categories": [["CFO Journal"]], "category_links": ["https://www.wsj.com/news/types/cfo-journal?mod=breadcrumb"]}, {"link": "https://www.wsj.com/articles/seattle-area-election-puts-mobile-voting-to-a-test-11579694405", "title": "Seattle-Area Election Puts Mobile Voting to a Test", "date": "2020-01-22 17:25", "summary": "A local race enables more than one million voters to use phones, computers to cast ballots. ", "categories": [["Politics"]], "category_links": ["https://www.wsj.com/news/politics?mod=breadcrumb"]}, {"link": "https://www.wsj.com/articles/clean-energy-trends-spark-miners-move-into-copper-cobalt-11579720368", "title": "Sibanye-Stillwater Weighs Buying Copper, Other Metals Amid Clean Energy Trend", "date": "2020-01-22 17:22", "summary": "The South African miner Sibanye-Stillwater looks to take advantage of surging demand from auto makers. The chief executive of Sibanye-Stillwater said the South African miner wants to expand beyond precious metals, through acquisitions, into copper, cobalt and other metals used in electric vehicles, making the company the second big miner to plot such a move.", "categories": [["Markets", "Commodities"]], "category_links": ["https://www.wsj.com/news/markets?mod=breadcrumb", "https://www.wsj.com/market-data/commodities?mod=breadcrumb"]}, {"link": "https://www.wsj.com/articles/at-broadwaycon-fans-play-a-big-role-11579730922", "title": "At BroadwayCon, Fans Play a Big Role", "date": "2020-01-22 17:08", "summary": "This weekend's event follows fan conventions across the country for all sorts of passions and pursuits. This weekend, thousands of theatergoers will converge in New York City. But they won't necessarily be in town to see a show.", "categories": [["U.S.", "Culture"]], "category_links": ["https://www.wsj.com/news/us?mod=breadcrumb", "https://www.wsj.com/news/types/ny-culture?mod=breadcrumb"]}, {"link": "https://www.wsj.com/articles/tesla-tops-volkswagen-to-become-second-most-valuable-auto-maker-11579709320", "title": "Tesla Tops Volkswagen to Become Second-Most-Valuable Auto Maker", "date": "2020-01-22 17:05", "summary": "Crossing the $100 billion threshold could start unlocking a pay package for Elon Musk. Elon Musk has navigated Tesla Inc. into new territory, as the electric-car maker's market value topped $100 billion Wednesday and overtook Volkswagen AG as the world's No. 2 most valuable auto maker.", "categories": [["Business", "Autos & Transportation", "Autos Industry"]], "category_links": ["https://www.wsj.com/news/business?mod=breadcrumb", "https://www.wsj.com/news/business/transportation?mod=breadcrumb", "https://www.wsj.com/news/types/autos?mod=breadcrumb"]}, {"link": "https://www.wsj.com/articles/new-york-based-fairway-market-prepares-for-bankruptcy-filing-11579728012", "title": "New York-Based Fairway Market Prepares for Bankruptcy Filing", "date": "2020-01-22 16:49", "summary": "Plan is to sell off the supermarket chain to a number of buyers, say people familiar with the matter. Fairway Market, the longtime New York City supermarket, is preparing to file for bankruptcy within days, with a plan to sell off the business to a number of buyers who have been circling the chain, according to people familiar with the matter.", "categories": [["U.S.", "Tri-State Area"]], "category_links": ["https://www.wsj.com/news/us?mod=breadcrumb", "https://www.wsj.com/news/types/ny-region?mod=breadcrumb"]}, {"link": "https://www.wsj.com/articles/boeing-ceo-says-sim-training-drove-new-forecast-11579719023", "title": "Boeing CEO Aims to Restore MAX Trust", "date": "2020-01-22 16:48", "summary": "David Calhoun sets strategy to rebuild trust with fliers, customers and regulators. Boeing Co. Chief Executive David Calhoun expressed confidence that the 737 MAX would eventually transport passengers again despite repeated delays in winning regulatory approval for the troubled jet.", "categories": [["Business"]], "category_links": ["https://www.wsj.com/news/business?mod=breadcrumb"]}, {"link": "https://www.wsj.com/articles/virus-outbreak-fuels-volatility-in-some-biotech-stocks-11579725335", "title": "Virus Outbreak Fuels Volatility in Some Biotech Stocks", "date": "2020-01-22 16:43", "summary": "Shares of biotech company Moderna surge as much as 11% in early trading before paring gains. The deadly coronavirus outbreak is sparking big moves among biotechnology stocks, a volatile sector where companies can flourish or struggle depending on their progress in developing new medical treatments.", "categories": [["Markets", "Stocks"]], "category_links": ["https://www.wsj.com/news/markets?mod=breadcrumb", "https://www.wsj.com/news/markets/stocks?mod=breadcrumb"]}, {"link": "https://www.wsj.com/articles/manic-by-halsey-review-seeking-truth-within-11579729369", "title": "'Manic' by Halsey: Seeking Truth Within", "date": "2020-01-22 16:42", "summary": "The singer's mercurial nature-in both her sonic style and personal story-is on full display on her third album.. ", "categories": [["Books & Arts", "Music Review"]], "category_links": ["https://www.wsj.com/news/books-arts?mod=breadcrumb", "https://www.wsj.com/news/types/music-review?mod=breadcrumb"]}, {"link": "https://www.wsj.com/articles/new-york-city-needs-extra-92-million-for-superstorm-sandy-repairs-11579729254", "title": "New York City Needs Extra $92 Million for Superstorm Sandy Repairs", "date": "2020-01-22 16:40", "summary": "Build It Back housing program would use the funds to buy out damaged properties, pay contractors. Build It Back, a delayed and over-budget New York City program that was launched seven years ago to rebuild homes damaged by superstorm Sandy, needs an additional $92 million to cover repairs and other work, the city says.", "categories": [["U.S.", "New York"]], "category_links": ["https://www.wsj.com/news/us?mod=breadcrumb", "https://www.wsj.com/news/types/new-york?mod=breadcrumb"]}, {"link": "https://www.wsj.com/articles/express-to-close-100-stores-by-2022-11579702374", "title": "Express to Close 100 Stores by 2022", "date": "2020-01-22 16:39", "summary": "Closures would reduce sales by $90 million by 2022. Fashion retailer Express Inc. said it would close about 100 stores by 2022, sending its share price up more than 20%.", "categories": [["Business"]], "category_links": ["https://www.wsj.com/news/business?mod=breadcrumb"]}, {"link": "https://www.wsj.com/articles/supreme-court-sounds-set-to-revive-montana-program-providing-state-aid-to-religious-schools-11579723219", "title": "Supreme Court Split Over Case on Public Funding for Religious Schools", "date": "2020-01-22 16:32", "summary": "At issue is Montana program that offered up to $150 tax credit to residents who gave like amount to organizations providing scholarships to private schools-and made no distinction between nonreligious, religious institutions. WASHINGTON-The Supreme Court appeared ready Wednesday to reinstate a Montana program providing state aid to religious schools, after arguments in which conservative justices cited anti-Catholic sentiment in the 19th century that led many states to bar public support for sectarian education.", "categories": [["U.S."]], "category_links": ["https://www.wsj.com/news/us?mod=breadcrumb"]}, {"link": "https://www.wsj.com/articles/harvey-weinstein-prosecutors-lean-on-controversial-evidence-as-trial-opens-11579703778", "title": "Harvey Weinstein Prosecutors Adopt Controversial Strategy", "date": "2020-01-22 16:27", "summary": "Judge permits testimony from three accusers whose allegations didn't result in criminal charges. Manhattan prosecutors opened Harvey Weinstein's trial Wednesday with a strategy that led to a conviction in the retrial of comedian Bill Cosby, relying on a disputed, century-old evidence rule to delve into past allegations of sexual misconduct.", "categories": [["U.S.", "Crime"]], "category_links": ["https://www.wsj.com/news/us?mod=breadcrumb", "https://www.wsj.com/news/types/ny-crime?mod=breadcrumb"]}, {"link": "https://www.wsj.com/articles/global-stocks-edge-up-as-china-takes-steps-to-contain-outbreak-11579688519", "title": "U.S. Stock Rally Falters", "date": "2020-01-22 16:21", "summary": "Shares of fast-growing technology-driven companies have led the market higher this year. Early gains among U.S. stocks faded late Wednesday, leaving major indexes little changed from the prior day.", "categories": [["Markets", "U.S. Markets"]], "category_links": ["https://www.wsj.com/news/markets?mod=breadcrumb", "https://www.wsj.com/news/types/today-s-markets?mod=breadcrumb"]}, {"link": "https://www.wsj.com/articles/hallmark-says-crown-media-family-networks-ceo-bill-abbott-is-stepping-down-11579723063", "title": "CEO of Hallmark Channel Parent Quits After Ad Furor", "date": "2020-01-22 16:11", "summary": "Bill Abbott to leave after company apologized for decision to pull ads featuring same-sex wedding on Hallmark Channel. The CEO of the Hallmark Channel's parent is leaving, weeks after the channel found itself in a firestorm of controversy over commercials featuring a same-sex wedding ceremony.", "categories": [["WSJ News Exclusive", "Media & Marketing"]], "category_links": ["https://www.wsj.com/news/business/media-marketing?mod=breadcrumb"]}, {"link": "https://www.wsj.com/articles/u-s-existing-home-sales-wrapped-up-2019-on-solid-note-11579705351", "title": "U.S. Existing-Home Sales Wrapped Up 2019 on Solid Note", "date": "2020-01-22 15:54", "summary": "Home sales rose 3.6% in December as low unemployment and rates support demand for home buying. Home sales hit their high mark for the year in December, a sign that favorable mortgage rates and low unemployment are starting to lure more house hunters back into the market.", "categories": [["Economy", "Economic Data"]], "category_links": ["https://www.wsj.com/news/economy?mod=breadcrumb", "https://www.wsj.com/news/types/economic-data?mod=breadcrumb"]}, {"link": "https://www.wsj.com/articles/pence-gets-history-wrong-on-impeachment-11579726252", "title": "Pence Gets History Wrong on Impeachment", "date": "2020-01-22 15:50", "summary": "The profile in courage he describes in the Johnson Senate trial was no such thing.. Vice President Mike Pence's historical \"lesson\" about President Andrew Johnson and impeachment is wrong in every generality, and in every particular as well (\"A Partisan Impeachment, a Profile in Courage,\" op-ed, Jan. 17).", "categories": [["Opinion", "Letters"]], "category_links": ["https://www.wsj.com/news/opinion?mod=breadcrumb", "https://www.wsj.com/news/types/letters?mod=breadcrumb"]}, {"link": "https://www.wsj.com/articles/all-is-not-well-today-for-low-wage-workers-11579726168", "title": "All Is Not Well Today for Low-Wage Workers", "date": "2020-01-22 15:49", "summary": "You gloss over the real economic hardship by focusing only on growth rates without also considering actual wage levels.. Your editorial \"The Economy's Inequality Dividend\" (Jan. 11) suggests that things are getting better for low-wage workers. You gloss over the real economic hardship by focusing only on growth rates without also considering actual wage levels.", "categories": [["Opinion", "Letters"]], "category_links": ["https://www.wsj.com/news/opinion?mod=breadcrumb", "https://www.wsj.com/news/types/letters?mod=breadcrumb"]}, {"link": "https://www.wsj.com/articles/despite-the-gao-mr-trump-broke-no-rule-11579726123", "title": "Despite the GAO, Mr. Trump Broke No Rule", "date": "2020-01-22 15:48", "summary": "The balanced framework of the Impoundment Control Act belies any conclusion that, with respect to federal budget rules, the president's move to temporarily defer sending taxpayer dollars to Ukraine violates any legal rule.. Your editorial \"Trump, Obama and the Spending Power\" (Jan. 18) criticizing the GAO's opinion on Ukraine funding is correct. The GAO's conclusions that the Office of Management and Budget violated the law are misleading at best. The Impoundment Control Act recognizes the authority of the president to defer congressional spending, but directs the president to report such a deferral to Congress (2 USC \u00a7685) and give the reasons for it. Deferrals are permitted if they are consistent with legislative policy and authorized by law (2 USC \u00a7684). The act recognizes that a president (for whatever reasons) might fail to send the required message to Congress (2 USC \u00a7686) and contains a specific remedy for such a reporting omission by the executive. The remedy is that the GAO comptroller general \"shall\" make a report to Congress about the deferral (2 USC \u00a7686). The act also authorizes the comptroller general to bring a civil suit to require that the deferred funds be spent (2 USC \u00a7686).", "categories": [["Opinion", "Letters"]], "category_links": ["https://www.wsj.com/news/opinion?mod=breadcrumb", "https://www.wsj.com/news/types/letters?mod=breadcrumb"]}, {"link": "https://www.wsj.com/articles/frieda-caplan-queen-of-kiwi-enlivened-american-cuisine-11579726047", "title": "Frieda Caplan, 'Queen of Kiwi,' Enlivened American Cuisine", "date": "2020-01-22 15:47", "summary": "Fearless fruit and vegetable wholesaler promoted jicama and gave David Letterman's palate a shock. Starting with a tiny Los Angeles-based wholesale fruit and vegetable business in 1962, Frieda Caplan helped make the American palate more adventurous by promoting kiwi fruit.", "categories": [["World", "Obituaries"]], "category_links": ["https://www.wsj.com/news/world?mod=breadcrumb", "https://www.wsj.com/news/types/obituaries?mod=breadcrumb"]}, {"link": "https://www.wsj.com/articles/sen-booker-is-no-spartacus-11579726075", "title": "Sen. Booker Is No Spartacus", "date": "2020-01-22 15:47", "summary": "While preparing to run for president in 2020 he knew he needed the large portion of campaign funding that comes from teachers unions, so he did an about-face.. Regarding Marcus A. Winters's \"Cory Booker Goes Down Fighting\" (op-ed, Jan. 15): Mr. Winters says, Sen. Booker \"refused to be bullied when it comes to charter schools\" and that the former Newark, N.J., mayor refused to bow to teachers unions. It is true that he gave impassioned speeches in favor of charter schools, but there is a difference between his rhetoric and his actions when it comes to politics. He voted \"no\" on the nomination of Betsy DeVos for secretary of education though she is a strong advocate for charter schools and school vouchers. At the time that he was preparing to run for president in 2020 he knew he needed the large portion of campaign funding that comes from teachers unions, so he did an about-face. In this case Sen. Booker, unlike Spartacus, wasn't willing to sacrifice himself for a cause he believes in.", "categories": [["Opinion", "Letters"]], "category_links": ["https://www.wsj.com/news/opinion?mod=breadcrumb", "https://www.wsj.com/news/types/letters?mod=breadcrumb"]}, {"link": "https://www.wsj.com/articles/crude-prices-fall-on-coronavirus-fears-11579717568", "title": "Crude Prices Fall on Coronavirus Fears", "date": "2020-01-22 15:46", "summary": "IMF predicts slowing economic growth in U.S. and China, helping spark worries about future demand. Crude prices fell to seven-week lows on Wednesday, weighed down by concerns that a deadly strain of coronavirus that originated in China could dent demand for oil and jet fuel.", "categories": [["Markets", "Commodities"]], "category_links": ["https://www.wsj.com/news/markets?mod=breadcrumb", "https://www.wsj.com/market-data/commodities?mod=breadcrumb"]}, {"link": "https://www.wsj.com/articles/eliot-porters-birds-review-vibrant-plumage-vivid-hues-11579725199", "title": "'Eliot Porter's Birds' Review: Vibrant Plumage, Vivid Hues", "date": "2020-01-22 15:33", "summary": "The painstaking process of photographing wildlife pays off in colorful, spirited images.. Fort Worth, Texas", "categories": [["Books & Arts", "Art Review"]], "category_links": ["https://www.wsj.com/news/books-arts?mod=breadcrumb", "https://www.wsj.com/news/types/art-review?mod=breadcrumb"]}, {"link": "https://www.wsj.com/articles/fed-presses-forward-with-repos-wednesdays-operation-just-under-50-billion-11579708811", "title": "Fed Liquidity Operations Face Conflicting Currents in Wednesday Interventions", "date": "2020-01-22 15:32", "summary": "The central bank intervenes in the short-term money markets to maintain liquidity. The New York Fed market interventions faced a conflicting demand for central bank liquidity on Wednesday.", "categories": [["Economy", "U.S. Economy"]], "category_links": ["https://www.wsj.com/news/economy?mod=breadcrumb", "https://www.wsj.com/news/types/u-s-economy?mod=breadcrumb"]}, {"link": "https://www.wsj.com/articles/a-run-of-defections-appears-set-to-force-the-resignation-of-italys-5-star-11579706381", "title": "Italy's 5 Star Leader Resigns as Support Sinks", "date": "2020-01-22 15:30", "summary": "Lawmakers have switched to rival parties, weakening the coalition government and strengthening the right- wing League party. ROME-Italy's 5 Star Movement, once one of Europe's strongest antiestablishment parties, is reeling from a stream of defections and its leader resigned, weakening the coalition government and strengthening the hand of the far-right League party.", "categories": [["World", "Europe"]], "category_links": ["https://www.wsj.com/news/world?mod=breadcrumb", "https://www.wsj.com/news/types/europe-news?mod=breadcrumb"]}, {"link": "https://www.wsj.com/articles/europe-girds-for-trade-battle-with-u-s-11579724950", "title": "Europe Girds for Trade Battle", "date": "2020-01-22 15:29", "summary": "Officials see room to maneuver and retaliate as Trump says EU has 'no choice' but to make a deal. DAVOS, Switzerland-European politicians said they are prepared to defend themselves and would retaliate against any American tariffs, after President Trump set his sights on the continent as the next front in his global fight over trade.", "categories": [["World", "Europe"]], "category_links": ["https://www.wsj.com/news/world?mod=breadcrumb", "https://www.wsj.com/news/types/europe-news?mod=breadcrumb"]}, {"link": "https://www.wsj.com/articles/d-c-attorney-general-sues-trump-inaugural-committee-business-11579710924", "title": "D.C. Attorney General Sues Trump Inaugural Committee, Business", "date": "2020-01-22 15:27", "summary": "Complaint alleges overpayment to Trump Organization's Washington hotel for event space. WASHINGTON-District of Columbia Attorney General Karl Racine sued President Trump's inaugural committee and his family business on Wednesday, alleging that the committee abused its nonprofit status by overpaying the Trump Organization's Washington hotel for event space to enrich the company.", "categories": [["Politics"]], "category_links": ["https://www.wsj.com/news/politics?mod=breadcrumb"]}, {"link": "https://www.wsj.com/articles/u-s-regulator-to-move-on-low-income-lending-overhaul-without-fed-11579724385", "title": "Regulator to Move on Low-Income Lending Overhaul Without Fed", "date": "2020-01-22 15:19", "summary": "Rift between agencies means banks may have to comply with different sets of rules. WASHINGTON-A top U.S. banking regulator said Wednesday he plans to push ahead with a proposal to overhaul rules governing billions of dollars of lending in low-income neighborhoods despite objections from the Federal Reserve.", "categories": [["Economy", "U.S. Economy"]], "category_links": ["https://www.wsj.com/news/economy?mod=breadcrumb", "https://www.wsj.com/news/types/u-s-economy?mod=breadcrumb"]}, {"link": "https://www.wsj.com/articles/are-elite-golf-courses-worth-the-steep-fees-11579722654", "title": "Are Elite Golf Courses Worth the Steep Fees?", "date": "2020-01-22 14:50", "summary": "A few U.S. courses cater to seriously deep pockets, charging up to $550 for 18 holes. A premium experience-or just a waste of time and money? We argue both sides. THE GOLF BUSINESS is not so busy lately. After decades of expansion, courses have been closing faster than new ones open. \"Grow the game\" has long been the industry mantra. Good luck with that-Fortnite maybe, but golf? Not so much. The good news is that the grand game survives and can be played for a reasonable cost at innumerable municipal and \"daily fee\" courses. But the kind of golf made for bragging rights and tax write-offs alike has become increasingly inaccessible as the greens fees at elite courses have skyrocketed.", "categories": [["Life & Work", "Travel", "Off Duty Travel"]], "category_links": ["https://www.wsj.com/news/life-work?mod=breadcrumb", "https://www.wsj.com/news/magazine/travel?mod=breadcrumb", "https://www.wsj.com/news/types/off-duty-travel?mod=breadcrumb"]}, {"link": "https://www.wsj.com/articles/no-music-no-parties-no-tv-a-tourist-paradise-gets-dull-to-keep-crowds-away-11579722127", "title": "No Music, No Parties, No TV: A Tourist Paradise Gets Dull to Keep Crowds Away", "date": "2020-01-22 14:42", "summary": "Resume Subscription. JIBHI, India-Only the toughest trekkers used to know about Jibhi's Himalayan views and valleys. Then Instagram let the secret out, attracting a swarm of selfie junkies who brought noise, parties and trash. Now the village of around 150 people is trying to make itself boring to keep the riffraff out.", "categories": [[]], "category_links": []}, {"link": "https://www.wsj.com/articles/daimler-faces-further-emissions-hit-as-earnings-sink-11579685176", "title": "Germany's Luxury Car Makers Lose their Shine", "date": "2020-01-22 14:41", "summary": "Increased competition, legal woes and the push toward electric vehicles hit profits at Daimler, Volkswagen, BMW and Audi. BERLIN-After decades of churning out huge profits and setting the standard for premium cars, Germany's top luxury auto makers are on the retreat, hurt by increased competition, allegations of foul play and tech-heavy upstarts.", "categories": [["Business", "Autos & Transportation", "Autos Industry"]], "category_links": ["https://www.wsj.com/news/business?mod=breadcrumb", "https://www.wsj.com/news/business/transportation?mod=breadcrumb", "https://www.wsj.com/news/types/autos?mod=breadcrumb"]}, {"link": "https://www.wsj.com/articles/blackstone-ceo-says-businesses-must-address-climate-change-11579721175", "title": "Blackstone CEO Says Businesses Must Address Climate Change", "date": "2020-01-22 14:26", "summary": "Schwarzman says there's little doubt something 'very profound' appears to be happening. DAVOS, Switzerland- Blackstone Group Inc. Chief Executive Stephen Schwarzman said it is clear that the climate is changing, and businesses need to take action.", "categories": [["U.S."]], "category_links": ["https://www.wsj.com/news/us?mod=breadcrumb"]}, {"link": "https://www.wsj.com/articles/buenos-aires-province-extends-creditor-deadline-to-accept-bond-payment-delay-11579721145", "title": "Buenos Aires Province Extends Deadline on Bond-Payment Delay", "date": "2020-01-22 14:25", "summary": "Bondholders now have until Jan. 31 to decide whether to accept province's request to delay payment of $250 million in foreign debt. The province of Buenos Aires extended Wednesday' deadline for its creditors to accept a three-month delay in the repayment of $250 million in foreign debt after bondholders complained about the short notice the provincial government had originally given them.", "categories": [["Markets"]], "category_links": ["https://www.wsj.com/news/markets?mod=breadcrumb"]}, {"link": "https://www.wsj.com/articles/u-s-proposes-tighter-rules-for-emotional-support-animals-on-flights-11579720969", "title": "U.S. Moves to Let Airlines Ban Emotional-Support Animals", "date": "2020-01-22 14:22", "summary": "Proposed rule change would allow only service dogs trained to help travelers with physical or psychiatric disorders to fly for free. Airline passengers might soon have to leave their emotional-support animals at home.", "categories": [["U.S."]], "category_links": ["https://www.wsj.com/news/us?mod=breadcrumb"]}, {"link": "https://www.wsj.com/articles/mcdermott-unveils-bankruptcy-plan-that-hands-control-to-lenders-11579720690", "title": "McDermott Unveils Bankruptcy Plan That Hands Control to Lenders", "date": "2020-01-22 14:18", "summary": "Lenders including HPS, Baupost and Octagon are poised to take control of 94% of the reorganized engineering company under a plan that wipes out $4.6 billion in debt. McDermott International Inc. outlined its intention to emerge from bankruptcy in the coming months under new ownership with a plan that pays bondholders a minimal recovery and wipes out existing shareholders.", "categories": [["Pro Bankruptcy"]], "category_links": ["https://www.wsj.com/pro/bankruptcy?mod=breadcrumb"]}, {"link": "https://www.wsj.com/articles/a-los-angeles-fun-house-11579720305", "title": "A Los Angeles Fun House", "date": "2020-01-22 14:11", "summary": "This Hidden Hills, Calif., property comes with lots of toys, including an indoor-outdoor pool and an observatory.. We are delighted that you'd like to resume your subscription.", "categories": [[]], "category_links": []}, {"link": "https://www.wsj.com/articles/the-force-is-strong-inside-this-l-a-mansion-with-star-wars-themed-basement-11579719948", "title": "The Force Is Strong Inside This L.A. Mansion With Star Wars-Themed Basement", "date": "2020-01-22 14:05", "summary": "Resume Subscription. ", "categories": [[]], "category_links": []}, {"link": "https://www.wsj.com/articles/suny-downstate-accused-of-retaliating-against-whistleblower-surgeons-11579718998", "title": "SUNY Downstate Accused of Retaliating Against Whistleblower Surgeons", "date": "2020-01-22 13:49", "summary": "Suits allege doctors were fired for raising concerns about patient safety and deaths in the heart-surgery and organ-transplant programs. Two surgeons have accused a New York state-run university and its medical school of retaliating against them for reporting concerns to senior management about patient safety and deaths in the institution's heart-surgery and organ-transplant programs.", "categories": [["U.S.", "New York"]], "category_links": ["https://www.wsj.com/news/us?mod=breadcrumb", "https://www.wsj.com/news/types/new-york?mod=breadcrumb"]}, {"link": "https://www.wsj.com/articles/trump-and-entitlement-reform-11579718740", "title": "Trump and Entitlement Reform", "date": "2020-01-22 13:45", "summary": "A New York Times report overstates the good news.. It's not often that the New York Times makes President Trump sound better than he is, so perhaps today's dispatch from Washington is suitable for framing. The good news is that the United States may finally have a President who is interested in restraining federal spending. But he might not be as interested as the Times says he is.", "categories": [["Opinion", "Best of the Web"]], "category_links": ["https://www.wsj.com/news/opinion?mod=breadcrumb", "https://www.wsj.com/news/types/best-of-the-web-today?mod=breadcrumb"]}, {"link": "https://www.wsj.com/articles/bank-of-canada-leaves-key-interest-rate-unchanged-at-1-75-11579706509", "title": "Bank of Canada Leaves Key Interest Rate Unchanged at 1.75%", "date": "2020-01-22 13:42", "summary": "Central bank strikes more cautious tone, opening door to a future cut if outlook worsens. OTTAWA-The Bank of Canada left its key interest rate unchanged at 1.75% on Wednesday and marked down its estimates for near-term growth, opening the door for a future rate cut if the domestic outlook worsens.", "categories": [["World", "Canada"]], "category_links": ["https://www.wsj.com/news/world?mod=breadcrumb", "https://www.wsj.com/news/types/canada-news?mod=breadcrumb"]}, {"link": "https://www.wsj.com/articles/congress-to-weigh-surveillance-laws-in-wake-of-watchdog-report-on-fbi-11579717857", "title": "Congress to Weigh Surveillance Laws in Wake of Watchdog Report on FBI", "date": "2020-01-22 13:30", "summary": "Key statues enabling intelligence agencies to eavesdrop coming up for renewal. WASHINGTON-Key U.S. intelligence powers are due for renewal by Congress in March, setting the stage for a potential showdown over the broader framework of government surveillance after a recent watchdog report called out Federal Bureau of Investigation stumbles in seeking to wiretap a onetime Trump campaign adviser.", "categories": [["U.S."]], "category_links": ["https://www.wsj.com/news/us?mod=breadcrumb"]}, {"link": "https://www.wsj.com/articles/coronavirus-sparks-chinese-panic-buying-travel-cancellations-and-social-media-misinformation-11579698948", "title": "Virus Sparks Chinese Panic Buying, Travel Cancellations and Social-Media Misinformation", "date": "2020-01-22 13:28", "summary": "Long lines develop for suddenly scarce products promising protection in Beijing and other cities. BEIJING-Surgical masks flew off shelves, travelers canceled plans and rumors flooded social media as the number of confirmed infections of a new, pneumonia-causing coronavirus topped 500 cases across China.", "categories": [["World", "Asia", "China"]], "category_links": ["https://www.wsj.com/news/world?mod=breadcrumb", "https://www.wsj.com/news/types/asia-news?mod=breadcrumb", "https://www.wsj.com/news/types/china-news?mod=breadcrumb"]}, {"link": "https://www.wsj.com/articles/maker-of-hit-podcast-serial-explores-sale-11579717347", "title": "Maker of Hit Podcast 'Serial' Explores Sale", "date": "2020-01-22 13:22", "summary": "Serial Productions has one of the best-known brands in digital audio; New York Times considered a potential suitor. The company behind the hit true-crime podcast \"Serial\" is exploring a sale, according to a person familiar with the matter, putting one of digital audio's biggest brands on the market as the medium becomes increasingly popular.", "categories": [["Business", "Media & Marketing"]], "category_links": ["https://www.wsj.com/news/business?mod=breadcrumb", "https://www.wsj.com/news/business/media-marketing?mod=breadcrumb"]}, {"link": "https://www.wsj.com/articles/u-s-seeks-to-reset-clock-on-china-engagement-11579717301", "title": "U.S. Seeks to Reset Clock on China Engagement", "date": "2020-01-22 13:21", "summary": "Comments in Davos illustrate opposing interpretations of China's journey since joining World Trade Organization in 2001. DAVOS, Switzerland-A week after the U.S. and China reached a truce in their trade war, the two countries took to the world stage this week to blame each other for starting it.", "categories": [["Economy", "Capital Account"]], "category_links": ["https://www.wsj.com/news/economy?mod=breadcrumb", "https://www.wsj.com/news/types/capital-account?mod=breadcrumb"]}, {"link": "https://www.wsj.com/articles/u-s-union-membership-hits-another-record-low-11579715320", "title": "U.S. Union Membership Hits Another Low", "date": "2020-01-22 13:19", "summary": "Number of union members fell by 170,000 in 2019, reducing share of workforce in labor unions to 10.3%. WASHINGTON-The share of American workers in labor unions fell to a fresh record low last year, despite an uptick in the ranks of unionized state-government employees.", "categories": [["Economy", "U.S. Economy"]], "category_links": ["https://www.wsj.com/news/economy?mod=breadcrumb", "https://www.wsj.com/news/types/u-s-economy?mod=breadcrumb"]}, {"link": "https://www.wsj.com/articles/india-sees-opportunity-as-u-s-remakes-its-alliances-11579717050", "title": "India Sees Opportunity as U.S. Remakes Its Alliances", "date": "2020-01-22 13:17", "summary": "Modi's team prepares for a Trump visit while preserving Russia ties and trying to not anger China. NEW DELHI-India sees the Trump administration's reassessment of America's traditional alliances as a strategic opportunity-a shift that allows New Delhi to deepen ties with Washington without provoking retribution from China or destroying a longstanding partnership with Russia.", "categories": [["World", "Asia", "India"]], "category_links": ["https://www.wsj.com/news/world?mod=breadcrumb", "https://www.wsj.com/news/types/asia-news?mod=breadcrumb", "https://www.wsj.com/news/types/india-news?mod=breadcrumb"]}, {"link": "https://www.wsj.com/articles/trump-says-tariff-threats-will-lead-to-trade-deal-with-europe-11579692254", "title": "Trump Ends Davos Trip Talking Trade, WTO and Impeachment", "date": "2020-01-22 12:13", "summary": "President says Europe has no choice but to make a trade deal with U.S., signals concern over calling witnesses at Senate trial. President Trump said he hoped to clinch a trade agreement with Europe before the 2020 U.S. presidential election, promised overhauls of the World Trade Organization and signaled concern over calling witnesses at the Senate impeachment trial.", "categories": [["Politics"]], "category_links": ["https://www.wsj.com/news/politics?mod=breadcrumb"]}, {"link": "https://www.wsj.com/articles/ibms-turn-might-stick-11579712059", "title": "IBM's Turn Might Stick", "date": "2020-01-22 11:54", "summary": "Cloud and Red Hat deal return tech giant's growth prospects. Growth isn't exactly uncharted territory for IBM, but it has been a while.", "categories": [["Markets", "Heard on the Street"]], "category_links": ["https://www.wsj.com/news/markets?mod=breadcrumb", "https://www.wsj.com/news/heard-on-the-street?mod=breadcrumb"]}, {"link": "https://www.wsj.com/articles/johnson-johnson-is-regaining-its-health-11579711771", "title": "Johnson & Johnson Is Regaining Its Health", "date": "2020-01-22 11:49", "summary": "Despite mixed fourth-quarter results, the pharmaceutical giant is on the mend. It is business as usual at Johnson & Johnson . After a difficult year, that should be a welcome sign for shareholders.", "categories": [["Markets", "Heard on the Street"]], "category_links": ["https://www.wsj.com/news/markets?mod=breadcrumb", "https://www.wsj.com/news/heard-on-the-street?mod=breadcrumb"]}, {"link": "https://www.wsj.com/articles/a-brush-with-fragile-bushland-11579710772", "title": "Australia's Fragile Blue Mountains, Before the Blaze and Now", "date": "2020-01-22 11:32", "summary": "Novelist Tishani Doshi on the 'ecotastrophy' threatening the wildlife and prehistoric landscape of Australia's Blue Mountains. I CAN'T STOP LOOKING at images of Australia's bush fires. One composite 3-D visualization created using NASA satellite data makes the country look like a charred lung turned sideways, a gash of a continent ablaze. A friend writes to say they are going through an \"ecotastrophy\"-early estimates of over a billion animals dead, more than 27,000 square miles of scorched land, and apocalyptic red skies that have drifted over to New Zealand. Another friend tells me about how she goes to sit in the fire ground to connect with what's left. The other day she heard black cockatoos perched in burned-out trees make a sound she could only interpret as screaming.", "categories": [["Life & Work", "Travel", "Traveler's Tale"]], "category_links": ["https://www.wsj.com/news/life-work?mod=breadcrumb", "https://www.wsj.com/news/magazine/travel?mod=breadcrumb", "https://www.wsj.com/news/types/traveler-s-tale?mod=breadcrumb"]}, {"link": "https://www.wsj.com/articles/the-rise-of-black-stylists-behind-the-grammys-11579707124", "title": "The Rise of Black Stylists Behind the Grammys", "date": "2020-01-22 11:30", "summary": "Resume Subscription. Stylist Jason Rembert recalls how some fashion brands used to balk at lending red-carpet gowns to black celebrities for black awards shows.", "categories": [[]], "category_links": []}, {"link": "https://www.wsj.com/articles/canadas-annual-inflation-rate-rose-2-2-in-december-11579710475", "title": "Canada's Annual Inflation Rate Rose 2.2% in December", "date": "2020-01-22 11:27", "summary": "CPI climbs on higher gasoline costs; report indicates softening in underlying price pressures. OTTAWA-Canada's annual inflation rate climbed in December on higher costs for gasoline, although data indicated a softening in underlying price pressures that some economists reckon will continue through 2020.", "categories": [["World", "Canada"]], "category_links": ["https://www.wsj.com/news/world?mod=breadcrumb", "https://www.wsj.com/news/types/canada-news?mod=breadcrumb"]}, {"link": "https://www.wsj.com/articles/china-virus-kills-two-more-patients-as-authorities-step-up-control-measures-11579614626", "title": "First U.S. Case Reported of Deadly Wuhan Virus", "date": "2020-01-22 11:26", "summary": "The coronavirus has sickened hundreds, killed six in China. A man in Washington state has been diagnosed with a deadly strain of coronavirus, the first case to be confirmed in the U.S. in an outbreak that has sickened hundreds of people in Asia, federal and state health officials said Tuesday.", "categories": [["World", "Asia", "China"]], "category_links": ["https://www.wsj.com/news/world?mod=breadcrumb", "https://www.wsj.com/news/types/asia-news?mod=breadcrumb", "https://www.wsj.com/news/types/china-news?mod=breadcrumb"]}, {"link": "https://www.wsj.com/articles/who-really-shines-in-the-goop-glow-11579710263", "title": "Who Really Shines in the Goop Glow?", "date": "2020-01-22 11:24", "summary": "Gwyneth Paltrow's wellness brand debuts new series as practitioners bask in the limelight. In the new Netflix show \"The Goop Lab with Gwyneth Paltrow,\" energy practitioner John Amaral hovers his hands a few inches over stressed-out clients in what looks like a spa version of an exorcism. After their bodies twist and twitch in response, they report feeling better.", "categories": [["Books & Arts", "Arts", "Television"]], "category_links": ["https://www.wsj.com/news/books-arts?mod=breadcrumb", "https://www.wsj.com/news/books-arts/arts?mod=breadcrumb", "https://www.wsj.com/news/types/television?mod=breadcrumb"]}, {"link": "https://www.wsj.com/articles/sanders-aims-for-positive-campaign-allies-dont-always-follow-11579694402", "title": "Sanders Aims for Positive Campaign, but Allies Don't Always Follow", "date": "2020-01-22 11:10", "summary": "Vermont senator apologizes for supporter's comments about Joe Biden. Mr. Sanders's wife tweets call for unity.. Bernie Sanders says he is running a positive presidential campaign, but some of his aides and supporters are testing those boundaries.", "categories": [["Politics", "Election 2020"]], "category_links": ["https://www.wsj.com/news/politics?mod=breadcrumb", "https://www.wsj.com/news/types/election-2020?mod=breadcrumb"]}, {"link": "https://www.wsj.com/articles/south-koreas-military-discharges-transgender-soldier-11579697345", "title": "South Korea's Military Discharges Its First Transgender Soldier", "date": "2020-01-22 11:09", "summary": "LGBT community viewed Sgt. Byun's fate as a test case for the role of gay and transgender people in the conservative country. SEOUL-A transgender soldier who enlisted in South Korea's army as a man who wanted to continue serving as a woman after sex reassignment surgery has been discharged, with a military panel saying she had violated regulations.", "categories": [["World", "Asia"]], "category_links": ["https://www.wsj.com/news/world?mod=breadcrumb", "https://www.wsj.com/news/types/asia-news?mod=breadcrumb"]}, {"link": "https://www.wsj.com/articles/johnson-johnsons-profit-sales-rise-11579694356", "title": "Johnson & Johnson's Profit, Sales Rise", "date": "2020-01-22 11:06", "summary": "Health-products company reported fourth-quarter adjusted earnings above Wall Street estimates, but sales fell short of expectations. Johnson & Johnson said its profit and sales rose for the fourth quarter, with increased pharmaceutical and consumer-product sales helping to offset a slight drop in medical-device sales.", "categories": [["Business", "Earnings"]], "category_links": ["https://www.wsj.com/news/business?mod=breadcrumb", "https://www.wsj.com/news/types/earnings?mod=breadcrumb"]}, {"link": "https://www.wsj.com/articles/investors-rattled-by-chinas-coronavirus-look-to-past-epidemics-for-clues-11579697553", "title": "Investors Rattled by China's Coronavirus Look to Past Epidemics for Clues", "date": "2020-01-22 11:04", "summary": "SARS, the respiratory illness that rocked Hong Kong and China in 2003, left a lasting impact on the economy and markets. HONG KONG-Investors fixated on the mysterious pneumonia-causing virus that originated in China are looking to past viral outbreaks to assess how bad the damage could be on the economy and markets this time around.", "categories": [["Markets"]], "category_links": ["https://www.wsj.com/news/markets?mod=breadcrumb"]}, {"link": "https://www.wsj.com/articles/i-refocused-on-living-a-life-with-purpose-readers-share-their-stories-of-midlife-crisis-11579708284", "title": "'I Refocused on Living a Life With Purpose': Readers Share Their Stories of Midlife Crisis", "date": "2020-01-22 10:51", "summary": "'The Virtuous Midlife Crisis,' an article about Generation X's take on midlife re-evaluation, prompted readers to share their experiences. \"The Virtuous Midlife Crisis,\" a Wall Street Journal article about how today's 40- and 50-somethings are skipping the stereotypical sports car and Vegas weekend and pushing headlong into fitness and mindfulness instead, led readers to recount their own midlife reinventions.", "categories": [["Life & Work", "Health & Wellness"]], "category_links": ["https://www.wsj.com/news/life-work?mod=breadcrumb", "https://www.wsj.com/news/types/health-wellness?mod=breadcrumb"]}, {"link": "https://www.wsj.com/articles/top-public-and-private-colleges-in-the-west-11579705893", "title": "Top Public and Private Colleges in the West", "date": "2020-01-22 10:11", "summary": "UCLA is the region's top public school and Caltech the leading private college in the WSJ/THE College Rankings. The University of California, Los Angeles is one of six schools in the University of California system among the top 10 public schools in the West, according to the Wall Street Journal/Times Higher Education College Rankings.", "categories": [["Life & Work", "Journal Reports: College Rankings"]], "category_links": ["https://www.wsj.com/news/life-work?mod=breadcrumb", "https://www.wsj.com/news/types/journal-reports-college-rankings?mod=breadcrumb"]}, {"link": "https://www.wsj.com/articles/downsizing-your-home-is-hard-how-to-decide-whats-worth-keeping-11579705258", "title": "Downsizing Your Home Is Hard. How to Decide What's Worth Keeping.", "date": "2020-01-22 10:00", "summary": "Firms and services that specialize in downsizing can help you let go of your stuff-and the emotions attached to it-before the big move. As a top Hollywood talent agent for over 40 years, Deborah Miller Lakoff represented big names like William Devane, Ned Beatty, Bob Uecker and Julio Iglesias. For proof, one could just look in her garage.", "categories": [["Real Estate", "Counting House"]], "category_links": ["https://www.wsj.com/news/realestate?mod=breadcrumb", "https://www.wsj.com/news/types/counting-house?mod=breadcrumb"]}, {"link": "https://www.wsj.com/articles/target-cio-helped-retailer-find-its-tech-groove-11579705200", "title": "Target CIO Helped Retailer Find Its Tech Groove", "date": "2020-01-22 10:00", "summary": "Focus on speedy software development, in-house IT staff fueled company's tech turnaround. Michael McNamara knew Target Corp. had challenges when he was hired as chief information officer in 2015. The retailer, knocked around by public failures including a December 2013 data breach, was \"lacking confidence\" and \"down on its heels,\" he recalled.", "categories": [["CIO Journal"]], "category_links": ["https://www.wsj.com/news/types/cio-journal?mod=breadcrumb"]}, {"link": "https://www.wsj.com/articles/see-ya-streetwear-suits-are-back-11579703809", "title": "Men, Meet Your Next Suit. It's Lime Green.", "date": "2020-01-22 09:36", "summary": "Fashion shows in Milan and Paris this month were rife with tantalizing tailoring. Yet the question remains, will shoppers-especially young shoppers-swap sweats for suits?. Four years ago I wrote about the possibility that the men's suit was becoming extinct. At the time, designers were abandoning traditional tailoring for streetwear looks calculated to connect on social media. So deep was my pessimism I even compared the suit to \"an endangered black rhino.\" But after attending two weeks of men's fashion shows and presentations throughout Europe, I can assert that the suit is back.", "categories": [["Life & Work", "Style & Fashion", "On Trend"]], "category_links": ["https://www.wsj.com/news/life-work?mod=breadcrumb", "https://www.wsj.com/news/life-work/fashion?mod=breadcrumb", "https://www.wsj.com/news/types/on-trend?mod=breadcrumb"]}, {"link": "https://www.wsj.com/articles/boeings-latest-setback-could-have-a-silver-lining-11579703285", "title": "Boeing's Latest Setback Could Have a Silver Lining", "date": "2020-01-22 09:28", "summary": "Pushing back recertification of the 737 MAX until mid-2020 is bad news, but the new Boeing CEO is right to take a conservative approach. Everything seems to be going wrong for Boeing . In the latest batch of bad news, however, there may be some grounds for optimism.", "categories": [["Markets", "Heard on the Street"]], "category_links": ["https://www.wsj.com/news/markets?mod=breadcrumb", "https://www.wsj.com/news/heard-on-the-street?mod=breadcrumb"]}, {"link": "https://www.wsj.com/articles/terry-jones-star-of-monty-python-dies-at-77-11579699269", "title": "Terry Jones, Star of Monty Python, Dies at 77", "date": "2020-01-22 09:17", "summary": "He was one of the founders of Monty Python's Flying Circus, whose anarchic humor helped revolutionize comedy. LONDON-Terry Jones, a founding member of the anarchic Monty Python troupe who was hailed by a colleague as \"the complete Renaissance comedian,\" has died after a battle with dementia.", "categories": [["World", "Obituaries"]], "category_links": ["https://www.wsj.com/news/world?mod=breadcrumb", "https://www.wsj.com/news/types/obituaries?mod=breadcrumb"]}, {"link": "https://www.wsj.com/articles/former-lse-boss-xavier-rolet-steps-down-as-chief-of-cqs-11579701715", "title": "Former LSE Boss Steps Down as Chief of Asset Manager CQS", "date": "2020-01-22 09:01", "summary": "Xavier Rolet took on the top job at billionaire Michael Hintze's asset-management firm as part of efforts to add scale. LONDON-Xavier Rolet, the former head of London Stock Exchange Group PLC, is stepping down after a year as chief executive of investment firm CQS.", "categories": [["Markets"]], "category_links": ["https://www.wsj.com/news/markets?mod=breadcrumb"]}, {"link": "https://www.wsj.com/articles/morgan-stanley-executive-rich-portogallo-to-retire-11579701653", "title": "Morgan Stanley Executive Rich Portogallo to Retire", "date": "2020-01-22 09:00", "summary": "Executive helped build bank's prime-brokerage business into a Wall Street powerhouse. Morgan Stanley executive Rich Portogallo, who helped build the bank's prime-brokerage business into a Wall Street powerhouse, is retiring after 34 years at the firm, according to an internal memo circulated Wednesday.", "categories": [["Markets"]], "category_links": ["https://www.wsj.com/news/markets?mod=breadcrumb"]}, {"link": "https://www.wsj.com/articles/robert-covington-nba-trade-deadline-11579635151", "title": "The NBA's Best Teams Are Battling for-Wait, Who?", "date": "2020-01-22 09:00", "summary": "Robert Covington is a role player who went unrecruited out of high school and undrafted out of college. He's also the most coveted man on the NBA trade market.. From the very first night of his NBA career, there was something odd about Robert Covington.", "categories": [["Sports", "NBA"]], "category_links": ["https://www.wsj.com/news/sports?mod=breadcrumb", "https://www.wsj.com/news/types/nba?mod=breadcrumb"]}, {"link": "https://www.wsj.com/articles/joker-zazie-beetz-falls-asleep-11579701091", "title": "How 'Joker' Actor Zazie Beetz Falls Asleep When She's Stressed", "date": "2020-01-22 08:54", "summary": "The actor, of FX's 'Atlanta' and Oscar juggernaut 'Joker' fame, is soon to be a household name. Why she uses YouTube documentaries and visualization techniques to unwind. A monthly column clocking people's nighttime rituals and product regimens.", "categories": [["Magazine - Culture"]], "category_links": ["https://www.wsj.com/news/types/magazine-culture?mod=breadcrumb"]}, {"link": "https://www.wsj.com/articles/the-cards-are-in-capital-ones-favor-11579700434", "title": "The Cards Are in Capital One's Favor", "date": "2020-01-22 08:40", "summary": "Solid consumer credit performance gives bank a green light to keep growing. What's in Capital One Financial's quarterly wallet is often seen as an indicator for the state of consumer lending. That indicator looks like a green light at the moment.", "categories": [["Markets", "Heard on the Street"]], "category_links": ["https://www.wsj.com/news/markets?mod=breadcrumb", "https://www.wsj.com/news/heard-on-the-street?mod=breadcrumb"]}, {"link": "https://www.wsj.com/articles/nassar-victims-move-to-throw-out-usa-gymnastics-bankruptcy-bid-11579698001", "title": "Nassar Victims Move to Throw Out USA Gymnastics' Bankruptcy Bid", "date": "2020-01-22 08:00", "summary": "The gymnasts and the federation remain far apart in mediation to resolve legal claims stemming from decades of sexual abuse. Victims of longtime national team physician Larry Nassar moved to dismiss USA Gymnastics' bankruptcy proceedings Tuesday, a sign that the gymnasts and federation remain far apart in mediation talks to resolve legal claims stemming from sexual abuse by Nassar over a three-decade period.", "categories": [["Sports"]], "category_links": ["https://www.wsj.com/news/sports?mod=breadcrumb"]}, {"link": "https://www.wsj.com/articles/options-markets-brace-for-election-volatility-11579694401", "title": "Options Markets Brace for Election Volatility", "date": "2020-01-22 07:00", "summary": "S&P 500 volatility tends to especially pick up in October and November ahead of the election, Credit Suisse says. Options markets are bracing for big swings in stock prices around the U.S. presidential election.", "categories": [["Markets", "Stocks"]], "category_links": ["https://www.wsj.com/news/markets?mod=breadcrumb", "https://www.wsj.com/news/markets/stocks?mod=breadcrumb"]}, {"link": "https://www.wsj.com/articles/astros-players-cheated-baseball-wanted-answers-so-they-made-a-deal-11579694400", "title": "The Astros Cheated. Baseball Wanted Answers. So It Made a Deal.", "date": "2020-01-22 07:00", "summary": "MLB struck an agreement with the MLBPA early in the investigation granting immunity for honest testimony. In a scathing investigatory report released last week, Major League Baseball commissioner Rob Manfred repeatedly refers to the Houston Astros' sign-stealing scheme in 2017 and 2018 as \"player-driven.\" Yet Manfred also declared: \"I will not assess discipline against individual Astros players.\"", "categories": [["Sports", "MLB"]], "category_links": ["https://www.wsj.com/news/sports?mod=breadcrumb", "https://www.wsj.com/news/types/mlb?mod=breadcrumb"]}, {"link": "https://www.wsj.com/articles/the-best-seats-airlines-hold-back-from-frequent-fliers-11579694401", "title": "The Best Seats Airlines Hold Back From Frequent Fliers", "date": "2020-01-22 07:00", "summary": "U.S. airlines have gotten particularly stingy in offering international business- and first-class seats for the lowest available number of points or miles. The top dream in frequent-flier awards has become an illusion at U.S. airlines.", "categories": [["Life & Work", "Travel", "The Middle Seat"]], "category_links": ["https://www.wsj.com/news/life-work?mod=breadcrumb", "https://www.wsj.com/news/magazine/travel?mod=breadcrumb", "https://www.wsj.com/news/types/the-middle-seat?mod=breadcrumb"]}, {"link": "https://www.wsj.com/articles/taiwan-virus-case-highlights-chinese-efforts-to-exclude-taipei-from-world-health-organization-11579634031", "title": "As Virus Spreads, Isolated Taiwan Risks Being a Loophole in War on Epidemics", "date": "2020-01-22 06:41", "summary": "Chinese efforts to exclude Taipei from WHO hamper global response to health crises, officials and experts say. Taiwan's first reported case of a patient infected by a deadly coronavirus spreading across Asia turns a spotlight on Beijing's attempts to exclude the self-governing island from the World Health Organization, which Taiwanese officials say hinders an effective global response to public-health crises.", "categories": [["World", "Asia"]], "category_links": ["https://www.wsj.com/news/world?mod=breadcrumb", "https://www.wsj.com/news/types/asia-news?mod=breadcrumb"]}, {"link": "https://www.wsj.com/articles/money-managers-lured-by-rich-returns-venture-into-risky-world-of-trade-finance-11579691029", "title": "Money Managers Venture Into Risky World of Trade Finance", "date": "2020-01-22 06:03", "summary": "Trade finance has historically been dominated by banks-but some powerhouses are dialing back. ", "categories": [["Markets"]], "category_links": ["https://www.wsj.com/news/markets?mod=breadcrumb"]}, {"link": "https://www.wsj.com/articles/the-dark-business-of-coronavirus-11579690108", "title": "The Dark Business of Coronavirus", "date": "2020-01-22 05:51", "summary": "A mobile game called Plague Inc. becomes the top paid app in China's version of Apple's App Store. The link between viruses, viral news stories and business is inevitably an uncomfortable one. It gets darker still when the business is a game in which players spread a virtual disease.", "categories": [["Markets", "Overheard"]], "category_links": ["https://www.wsj.com/news/markets?mod=breadcrumb", "https://www.wsj.com/news/types/overheard?mod=breadcrumb"]}, {"link": "https://www.wsj.com/articles/johns-hopkins-university-reimagines-the-m-b-a-11579689000", "title": "Johns Hopkins University Reimagines the M.B.A.", "date": "2020-01-22 05:30", "summary": "The Baltimore business school is threading health-care courses throughout its program, refocusing on quant skills. Johns Hopkins University is blowing up its business-school curriculum.", "categories": [["Business", "Management", "Management & Careers"]], "category_links": ["https://www.wsj.com/news/business?mod=breadcrumb", "https://www.wsj.com/news/business/management?mod=breadcrumb", "https://www.wsj.com/news/types/management-careers?mod=breadcrumb"]}, {"link": "https://www.wsj.com/articles/cbs-bets-big-on-star-trek-picard-to-boost-streaming-business-11579689000", "title": "CBS Bets Big on 'Star Trek: Picard' to Boost Streaming", "date": "2020-01-22 05:30", "summary": "ViacomCBS's All Access is riding the Starship Enterprise to distinguish itself in a crowded field. As the overseer of the \"Star Trek\" television properties for Viacom CBS Inc., producer Alex Kurtzman is charged with updating the space drama for a new generation without alienating its hard-core fans.", "categories": [["Business"]], "category_links": ["https://www.wsj.com/news/business?mod=breadcrumb"]}, {"link": "https://www.wsj.com/articles/stocks-to-watch-tesla-apple-general-motors-netflix-johnson-johnson-11579688413", "title": "Stocks to Watch: Tesla, Apple, General Motors, Netflix, Johnson & Johnson", "date": "2020-01-22 05:20", "summary": "Here are some of the companies with shares expected to trade actively Wednesday. Here are some of the companies with shares expected to trade actively in Wednesday's session. Stock movements noted by ticker reflect movements during regular trading hours; premarket trading is specified separately.", "categories": [["Markets", "MoneyBeat"]], "category_links": ["https://www.wsj.com/news/markets?mod=breadcrumb", "https://www.wsj.com/news/types/moneybeat?mod=breadcrumb"]}, {"link": "https://www.wsj.com/articles/for-senators-at-impeachment-trial-no-coffee-no-cellphones-and-no-talking-11579644399", "title": "For Senators at Impeachment Trial, No Coffee, No Cellphones and No Talking", "date": "2020-01-22 04:07", "summary": "Democratic and Republican lawmakers buckle down for contentious days and long nights ahead. The impeachment trial of President Trump exchanged the ceremony of last week's opening session for a bruising battle over rules on Tuesday, as a somber Capitol Hill adjusted to new restrictions on lawmakers and the press-and buckled down for contentious days and long nights ahead.", "categories": [["Politics"]], "category_links": ["https://www.wsj.com/news/politics?mod=breadcrumb"]}, {"link": "https://www.wsj.com/articles/senate-impeachment-trial-of-president-trump-set-to-begin-11579602601", "title": "After Marathon Session, Senate Passes Trump Impeachment Trial Rules", "date": "2020-01-22 02:40", "summary": "Vote, along party lines, pushed off question of whether to call witnesses, allow new evidence. WASHINGTON-Senators approved rules early Wednesday morning for the third presidential impeachment trial in U.S. history, after President Trump's legal team clashed with Democrats over their allegations of abuse of power and obstruction of Congress.", "categories": [["Politics"]], "category_links": ["https://www.wsj.com/news/politics?mod=breadcrumb"]}, {"link": "https://www.wsj.com/articles/gms-cruise-reveals-new-robot-taxi-toaster-shaped-no-steering-wheel-11579670413", "title": "GM's Cruise Reveals New Robot Taxi: Toaster-Shaped, No Steering Wheel", "date": "2020-01-22 00:20", "summary": "U.S. automobile giant plans to unveil production details soon for its on-demand ride-hailing car. SAN FRANCISCO- General Motors Co. 's autonomous car unit, Cruise, revealed a toaster-shaped robot taxi that it says will be cheaper than taking a human-driven ride-hailing service or driving a car.", "categories": [["Tech"]], "category_links": ["https://www.wsj.com/news/technology?mod=breadcrumb"]}, {"link": "https://www.wsj.com/articles/hong-kong-pro-democracy-leader-faces-incitement-charge-11579613428", "title": "Hong Kong Protest Organizer Faces Incitement Charge", "date": "2020-01-22 00:19", "summary": "Ventus Lau, who has organized several large protests over the past few months, could be jailed for up to six years, according to his lawyer. A leading organizer of the pro-democracy protests in Hong Kong appeared in court Tuesday, accused of defying police orders to disband a rally, in what activists say is an effort by city authorities to weaken the opposition movement by deterring others from staging demonstrations.", "categories": [["World", "Asia"]], "category_links": ["https://www.wsj.com/news/world?mod=breadcrumb", "https://www.wsj.com/news/types/asia-news?mod=breadcrumb"]}, {"link": "https://www.wsj.com/articles/this-technique-takes-a-recipe-from-ordinary-to-electrifying-11579709599", "title": "This Technique Takes a Recipe From Ordinary to Electrifying", "date": "2020-01-22 00:01", "summary": "Tarka, the Indian method of infusing oil with spices and aromatics, brings warmth and vitality to a comforting bowl of lentils. AT AGE 9 Cheetie Kumar made her first dal, the Indian staple of stewed lentils. \"It was a rite of passage,\" she said. At 13, she mastered frying spices and aromatics such as onions, ginger and garlic in oil-a technique known as tarka-to unlock fat-soluble flavor compounds. Today Ms. Kumar uses tarka in a number of dishes at her restaurant Garland in Raleigh, N.C. \"I rely on it for vibrancy,\" she said. Stirred into a mellow dal, the flavorful oil is like a bolt of lightning.", "categories": [["Life & Work", "Food & Drink", "Slow Food Fast"]], "category_links": ["https://www.wsj.com/news/life-work?mod=breadcrumb", "https://www.wsj.com/news/life-work/food-cooking-drink?mod=breadcrumb", "https://www.wsj.com/news/types/slow-food-fast?mod=breadcrumb"]}, {"link": "https://www.wsj.com/articles/pepper-and-salt-11579634863", "title": "Pepper...and Salt", "date": "2020-01-22 00:01", "summary": "Resume Subscription. We are delighted that you'd like to resume your subscription.", "categories": [["Opinion", "Pepper & Salt"]], "category_links": ["https://www.wsj.com/news/opinion?mod=breadcrumb", "https://www.wsj.com/news/types/pepper-salt?mod=breadcrumb"]}, {"link": "https://www.wsj.com/articles/bezos-phone-was-likely-hacked-by-chat-account-linked-to-saudi-prince-audit-finds-11579666857", "title": "Bezos' Phone Was Likely Hacked by Chat Account Linked to Saudi Prince, Audit Finds", "date": "2020-01-22 00:01", "summary": "Phone allegedly began leaking data shortly after being sent a video file from WhatsApp account linked to Prince Mohammed. WASHINGTON-Cybersecurity experts hired by Amazon.com Inc. founder Jeff Bezos have alleged that his phone was probably hacked in 2018 by a WhatsApp account associated with Saudi Crown Prince Mohammed bin Salman, according to a person familiar with the matter.", "categories": [["Business"]], "category_links": ["https://www.wsj.com/news/business?mod=breadcrumb"]}, {"link": "https://www.wsj.com/articles/recipe-for-a-cake-seriously-worth-the-splurge-11579725970", "title": "Recipe for a Cake Seriously Worth the Splurge", "date": "2020-01-22 00:01", "summary": "Sauternes is a wine made for special occasions. Baked into a cake it's doubly extravagant, and the recipe is otherwise surprisingly simple. I KNOW THE HOLIDAYS are over. But occasions to celebrate arise in every month of the year. When they do, I recommend adopting this French festive custom: Serve a cake infused with sweet, rich Sauternes, a wine that reliably telegraphs opulence and indulgence.", "categories": [["Life & Work", "Food & Drink"]], "category_links": ["https://www.wsj.com/news/life-work?mod=breadcrumb", "https://www.wsj.com/news/life-work/food-cooking-drink?mod=breadcrumb"]}, {"link": "https://www.wsj.com/articles/derek-jeter-wasnt-any-different-in-october-thats-why-hes-a-legend-11579611399", "title": "Derek Jeter, Larry Walker Are Elected Into Baseball's Hall of Fame", "date": "2020-01-22 23:40", "summary": "The former Yankees shortstop appeared on 396 of the 397 ballots cast by the Baseball Writers' Association of America. Derek Jeter was elected into the Hall of Fame on Tuesday night, and it's clear what will come next: well-intentioned people offering breathless odes to how the longtime New York Yankees shortstop elevated his performance in the postseason. This is the narrative that earned him the nickname of \"Captain Clutch\" and solidified his place not just as a great player, but as an all-time legend.", "categories": [["Sports", "MLB"]], "category_links": ["https://www.wsj.com/news/sports?mod=breadcrumb", "https://www.wsj.com/news/types/mlb?mod=breadcrumb"]}, {"link": "https://www.wsj.com/articles/mitsubishi-offices-in-germany-raided-in-diesel-emissions-fraud-probe-11579622693", "title": "Mitsubishi Offices in Germany Raided in Diesel-Emissions Fraud Probe", "date": "2020-01-22 23:23", "summary": "Raids across three German states seek evidence models may be equipped with test-cheating software. BERLIN-German authorities raided facilities connected to the German subsidiary of Mitsubishi Motors Corp. as part of a probe into allegations that the Japanese auto maker installed illegal emissions-management software on some diesel-powered vehicles sold in Germany.", "categories": [["Business", "Europe"]], "category_links": ["https://www.wsj.com/news/business?mod=breadcrumb", "https://www.wsj.com/news/types/europe-news?mod=breadcrumb"]}, {"link": "https://www.wsj.com/articles/military-panel-will-decide-the-fate-of-south-koreas-first-transgender-soldier-11579627613", "title": "South Korea's First Transgender Soldier Might Get Thrown Out of the Military", "date": "2020-01-22 23:13", "summary": "After sex-reassignment surgery in Thailand, the anonymous soldier has found herself a test case for the role of LGBT people in South Korea. SEOUL-A South Korean transgender soldier faces a potential discharge this week after undergoing gender-reassignment surgery late last year, in a test case for the role LGBT people play in the socially conservative country.", "categories": [["World", "Asia"]], "category_links": ["https://www.wsj.com/news/world?mod=breadcrumb", "https://www.wsj.com/news/types/asia-news?mod=breadcrumb"]}, {"link": "https://www.wsj.com/articles/xerox-to-nominate-as-many-as-11-directors-to-hp-board-11579661836", "title": "Xerox to Nominate as Many as 11 Directors to HP Board", "date": "2020-01-22 22:20", "summary": "Xerox in recent weeks bought a small HP stake. Xerox Holdings Corp. is preparing to nominate as many as 11 directors to HP Inc.'s board, according to people familiar with matter, in an aggressive move to push a $33 billion unsolicited takeover bid for the maker of computers and printers.", "categories": [["WSJ News Exclusive", "Deals"]], "category_links": ["https://www.wsj.com/news/types/deals-deal-makers?mod=breadcrumb"]}, {"link": "https://www.wsj.com/articles/recording-academy-ceo-files-discrimination-complaint-days-before-grammy-awards-11579660449", "title": "Recording Academy CEO Files Discrimination Complaint Ahead of Grammy Awards", "date": "2020-01-22 21:34", "summary": "Deborah Dugan says she was placed on leave in retaliation for raising concerns at body that bestows Grammys. The chief executive of the Recording Academy, who has been on leave involuntarily since last week, filed a discrimination complaint alleging that the group's general counsel sexually harassed her and that its board of directors improperly influences nominations for the Grammy Awards.", "categories": [["Books & Arts", "Arts", "Music"]], "category_links": ["https://www.wsj.com/news/books-arts?mod=breadcrumb", "https://www.wsj.com/news/books-arts/arts?mod=breadcrumb", "https://www.wsj.com/news/types/music?mod=breadcrumb"]}, {"link": "https://www.wsj.com/articles/argentine-governor-rattles-markets-with-plans-to-delay-bond-payment-11579639842", "title": "Argentine Governor Rattles Markets With Plans to Delay Bond Payment", "date": "2020-01-22 21:27", "summary": "The far-left politician is raising fears that his faction of the ruling Peronist coalition could push the rest of the federal government into a messy new debt default. A far-left governor of Argentina's most populous province is rattling investors with plans to hold off paying back foreign debt, raising fears that his faction of the ruling Peronist coalition could push the rest of the federal government into a messy new debt default.", "categories": [["Markets", "Credit Markets"]], "category_links": ["https://www.wsj.com/news/markets?mod=breadcrumb", "https://www.wsj.com/news/types/credit-markets?mod=breadcrumb"]}, {"link": "https://www.wsj.com/articles/netflix-misses-its-subscriber-forecast-11579641293", "title": "Netflix Subscriber Growth Falls Short in U.S., but Leaps Abroad", "date": "2020-01-22 21:04", "summary": "Streaming firm faces rising competition in home market, and misses its October domestic forecast. Netflix Inc. missed its forecast for U.S. subscriber growth for the third straight quarter, but blew through its expectations for overseas expansion, a mixed performance that comes as the streaming giant faces heightened competition from a gaggle of rivals.", "categories": [["Business", "Earnings"]], "category_links": ["https://www.wsj.com/news/business?mod=breadcrumb", "https://www.wsj.com/news/types/earnings?mod=breadcrumb"]}, {"link": "https://www.wsj.com/articles/psychologist-defends-interrogations-of-sept-11-suspects-11579651450", "title": "Psychologist Defends Interrogations of Sept. 11 Suspects", "date": "2020-01-22 20:49", "summary": "At a pretrial hearing, James Mitchell says he was told CIA's methods, which many classify as torture, were legal; 'My sole focus was on stopping the next attack'. FORT MEADE, Md.-Attorneys for accused plotters of the Sept. 11, 2001, terrorist attacks sought to put the government on trial, calling to the stand a psychologist who helped design and execute harsh interrogations at secret Central Intelligence Agency facilities overseas.", "categories": [["Politics"]], "category_links": ["https://www.wsj.com/news/politics?mod=breadcrumb"]}, {"link": "https://www.wsj.com/articles/sec-decision-on-4-p-m-closing-trades-deals-blow-to-nyse-nasdaq-11579652712", "title": "SEC Decision on 4 p.m. Closing Trades Deals Blow to NYSE, Nasdaq", "date": "2020-01-22 20:41", "summary": "Regulator approves Cboe end-of-day auction proposal despite opposition from two largest exchanges. Regulators have dealt a blow to the New York Stock Exchange and Nasdaq Inc. by loosening their grip on the 4 p.m. closing auctions that determine end-of-day prices for thousands of stocks.", "categories": [["Markets"]], "category_links": ["https://www.wsj.com/news/markets?mod=breadcrumb"]}, {"link": "https://www.wsj.com/articles/uber-is-testing-a-feature-that-lets-some-california-drivers-set-fares-11579600801", "title": "Uber Is Testing a Feature That Lets Some Drivers Set Fares", "date": "2020-01-22 19:29", "summary": "Move gives drivers more control in response to state's gig-economy law. SAN FRANCISCO- Uber Technologies Inc. is testing a new feature that allows some drivers in California to set their fares, the latest in a series of moves to give them more autonomy in response to the state's new gig-economy law.", "categories": [["Tech"]], "category_links": ["https://www.wsj.com/news/technology?mod=breadcrumb"]}, {"link": "https://www.wsj.com/articles/boeing-pushes-back-expected-max-return-11579637428", "title": "Boeing Delays Expected MAX Return", "date": "2020-01-22 19:28", "summary": "The new estimate for the FAA's signoff is expected in June or July. Boeing Co. on Tuesday pushed back its forecast for when regulators will clear the return of the 737 MAX to commercial service, saying it doesn't expect approval until midyear at the earliest.", "categories": [["Business"]], "category_links": ["https://www.wsj.com/news/business?mod=breadcrumb"]}, {"link": "https://www.wsj.com/articles/2020-census-count-kicks-off-in-alaska-11579652591", "title": "2020 Census Count Kicks Off in Alaska", "date": "2020-01-22 19:23", "summary": "Lizzie Chimiugak, 90, was first Toksook Bay resident counted. The 2020 census started Tuesday in a remote Alaskan village where the Census Bureau's director personally enumerated one of the town's oldest residents.", "categories": [["U.S."]], "category_links": ["https://www.wsj.com/news/us?mod=breadcrumb"]}, {"link": "https://www.wsj.com/articles/judicial-political-mischief-11579652574", "title": "Judicial Political Mischief", "date": "2020-01-22 19:22", "summary": "A Codes of Conduct committee may bar judges from the Federalist Society.. The federal judiciary is a rare American institution these days that has maintained a reservoir of public trust. But that reputation will erode if the Committee on Codes of Conduct of the U.S. Judicial Conference follows through on its intention to ban judges from belonging to the Federalist Society.", "categories": [["Opinion", "Review & Outlook"]], "category_links": ["https://www.wsj.com/news/opinion?mod=breadcrumb", "https://www.wsj.com/news/types/review-outlook-u-s?mod=breadcrumb"]}, {"link": "https://www.wsj.com/articles/calling-all-trial-witnesses-11579652544", "title": "Calling All Trial Witnesses", "date": "2020-01-22 19:22", "summary": "We doubt Democrats want to hear from Hunter and Joe Biden.. The Senate impeachment trial began Tuesday with political theater over rules. Senate Republicans prefer an expeditious trial while Democrats who rushed to impeach in the House are suddenly demanding witnesses and crying \"coverup.\" So let's break down what's really going on in the fight over witnesses.", "categories": [["Opinion", "Review & Outlook"]], "category_links": ["https://www.wsj.com/news/opinion?mod=breadcrumb", "https://www.wsj.com/news/types/review-outlook-u-s?mod=breadcrumb"]}, {"link": "https://www.wsj.com/articles/virginia-is-for-gun-owners-11579652494", "title": "Virginia Is for Gun Owners", "date": "2020-01-22 19:21", "summary": "A peaceful protest shows wide support for the Second Amendment.. The Monday news from Virginia has been reported with almost palpable disappointment: More than 20,000 turned out in Richmond for their Second Amendment right to bear arms without violence. In the runup to the rally many, including Gov. Ralph Northam, pushed the idea that this was going to be another Charlottesville. But the gun owners even picked up their own trash.", "categories": [["Opinion", "Review & Outlook"]], "category_links": ["https://www.wsj.com/news/opinion?mod=breadcrumb", "https://www.wsj.com/news/types/review-outlook-u-s?mod=breadcrumb"]}, {"link": "https://www.wsj.com/articles/ibm-earnings-hint-at-signs-of-turnaround-11579641192", "title": "IBM Earnings Hint at Signs of Turnaround", "date": "2020-01-22 19:19", "summary": "Big Blue's fourth-quarter earnings boosted by Red Hat deal and mainframe computers. International Business Machines Corp. reported a slight increase in quarterly revenue, ending a streak of falling sales and providing a first indication Chief Executive Ginni Rometty's roughly $33 billion acquisition of open-source software giant Red Hat may help turn around Big Blue's fortunes.", "categories": [["Business", "Earnings"]], "category_links": ["https://www.wsj.com/news/business?mod=breadcrumb", "https://www.wsj.com/news/types/earnings?mod=breadcrumb"]}, {"link": "https://www.wsj.com/articles/trumps-pyrrhic-trade-victories-11579651704", "title": "Trump's Pyrrhic Trade Victories", "date": "2020-01-22 19:08", "summary": "In search of easy wins, the U.S. is throwing away its best cards: fairness and the rule of law.. Historians will puzzle over this turn of events: A Republican U.S. president endorses central planning for trade, while a communist government in China cautions, in its trade deal with the U.S., that international commerce must reflect \"market conditions.\" The American president boasts about raising import taxes on Americans and restricting immigration, while the Chinese lower trade barriers, encourage foreign investment and rely more on open-source software.", "categories": [["Opinion", "Commentary"]], "category_links": ["https://www.wsj.com/news/opinion?mod=breadcrumb", "https://www.wsj.com/news/types/commentary-u-s?mod=breadcrumb"]}, {"link": "https://www.wsj.com/articles/bernies-problems-11579651545", "title": "Bernie's 'Problems'", "date": "2020-01-22 19:08", "summary": "There's a topic that Sen. Sanders doesn't want to discuss.. Clinging to a slim polling lead in New Hampshire three weeks before the first-in-the-nation primary, Sen. Bernie Sanders probably figured he could count on a friendly reception from the Granite State's government-backed broadcasters. And Vermont's most famous socialist certainly was treated to the soothing tones one expects from non-profit media. But there was nothing soft about the questions from New Hampshire Public Radio's Casey McDermott.", "categories": [["Opinion", "Best of the Web"]], "category_links": ["https://www.wsj.com/news/opinion?mod=breadcrumb", "https://www.wsj.com/news/types/best-of-the-web-today?mod=breadcrumb"]}, {"link": "https://www.wsj.com/articles/why-obama-won-and-2020s-black-candidates-couldnt-11579651639", "title": "Why Obama Won and 2020's Black Candidates Couldn't", "date": "2020-01-22 19:07", "summary": "He gave whites the benefit of the doubt. Booker and Harris took every chance to stoke racial grievances.. Shortly before President Obama left office, a black friend remarked to me over lunch that we might not see another black president elected for a very long time. He said white Americans had taken a chance on Mr. Obama and that he not only underperformed but racialized the presidency in ways that many voters didn't expect.", "categories": [["Opinion", "Upward Mobility"]], "category_links": ["https://www.wsj.com/news/opinion?mod=breadcrumb", "https://www.wsj.com/news/types/upward-mobility?mod=breadcrumb"]}, {"link": "https://www.wsj.com/articles/are-fires-a-climate-wake-up-call-11579651677", "title": "Are Fires a Climate Wake-Up Call?", "date": "2020-01-22 19:07", "summary": "If so, activists will realize that pie-in-the-sky and extreme makeovers aren't a fix.. Whether climate change contributes 1% or 50% to Australia's wildfires, the fierce debate dramatizes the abyss of sterility into which activists have led climate politics. There is no climate policy (short of geoengineering to block a portion of sunlight reaching the earth) that would stop Australia's fires or prevent them from recurring.", "categories": [["Opinion", "Business World"]], "category_links": ["https://www.wsj.com/news/opinion?mod=breadcrumb", "https://www.wsj.com/news/types/business-world?mod=breadcrumb"]}, {"link": "https://www.wsj.com/articles/liberal-democracys-threats-from-within-11579651613", "title": "Liberal Democracy's Threats From Within", "date": "2020-01-22 19:06", "summary": "Illiberalism, ethnic nationalism and loss of confidence are bad news for freedom.. While the U.S. expends its energy fighting with itself, the rest of the world is on the move, and many of the trends are negative. To understand why liberal democracy is on the defensive, there is no better place to start than the 30th-anniversary edition of the Journal of Democracy, the flagship publication of the National Endowment for Democracy, which includes contributions from many of the world's leading experts. Here are some key insights:", "categories": [["Opinion", "Politics & Ideas"]], "category_links": ["https://www.wsj.com/news/opinion?mod=breadcrumb", "https://www.wsj.com/news/types/politics-ideas?mod=breadcrumb"]}, {"link": "https://www.wsj.com/articles/american-queenmaker-review-how-she-earned-her-press-pass-11579651517", "title": "'American Queenmaker' Review: How She Earned Her Press Pass", "date": "2020-01-22 19:05", "summary": "A newsroom pioneer who avoided the soft stories that ran in the women's pages and built a reputation as a trenchant political reporter.. Not long ago an article appeared about a brand of high heels that are all the rage among female journalists in Washington. A trivial topic, to be sure, but the story carried an underlying message about how the journalism business has welcomed women into its ranks in recent decades. There are so many of us now that a reporter deemed it newsworthy to write about our shoes.", "categories": [["Books & Arts", "Books", "Bookshelf"]], "category_links": ["https://www.wsj.com/news/books-arts?mod=breadcrumb", "https://www.wsj.com/news/books-arts/books?mod=breadcrumb", "https://www.wsj.com/news/types/bookshelf?mod=breadcrumb"]}, {"link": "https://www.wsj.com/articles/brazil-prosecutors-file-charges-against-vale-tuv-sud-for-deadly-dam-collapse-11579622098", "title": "Vale Ex-CEO, Others Charged With Homicide for Brazil Dam Collapse", "date": "2020-01-22 19:05", "summary": "Charges also filed against other officials at mining company and at auditor T\u00dcV S\u00dcD. BRUMADINHO, Brazil-Brazilian prosecutors charged Vale SA's former CEO Fabio Schvartsman and 10 others from the mining company with homicide Tuesday for the deaths of 270 people in last year's collapse of its dam here.", "categories": [["World", "Latin America"]], "category_links": ["https://www.wsj.com/news/world?mod=breadcrumb", "https://www.wsj.com/news/types/latin-america-news?mod=breadcrumb"]}, {"link": "https://www.wsj.com/articles/can-a-woman-win-in-2020-11579651457", "title": "Can a Woman Win in 2020?", "date": "2020-01-22 19:04", "summary": "Students put aside what exactly Bernie Sanders said to Elizabeth Warren and answer the question.. Editor's note: This Future View is about the comment Elizabeth Warren claims Bernie Sanders made (and he denies), that a woman can't win the 2020 presidential election. For next week we'll ask, \"What opinion do you hold that isn't shared by most of your peers?\" Students should click here to submit opinions of fewer than 250 words before Jan. 28. The best responses will be published that night.", "categories": [["Opinion", "Future View"]], "category_links": ["https://www.wsj.com/news/opinion?mod=breadcrumb", "https://www.wsj.com/news/types/future-view?mod=breadcrumb"]}, {"link": "https://www.wsj.com/articles/waiting-for-a-moderate-democrat-on-abortion-11579651418", "title": "Waiting for a Moderate Democrat on Abortion", "date": "2020-01-22 19:03", "summary": "Seven in 10 Americans, including 44% of Democrats, back restrictions after the first three months.. Hundreds of thousands of Americans will gather in Washington Friday for the 47th annual March for Life. Those who march come together to stand against abortion, the most significant human-rights abuse of the modern era. This cause unites people across party, color and faith. Yet many politicians throughout the U.S. are surprisingly out of step with what a majority of Americans-and in many cases a majority of Democrats-believe about abortion.", "categories": [["Opinion", "Commentary", "Houses of Worship"]], "category_links": ["https://www.wsj.com/news/opinion?mod=breadcrumb", "https://www.wsj.com/news/types/commentary-u-s?mod=breadcrumb", "https://www.wsj.com/news/types/houses-of-worship?mod=breadcrumb"]}, {"link": "https://www.wsj.com/articles/trump-administration-plans-to-add-seven-countries-to-travel-ban-list-11579638341", "title": "U.S. Plans to Expand Travel Restrictions to Seven Countries", "date": "2020-01-22 19:01", "summary": "Nations being considered for new rules: Belarus, Eritrea, Kyrgyzstan, Myanmar, Nigeria, Sudan, Tanzania. WASHINGTON-The Trump administration plans to add seven countries to a group of nations subject to travel restrictions, including Nigeria, Africa's most populous country, along with others in Africa and Asia, according to administration officials who have seen the list.", "categories": [["Politics"]], "category_links": ["https://www.wsj.com/news/politics?mod=breadcrumb"]}, {"link": "https://www.wsj.com/articles/honoring-the-heartlands-fallen-heroes-11579651225", "title": "Honoring the Heartland's Fallen Heroes", "date": "2020-01-22 19:00", "summary": "An eternal flame burns in Indiana for officers killed in the line of duty.. Travel across Indiana by highway on a winter's day and you'll find no shortage of roadside attractions vying for your attention, many centered on sports.", "categories": [["Opinion", "Commentary"]], "category_links": ["https://www.wsj.com/news/opinion?mod=breadcrumb", "https://www.wsj.com/news/types/commentary-u-s?mod=breadcrumb"]}, {"link": "https://www.wsj.com/articles/the-second-amendment-sanctuary-movement-isnt-going-away-11579651251", "title": "The Second Amendment Sanctuary Movement Isn't Going Away", "date": "2020-01-22 19:00", "summary": "The media smears them as 'white supremacists,' but thousands showed up in Richmond, Va., Monday.. Middletown, Va.", "categories": [["Opinion", "Commentary"]], "category_links": ["https://www.wsj.com/news/opinion?mod=breadcrumb", "https://www.wsj.com/news/types/commentary-u-s?mod=breadcrumb"]}]