[{"link": "https://www.wsj.com/articles/coronavirus-latest-news-10-05-2020-11601883583", "title": "New U.S. Coronavirus Cases Fall Below 40,000 for First Time in a Week", "date": "2020-10-05 19:36", "summary": "Trump left Walter Reed hospital after receiving treatment for Covid-19. The U.S. reported fewer than 40,000 new coronavirus cases for the first time in a week, as President Trump returned to the White House from the hospital and another member of his staff tested positive for the virus.", "categories": [["World"]], "category_links": ["https://www.wsj.com/news/world?mod=breadcrumb"]}, {"link": "https://www.wsj.com/articles/president-trump-tested-positive-for-coronavirus-now-what-11601637705", "title": "Trump Is Sick With Covid-19: Here's What Happens Next:", "date": "2020-10-05 19:17", "summary": "Here's what we know about the president's infection and how it could scramble the last few weeks of the presidential campaign. President Trump and first lady Melania Trump both tested positive for Covid-19 last week. Mr. Trump, who was hospitalized late Friday, left Walter Reed National Military Medical Center on Monday evening for the White House, where his doctors said his treatment would continue. Here's what we know.", "categories": [["Politics", "Election 2020"]], "category_links": ["https://www.wsj.com/news/politics?mod=breadcrumb", "https://www.wsj.com/news/types/election-2020?mod=breadcrumb"]}, {"link": "https://www.wsj.com/articles/an-illinois-tax-crossroads-11601939583", "title": "An Illinois Tax Crossroads", "date": "2020-10-05 19:13", "summary": "A new progressive income tax would speed the state's economic decline.. Illinois is the nation's leading fiscal basket case, with runaway pension liabilities and public-union control of Springfield. But it has had one saving grace: a flat-rate income tax that makes it harder for the political class to raise taxes. Now that last barrier to decline is in jeopardy on the November ballot.", "categories": [["Opinion", "Review & Outlook"]], "category_links": ["https://www.wsj.com/news/opinion?mod=breadcrumb", "https://www.wsj.com/news/types/review-outlook-u-s?mod=breadcrumb"]}, {"link": "https://www.wsj.com/articles/pat-toomeys-market-niche-11601939531", "title": "Pat Toomey's Market Niche", "date": "2020-10-05 19:12", "summary": "The GOP Senator will leave a pro-growth vacuum when he leaves Congress after 2022.. GOP Senator Pat Toomey has announced that he won't seek re-election in 2022, which will be a loss for Pennsylvania and especially for the cause of economic growth in Congress.", "categories": [["Opinion", "Review & Outlook"]], "category_links": ["https://www.wsj.com/news/opinion?mod=breadcrumb", "https://www.wsj.com/news/types/review-outlook-u-s?mod=breadcrumb"]}, {"link": "https://www.wsj.com/articles/charles-preston-11601939492", "title": "Charles Preston", "date": "2020-10-05 19:11", "summary": "The cartoon editor who brought 'Pepper ... and Salt' to the Journal.. Seventy years ago a Columbia undergraduate named Charles Preston pitched a daily cartoon feature focusing on business themes to Journal editors, hoping to spruce up the paper's columns of gray newsprint. He got the assignment, and his first cartoon ran on the editorial page on June 6, 1950. The editors used a headline from 1915, \"Pepper ... and Salt,\" and slapped it above the cartoon.", "categories": [["Opinion", "Review & Outlook"]], "category_links": ["https://www.wsj.com/news/opinion?mod=breadcrumb", "https://www.wsj.com/news/types/review-outlook-u-s?mod=breadcrumb"]}, {"link": "https://www.wsj.com/articles/the-covid-testing-bait-and-switch-11601939436", "title": "The Covid Testing Bait-and-Switch", "date": "2020-10-05 19:10", "summary": "Experts scold the White House for using Abbott's ID Now test that they called a game changer.. How many times have we heard from the experts that if only the U.S. did more testing, we could finally get the coronavirus under the control? Well, now we're learning from the cluster of cases surrounding President Trump about the limits of testing.", "categories": [["Opinion", "Review & Outlook"]], "category_links": ["https://www.wsj.com/news/opinion?mod=breadcrumb", "https://www.wsj.com/news/types/review-outlook-u-s?mod=breadcrumb"]}, {"link": "https://www.wsj.com/articles/biden-trump-swap-roles-after-presidents-coronavirus-diagnosis-11601935711", "title": "Biden, Trump Swap Roles After President's Coronavirus Diagnosis", "date": "2020-10-05 19:09", "summary": "The Democrat challenged the president to 'support masks,' while Mr. Trump tried to project strength even as he remained out of view. WASHINGTON-Joe Biden, after facing months of criticism from President Trump for sticking close to his Delaware home, is now traveling around the country. Mr. Trump, who held campaign rallies throughout the summer, is sick with the coronavirus and off the trail.", "categories": [["Politics", "Election 2020"]], "category_links": ["https://www.wsj.com/news/politics?mod=breadcrumb", "https://www.wsj.com/news/types/election-2020?mod=breadcrumb"]}, {"link": "https://www.wsj.com/articles/bidens-tax-plan-would-spur-economic-growth-11601938942", "title": "Biden's Tax Plan Would Spur Economic Growth", "date": "2020-10-05 19:02", "summary": "Wealth would be shared more broadly, and even free-marketeers see the benefit of more revenue.. Every four years a Democrat runs for president on a platform that includes higher taxes for the wealthy. And every four years a group of people predicts that the sky will fall if those plans are implemented. Yet every time their plans have been implemented, the sky hasn't fallen-if anything, economic growth and business investment have been stronger under Democratic than Republican presidents.", "categories": [["Opinion", "Commentary"]], "category_links": ["https://www.wsj.com/news/opinion?mod=breadcrumb", "https://www.wsj.com/news/types/commentary-u-s?mod=breadcrumb"]}, {"link": "https://www.wsj.com/articles/democrats-are-coming-for-your-guns-11601938911", "title": "Democrats Are Coming for Your Guns", "date": "2020-10-05 19:01", "summary": "Holding gun makers liable for gun crimes hurts the vulnerable.. When President Trump introduced Supreme Court nominee Amy Coney Barrett, he warned: \"The coming years will decide the survival of our Second Amendment.\" He's right.", "categories": [["Opinion", "Commentary"]], "category_links": ["https://www.wsj.com/news/opinion?mod=breadcrumb", "https://www.wsj.com/news/types/commentary-u-s?mod=breadcrumb"]}, {"link": "https://www.wsj.com/articles/can-anyone-stop-the-caucasus-clash-11601938812", "title": "Can Anyone Stop the Caucasus Clash?", "date": "2020-10-05 19:00", "summary": "Turkey bets that the West and Russia will sit idle as Nagorno-Karabakh burns.. As the new world disorder deepens, the recent fighting between Azerbaijan and Armenia shows how middle and small powers are exploiting opportunities while the great powers are distracted by competing priorities.", "categories": [["Opinion", "Global View"]], "category_links": ["https://www.wsj.com/news/opinion?mod=breadcrumb", "https://www.wsj.com/news/types/global-view?mod=breadcrumb"]}, {"link": "https://www.wsj.com/articles/dont-underestimate-mike-pence-11601938848", "title": "Don't Underestimate Mike Pence", "date": "2020-10-05 19:00", "summary": "A soothing dose of Hoosier calm might be just what Trump campaign needed.. In the Age of Trump, sober analysis becomes difficult because every claim becomes a superlative. Depending on which side you land-Trump lover or Trump hater-he's either the best president ever or the worst in American history, and everything he's done, whether for good or ill, is without precedent.", "categories": [["Opinion", "Main Street"]], "category_links": ["https://www.wsj.com/news/opinion?mod=breadcrumb", "https://www.wsj.com/news/types/main-street?mod=breadcrumb"]}, {"link": "https://www.wsj.com/articles/the-last-million-review-the-point-of-no-return-11601938739", "title": "'The Last Million' Review: The Point of No Return", "date": "2020-10-05 18:59", "summary": "Within a few months of the end of World War II, millions of displaced persons were repatriated. Here is the story of the million who were not.. Barely two months before the opening of the Nuremberg trials, British prime minister Clement Attlee wrote to President Truman about the \"displaced persons\"-the DPs-of numerous nationalities stranded in the fallen Reich. Attlee explained that British forces would continue to \"avoid treating [the Jewish DPs] on a racial basis. . . . One must remember that within these camps were people from almost every race in Europe and there appears to have been very little difference in the amount of torture and treatment they had to undergo.\"", "categories": [["Books & Arts", "Books", "Bookshelf"]], "category_links": ["https://www.wsj.com/news/books-arts?mod=breadcrumb", "https://www.wsj.com/news/books-arts/books?mod=breadcrumb", "https://www.wsj.com/news/types/bookshelf?mod=breadcrumb"]}, {"link": "https://www.wsj.com/articles/notable-quotable-charles-preston-11601938781", "title": "Notable & Quotable: Charles Preston", "date": "2020-10-05 18:59", "summary": "'While in this more modern milieu cartoons are often harsh and dark, Charles still sends them back to the artists with instructions to draw in a smile.'. From Robert L. Bartley's introduction to \"The Wall Street Journal Portfolio of Business Cartoons\" (1999), edited by Charles Preston, who died Oct. 2 at 98:", "categories": [["Opinion", "Commentary", "Notable & Quotable"]], "category_links": ["https://www.wsj.com/news/opinion?mod=breadcrumb", "https://www.wsj.com/news/types/commentary-u-s?mod=breadcrumb", "https://www.wsj.com/news/types/notable-quotable?mod=breadcrumb"]}, {"link": "https://www.wsj.com/articles/new-york-seeks-to-counter-sharp-drop-in-registered-young-voters-11601935574", "title": "New York Seeks to Counter Sharp Drop in Registered Young Voters", "date": "2020-10-05 18:33", "summary": "Several initiatives aim to reach 18-29 year-olds ahead of Friday deadline. Days ahead of the Oct. 9 deadline for voter registration in New York, over 430,000 young eligible voters have yet to sign up to vote, a significant decline compared with 2016 registrants, data shows.", "categories": [["U.S.", "New York"]], "category_links": ["https://www.wsj.com/news/us?mod=breadcrumb", "https://www.wsj.com/news/types/new-york?mod=breadcrumb"]}, {"link": "https://www.wsj.com/articles/supreme-court-opens-term-with-case-on-partisanship-of-judges-in-delaware-11601933163", "title": "Supreme Court Opens Term With Case on Partisanship of Judges in Delaware", "date": "2020-10-05 18:31", "summary": "Court considers whether First Amendment overrides state rules limiting number of judges from each party. WASHINGTON-An eight-member Supreme Court opened its annual term Monday with a dispute over Delaware's effort to limit partisanship in judicial appointments, after Chief Justice John Roberts solemnly recalled the late Justice Ruth Bader Ginsburg as \"a dear friend and treasured colleague.\"", "categories": [["Politics"]], "category_links": ["https://www.wsj.com/news/politics?mod=breadcrumb"]}, {"link": "https://www.wsj.com/articles/why-facebook-says-breaking-up-instagram-and-whatsapp-would-be-unfeasible-11601936905", "title": "Why Facebook Says Breaking Up Instagram and WhatsApp Would Be Unfeasible", "date": "2020-10-05 18:28", "summary": "The company has been accused of reducing competition in social media. Facebook 's critics have argued that its acquisitions of Instagram and WhatsApp illegally reduced competition in social media. Some have also raised concerns about the social media giant's impact on politics, privacy and the regulation of speech. As Federal antitrust enforcers and members of Congress continue to pursue investigations into Facebook's power and past competitive behavior, company lawyers have prepared a paper that offers a preview of its defense.", "categories": [["Ideas"]], "category_links": ["https://www.wsj.com/news/types/noted-ideas?mod=breadcrumb"]}, {"link": "https://www.wsj.com/articles/fresh-wave-of-meat-plant-shutdowns-unlikely-jbs-usa-chief-says-11601935477", "title": "Fresh Wave of Meat Plant Shutdowns Unlikely, JBS USA Chief Says", "date": "2020-10-05 18:04", "summary": "Temperature checks, worker testing have helped meatpacking companies reduce Covid-19 infection rates among plant employees, CEO says. Another wave of coronavirus-driven closures of meatpacking plants is unlikely because worker testing and safety practices have improved since the spring, the chief executive of beef and pork giant JBS USA Holdings Inc. said.", "categories": [["Business"]], "category_links": ["https://www.wsj.com/news/business?mod=breadcrumb"]}, {"link": "https://www.wsj.com/articles/amy-coney-barrett-and-her-adopted-black-children-11601935392", "title": "Amy Coney Barrett and Her Adopted Black Children", "date": "2020-10-05 18:03", "summary": "Why don't the critics of interracial adoption ask Vivian and John Peter if they would prefer being malnourished in Haiti to being members of the Barrett family?. Regarding Jason L. Riley's \"The Left's Unhealthy Interest in Amy Coney Barrett's Adopted Kids\" (Upward Mobility, Sept. 30): Let me see if I have this straight. Ibram X. Kendi and Ruth Ben-Ghiat between them assert that Judge Amy Coney Barrett and her husband adopted black children as \"white colonizers\" and \"kidnappers\"? So I assume these disparaging accusations apply to the Hollywood likes of Sandra Bullock, Madonna, Charlize Theron, Tom Cruise and Angelina Jolie? I can't recall reading similar racially hyped comments from the progressive left toward celebrities that have graciously adopted children of any color, nor should there be. And I'm guessing, Ibram X. Kendi and Ruth Ben-Ghiat's criticism toward interracial adoptions would also apply to interracial marriages that yield children? Is it OK that Barack Obama's white grandparents were an integral part of his childhood? He became president after all.", "categories": [["Opinion", "Letters"]], "category_links": ["https://www.wsj.com/news/opinion?mod=breadcrumb", "https://www.wsj.com/news/types/letters?mod=breadcrumb"]}, {"link": "https://www.wsj.com/articles/courts-shouldnt-change-election-law-now-11601935320", "title": "Courts Shouldn't Change Election Law Now", "date": "2020-10-05 18:02", "summary": "State laws are contravened by court decisions in Pennsylvania, Michigan and Wisconsin that extend deadlines for counting mail-in ballots. The decisions apparently go against Bush v. Gore, which closed out the 2000 election.. Your editorial \"Will a 'Blue Shift' Swing Wisconsin?\" (Sept. 23) notes that state laws are contravened by court decisions in Pennsylvania, Michigan and Wisconsin that extend deadlines for counting mail-in ballots. \"This increases the chances of post-election litigation.\" Indeed. They apparently go against Bush v. Gore, which closed out the 2000 election. This controversial case was preceded by Bush v. Palm Beach, which unanimously vacated a recount decision by Florida's Supreme Court because its constitutional basis was unclear.", "categories": [["Opinion", "Letters"]], "category_links": ["https://www.wsj.com/news/opinion?mod=breadcrumb", "https://www.wsj.com/news/types/letters?mod=breadcrumb"]}, {"link": "https://www.wsj.com/articles/jefferson-and-xis-similar-views-on-jesus-and-religion-11601935264", "title": "Jefferson and Xi's Similar Views on Jesus and Religion", "date": "2020-10-05 18:01", "summary": "The result in both cases seems more like freedom from religion.. According to Crawford Gribben's review of Peter Manseau's \"The Jefferson Bible\" (Bookshelf, Oct. 1), Thomas Jefferson's Jesus is \"forever on the brink of doing something extraordinary-but never does.\" That seems to describe your same-day account of Pope Francis's approach to winning freedom of religion in China (\"Pompeo Chides Vatican Over Beijing Ties,\" World News). The result in both cases seems more like freedom from religion.", "categories": [["Opinion", "Letters"]], "category_links": ["https://www.wsj.com/news/opinion?mod=breadcrumb", "https://www.wsj.com/news/types/letters?mod=breadcrumb"]}, {"link": "https://www.wsj.com/articles/democrats-in-congress-balk-on-a-federal-abortion-law-11601935213", "title": "Democrats in Congress Balk on a Federal Abortion Law", "date": "2020-10-05 18:00", "summary": "Any abortion bill Democrats sponsor would most certainly have to try to legalize abortion at any time for any reason.. Regarding Ted Rall's \"Democrats Hold Abortion Rights Hostage\" (op-ed, Sept. 25): There is another reason we will never see any Democratic-backed federal abortion legislation. Given the current drift of their party, any abortion bill Democrats sponsor would most certainly have to try to legalize abortion at any time for any reason. This is such an unpopular position nationally, and particularly in certain swing states, that the party leaders know it would be suicidal for their representatives to have to go on the record supporting such legislation. And so, we will muddle along forever with politics as usual.", "categories": [["Opinion", "Letters"]], "category_links": ["https://www.wsj.com/news/opinion?mod=breadcrumb", "https://www.wsj.com/news/types/letters?mod=breadcrumb"]}, {"link": "https://www.wsj.com/articles/a-patriots-duty-is-obvious-11601935150", "title": "A Patriot's Duty Is Obvious", "date": "2020-10-05 17:59", "summary": "Holman Jenkins gets it mostly right with \"Patriots Vote in Person.\". Holman Jenkins gets it mostly right with \"Patriots Vote in Person\" (Business World, Sept. 23). The correct assessment is-patriots vote. Period.", "categories": [["Opinion", "Letters"]], "category_links": ["https://www.wsj.com/news/opinion?mod=breadcrumb", "https://www.wsj.com/news/types/letters?mod=breadcrumb"]}, {"link": "https://www.wsj.com/articles/spectrum-venture-ligado-pitches-markets-on-4-3-billion-debt-financing-11601921091", "title": "Spectrum Venture Ligado Dangles Juicy Yields on $4.3 Billion Debt", "date": "2020-10-05 17:57", "summary": "The wireless communications company is offering investors high returns on a bond offering. Ligado Networks LLC on Monday asked investors to supply $4.3 billion in debt financing, offering lofty interest rates to compensate for risks surrounding the company's efforts to develop a swath of radio frequencies amid opposition from the Pentagon.", "categories": [["Pro Bankruptcy Distress"]], "category_links": ["https://www.wsj.com/news/types/pro-bankruptcy-distress?mod=breadcrumb"]}, {"link": "https://www.wsj.com/articles/white-house-hasnt-asked-cdc-investigators-for-covid-19-case-tracking-help-11601932906", "title": "White House Hasn't Asked CDC Investigators for Covid-19 Case Tracking Help", "date": "2020-10-05 17:56", "summary": "A team of disease detectives is on standby to help investigate the outbreak involving President Trump. The White House hasn't called on the nation's top disease detectives to investigate a Covid-19 outbreak involving the president and several staff, though a team has been mobilized specifically for that work, according to people familiar with the matter.", "categories": [["Politics"]], "category_links": ["https://www.wsj.com/news/politics?mod=breadcrumb"]}, {"link": "https://www.wsj.com/articles/investors-bet-on-swiss-francs-rise-despite-central-bank-intervention-11601913921", "title": "Investors Bet on Swiss Franc's Rise Despite Central Bank Intervention", "date": "2020-10-05 17:39", "summary": "Currency's continued appreciation could help fend off U.S. efforts to label the country a currency manipulator. Switzerland has this year intervened in currency markets the most since 2012, yet the franc keeps strengthening. That is a trajectory investors bet has further to go.", "categories": [["Markets", "Currencies", "Foreign Exchange"]], "category_links": ["https://www.wsj.com/news/markets?mod=breadcrumb", "https://www.wsj.com/market-data/currencies?mod=breadcrumb", "https://www.wsj.com/news/types/foreign-exchange?mod=breadcrumb"]}, {"link": "https://www.wsj.com/articles/pepper-and-salt-a-retrospective-11601933787", "title": "Pepper...and Salt: 70 Years of Seasoning", "date": "2020-10-05 17:36", "summary": "Remembering editor Charles Preston with a sampler of classic cartoons.. We are delighted that you'd like to resume your subscription.", "categories": [[]], "category_links": []}, {"link": "https://www.wsj.com/articles/u-s-russia-move-toward-outline-of-nuclear-deal-administration-official-says-11601933654", "title": "U.S., Russia Move Toward Outline of Nuclear Deal, Administration Says", "date": "2020-10-05 17:34", "summary": "Trump administration official's comments suggest the two sides might be able to come to terms on broad principles. U.S. and Russian negotiators made progress Monday on a new framework accord that would freeze each side's nuclear arsenal and outline the parameters for a detailed treaty that would be negotiated next year, a senior Trump administration official said.", "categories": [["WSJ News Exclusive", "World"]], "category_links": ["https://www.wsj.com/news/world?mod=breadcrumb"]}, {"link": "https://www.wsj.com/articles/new-york-city-council-votes-to-remove-member-from-office-11601933575", "title": "New York City Council Votes to Remove Member From Office", "date": "2020-10-05 17:32", "summary": "Bronx Councilman Andy King is first to be expelled for a reason not relating to a criminal conviction. The New York City Council voted to remove Councilman Andy King from office, in an unprecedented disciplinary move following a string of investigations into misconduct and abuse of staff.", "categories": [["U.S.", "Politics"]], "category_links": ["https://www.wsj.com/news/us?mod=breadcrumb", "https://www.wsj.com/news/types/ny-politics?mod=breadcrumb"]}, {"link": "https://www.wsj.com/articles/former-bridgewater-co-ceo-eileen-murray-settles-pay-dispute-with-hedge-fund-11601933138", "title": "Former Bridgewater Co-CEO Eileen Murray Settles Pay Dispute With Hedge Fund", "date": "2020-10-05 17:25", "summary": "Her suit alleged the fund was withholding as much as $100 million in deferred compensation. Former Bridgewater Associates co-Chief Executive Eileen Murray has settled her pay dispute with the world's largest hedge fund, she said Monday.", "categories": [["Markets", "Finance"]], "category_links": ["https://www.wsj.com/news/markets?mod=breadcrumb", "https://www.wsj.com/news/types/finance?mod=breadcrumb"]}, {"link": "https://www.wsj.com/articles/global-stock-markets-dow-update-10-05-2020-11601891157", "title": "Dow Rises on Signs of Muted Political Risk", "date": "2020-10-05 17:13", "summary": "Investors cautiously optimistic that President Trump's health condition will improve, reducing uncertainty. U.S. stocks rose Monday as investors cheered signs that political uncertainty may ebb following reports of President Trump's improving health condition.", "categories": [["Markets", "U.S. Markets"]], "category_links": ["https://www.wsj.com/news/markets?mod=breadcrumb", "https://www.wsj.com/news/types/today-s-markets?mod=breadcrumb"]}, {"link": "https://www.wsj.com/articles/pence-harris-gear-up-for-debate-after-trumps-coronavirus-diagnosis-11601900273", "title": "Pence, Harris Gear Up for V.P. Debate After Trump's Positive Covid-19 Test", "date": "2020-10-05 17:06", "summary": "The president's hospitalization has given fresh importance to Wednesday's vice presidential face-off. WASHINGTON-Vice President Mike Pence and Sen. Kamala Harris spent part of the weekend preparing for a debate that has taken on new importance after the hospitalization of President Trump elevated the vice president's role and caused both sides to re-evaluate their strategy in the final stretch of the campaign.", "categories": [["Politics", "Election 2020"]], "category_links": ["https://www.wsj.com/news/politics?mod=breadcrumb", "https://www.wsj.com/news/types/election-2020?mod=breadcrumb"]}, {"link": "https://www.wsj.com/articles/connecting-review-a-covid-era-comedy-11601931489", "title": "'Connecting...' Review: A Covid-Era Comedy", "date": "2020-10-05 16:58", "summary": "The new NBC series unfolds over the course of group video chats within a circle of friends as they endure the stresses of pandemic life.. Desperate times may call for desperate programming measures, but \"Connecting...\" seems a particularly dicey roll for NBC. Will viewers want to sit down at the end of a day of remote conferencing, telehealth appointments, online therapy and the navigation of their children through the virtual classroom to watch neurotic wisecrackers on a Zoom meeting?", "categories": [["Books & Arts", "Television Review"]], "category_links": ["https://www.wsj.com/news/books-arts?mod=breadcrumb", "https://www.wsj.com/news/types/television-review?mod=breadcrumb"]}, {"link": "https://www.wsj.com/articles/devils-review-high-drama-from-high-finance-11601930654", "title": "'Devils' Review: High Drama From High Finance", "date": "2020-10-05 16:44", "summary": "A conspiracy-laden series on the CW centers on the scheming head of trading at a major investment bank.. When the lead character in a financial thriller looks into the eyes of his main adversary and sees \"the terrifying blackness of my own soul reflected in his,\" well, who are you going to root for? \"Devils,\" a 10-part series adapted from the 2014 novel by Guido Maria Brera, has an international cast featuring Patrick Dempsey and a title that suggests forces of darkness arrayed against the forces of light. But there is nary a halo to be found.", "categories": [["Books & Arts", "Television Review"]], "category_links": ["https://www.wsj.com/news/books-arts?mod=breadcrumb", "https://www.wsj.com/news/types/television-review?mod=breadcrumb"]}, {"link": "https://www.wsj.com/articles/cdc-updates-covid-19-guidelines-acknowledging-virus-can-spread-via-tiny-air-particles-11601921416", "title": "CDC Acknowledges Covid-19 Can Spread Via Tiny Air Particles", "date": "2020-10-05 16:42", "summary": "The agency updates guidelines after previously deleting language on airborne particles; virus can spread to people more than 6 feet away. The U.S. Centers for Disease Control and Prevention said tiny particles that linger in the air can spread the coronavirus, revising its guidelines on the matter just a few weeks after the health agency had acknowledged a role for the particles and then abruptly removed it.", "categories": [["Business", "Health Care", "Health"]], "category_links": ["https://www.wsj.com/news/business?mod=breadcrumb", "https://www.wsj.com/news/business/health-industry?mod=breadcrumb", "https://www.wsj.com/news/types/health?mod=breadcrumb"]}, {"link": "https://www.wsj.com/articles/treasury-yields-hit-highest-levels-since-june-11601929171", "title": "Treasury Yields Hit Highest Levels Since June", "date": "2020-10-05 16:19", "summary": "Mounting hopes for new fiscal stimulus from lawmakers helped fuel the climb. U.S. government-bond yields reached their highest levels in months Monday, lifted by mounting hopes for new fiscal stimulus from lawmakers.", "categories": [["Markets", "Credit Markets"]], "category_links": ["https://www.wsj.com/news/markets?mod=breadcrumb", "https://www.wsj.com/news/types/credit-markets?mod=breadcrumb"]}, {"link": "https://www.wsj.com/articles/new-york-citys-lockdown-of-hot-spots-aims-to-contain-coronavirus-spread-11601911891", "title": "New York City to Close Schools in Covid Hot Spots on Tuesday", "date": "2020-10-05 16:13", "summary": "Gov. Andrew Cuomo, Mayor Bill de Blasio give contradicting answers on whether businesses will also be closed. New York Gov. Andrew Cuomo on Monday ordered the closure of hundreds of schools in New York City neighborhoods seeing surges in Covid-19 cases, but he and Mayor Bill de Blasio gave differing answers on whether nonessential businesses in the hot spots will also be closed.", "categories": [["U.S.", "New York"]], "category_links": ["https://www.wsj.com/news/us?mod=breadcrumb", "https://www.wsj.com/news/types/new-york?mod=breadcrumb"]}, {"link": "https://www.wsj.com/articles/nobel-prize-in-medicine-awarded-for-discovery-of-hepititis-c-virus-11601890802", "title": "Nobel Prize in Medicine Awarded for Discovery of Hepatitis C Virus", "date": "2020-10-05 16:12", "summary": "Trio of scientists win award for an achievement in effort to fight viral infections. A trio of scientists from the U.S. and the U.K. won this year's Nobel Prize in Physiology or Medicine for the discovery of the hepatitis C virus, a major cause of liver cancer.", "categories": [["World"]], "category_links": ["https://www.wsj.com/news/world?mod=breadcrumb"]}, {"link": "https://www.wsj.com/articles/states-ask-workers-to-repay-unemployment-benefits-after-overpayments-11601928728", "title": "States Ask Workers to Repay Unemployment Benefits After Overpayments", "date": "2020-10-05 16:12", "summary": "Workers face demands to return thousands of dollars in pandemic assistance, but many have already spent the benefits. States including Colorado and Pennsylvania accidentally overpaid thousands of workers over the spring and summer, as they rushed to get relief to unemployed and idled Americans. Many states are now trying to recoup money or cutting current benefits to make up the difference, partly due to federal rules governing some unemployment aid.", "categories": [["Money"]], "category_links": ["https://www.wsj.com/news/types/noted-money?mod=breadcrumb"]}, {"link": "https://www.wsj.com/articles/honduran-migrant-caravan-disbands-in-guatemala-11601927728", "title": "Honduran Migrant Caravan Disbands in Guatemala", "date": "2020-10-05 15:55", "summary": "More than 3,000 people seeking to get to the U.S. are sent back, while Mexico deploys security forces to border crossings. MEXICO CITY-A caravan of several thousand Honduran migrants that set out last week for the U.S. via Guatemala and Mexico had virtually disbanded by Monday after Guatemalan authorities turned many of them back and Mexico prepared to halt them at its border.", "categories": [["World", "Latin America"]], "category_links": ["https://www.wsj.com/news/world?mod=breadcrumb", "https://www.wsj.com/news/types/latin-america-news?mod=breadcrumb"]}, {"link": "https://www.wsj.com/articles/consumers-are-eating-healthier-and-cooking-more-food-execs-say-11601926763", "title": "People Are Eating Healthier and Cooking More, Food Execs Say", "date": "2020-10-05 15:39", "summary": "Campbell, Kellogg, Mars see shoppers shifting from comfort food to more nutritious options as pandemic persists. Food company executives say they are expecting new consumer habits formed during the pandemic to stick, with a renewed focus on health and cooking at home.", "categories": [["Business"]], "category_links": ["https://www.wsj.com/news/business?mod=breadcrumb"]}, {"link": "https://www.wsj.com/articles/mcdonalds-adds-reggaeton-star-j-balvin-to-menu-of-collaborators-11601926295", "title": "McDonald's Adds Reggaeton Star J Balvin to Menu of Collaborators", "date": "2020-10-05 15:31", "summary": "Burger giant's recent partnership with rapper Travis Scott exceeded expectations, exec says. McDonald's Corp. is adding a marketing deal with reggaeton artist J Balvin after a buzzy collaboration with rapper Travis Scott, aiming to add younger diners to its clientele.", "categories": [["Business"]], "category_links": ["https://www.wsj.com/news/business?mod=breadcrumb"]}, {"link": "https://www.wsj.com/articles/enjoy-your-mealquickly-restaurants-introduce-time-limits-11601925390", "title": "Enjoy Your Meal-Quickly. Restaurants Introduce Time Limits.", "date": "2020-10-05 15:16", "summary": "To survive the pandemic, some restaurants are limiting the time diners can spend on meals; 'every minute counts'. When Kate Hayes showed up recently at a Chicago restaurant, she was surprised to learn that the wine-pairing dinner came with a 90-minute limit. Though it was a weekday and there were plenty of empty tables, the meal felt more like \"Beat the Clock\" than a leisurely catch-up.", "categories": [["A-hed"]], "category_links": ["https://www.wsj.com/news/types/a-hed?mod=breadcrumb"]}, {"link": "https://www.wsj.com/articles/food-makers-add-staff-capacity-as-pandemic-persists-11601924118", "title": "Food Makers Add Staff, Capacity as Pandemic Persists", "date": "2020-10-05 14:55", "summary": "Campbell, Kellogg, Unilever say they are working to keep customers drawn to their products during coronavirus pandemic. Food makers including Campbell Soup Co. and Kellogg Co. said huge demand during the coronavirus pandemic has taught them to focus on bolstering supplies of their most popular products.", "categories": [["Business"]], "category_links": ["https://www.wsj.com/news/business?mod=breadcrumb"]}, {"link": "https://www.wsj.com/articles/fresh-coronavirus-restrictions-cast-doubt-on-strength-of-economic-recovery-11601895961", "title": "U.S. Services Activity Gains Momentum", "date": "2020-10-05 14:48", "summary": "U.S. services businesses gained momentum in September, but fresh coronavirus restrictions hurt the sector in Europe and parts of Asia. The recovery for U.S. services businesses gained momentum in September, surveys of purchasing managers show, while fresh coronavirus restrictions hurt activity in Europe and Asia.", "categories": [["Economy"]], "category_links": ["https://www.wsj.com/news/economy?mod=breadcrumb"]}, {"link": "https://www.wsj.com/articles/irs-investigating-nras-wayne-lapierre-for-possible-tax-fraud-11601923467", "title": "IRS Investigating NRA's Wayne LaPierre for Possible Tax Fraud", "date": "2020-10-05 14:44", "summary": "New York attorney general previously sued gun-rights organization over alleged expense abuses. The Internal Revenue Service is investigating longtime National Rifle Association CEO Wayne LaPierre for possible criminal tax fraud related to his personal taxes, according to people familiar with the matter.", "categories": [["WSJ News Exclusive", "U.S."]], "category_links": ["https://www.wsj.com/news/us?mod=breadcrumb"]}, {"link": "https://www.wsj.com/articles/iran-sets-coronavirus-record-as-capital-returns-to-lockdown-11601914695", "title": "Iran Sets Coronavirus Record as Capital Returns to Lockdown", "date": "2020-10-05 14:36", "summary": "Government shuts schools, movie theaters, beauty salons, coffee shops, mosques and other businesses and institutions. Iran reported its highest daily Covid-19 death toll and its largest single-day rise in infections on Monday, as the country imposed a second lockdown of its capital to contain a resurgent outbreak.", "categories": [["World", "Middle East"]], "category_links": ["https://www.wsj.com/news/world?mod=breadcrumb", "https://www.wsj.com/news/types/middle-east-news?mod=breadcrumb"]}, {"link": "https://www.wsj.com/articles/2020-now-represents-a-turning-point-toward-parts-unknown-11601907493", "title": "2020 Now Represents a Turning Point, Toward Parts Unknown", "date": "2020-10-05 14:31", "summary": "Such inflection points tend not to be kind to the presidents and parties in power, but results of today's tumult are hard to forecast. Americans define turning points in their national life by the year in which they arrived. In 1861, Abraham Lincoln took office as president and the Civil War began. In 1932, the Great Depression approached its peak and Franklin Roosevelt was elected to usher in a new era of Democratic dominance.", "categories": [["Politics", "Capital Journal"]], "category_links": ["https://www.wsj.com/news/politics?mod=breadcrumb", "https://www.wsj.com/news/types/capital-journal?mod=breadcrumb"]}, {"link": "https://www.wsj.com/articles/senate-democrats-question-export-of-graphite-to-china-approved-by-commerce-department-11601920801", "title": "Democratic Senators Question Export of Graphite to China", "date": "2020-10-05 14:30", "summary": "Senators say graphite may be used by China to build up missile forces, want Commerce Secretary Ross to explain the approval. Top Democratic senators are calling on the Commerce Department to explain its approval for the export of a large shipment of graphite to China that the lawmakers say could bolster the Chinese military's missile forces.", "categories": [["WSJ News Exclusive", "National Security"]], "category_links": ["https://www.wsj.com/news/types/national-security?mod=breadcrumb"]}, {"link": "https://www.wsj.com/articles/as-second-covid-19-wave-rolls-through-europe-deaths-and-hospitalizations-rise-11601919564", "title": "Second Covid-19 Wave Rolls Through Europe", "date": "2020-10-05 14:25", "summary": "Paris closes bars, Rome requires masks as new cases exceed spring totals in some nations. Europe's second coronavirus wave is spreading, and rising hospitalizations and deaths are prompting governments to impose more restrictions, from travel bans in Madrid to the closure of bars in Paris.", "categories": [["World"]], "category_links": ["https://www.wsj.com/news/world?mod=breadcrumb"]}, {"link": "https://www.wsj.com/articles/heres-how-the-pandemic-is-affecting-womens-careers-11601920650", "title": "Here's How the Pandemic Is Affecting Women's Careers", "date": "2020-10-05 13:57", "summary": "Women have been disproportionately hit by job losses and many of those who are working say they may have to step back.. Working women are confronting painful choices amid the Covid-19 pandemic that threaten to unravel recent advances in gender equity-in pay, the professional ranks and in attaining leadership positions, according to a survey of more than 40,000 North American employees.", "categories": [["Jobs"]], "category_links": ["https://www.wsj.com/news/types/noted-jobs?mod=breadcrumb"]}, {"link": "https://www.wsj.com/articles/moscow-invites-chemical-weapons-watchdog-to-russia-in-navalny-poisoning-11601920004", "title": "Moscow Invites Chemical-Weapons Watchdog to Russia in Navalny Case", "date": "2020-10-05 13:46", "summary": "Organization for the Prohibition of Chemical Weapons says it was asked to deploy a team to the country amid calls for Kremlin to open investigation. MOSCOW-Russia has invited the leading international chemical-weapons watchdog to help with the case of Kremlin critic Alexei Navalny, who German authorities said was poisoned with a military-grade nerve agent, in the latest development in an incident that has drawn international condemnation.", "categories": [["World", "Europe", "Russia"]], "category_links": ["https://www.wsj.com/news/world?mod=breadcrumb", "https://www.wsj.com/news/types/europe-news?mod=breadcrumb", "https://www.wsj.com/news/types/russia-news?mod=breadcrumb"]}, {"link": "https://www.wsj.com/articles/former-bridgeport-conn-police-chief-pleads-guilty-to-corrupting-hiring-11601919610", "title": "Former Bridgeport, Conn., Police Chief Pleads Guilty to Corrupting Hiring", "date": "2020-10-05 13:40", "summary": "Bridgeport's former acting personnel director, David Dunn, also expected to plead guilty in the case. HARTFORD, Conn.-The former police chief of Connecticut's largest city pleaded guilty Monday to federal charges connected to what prosecutors called a corrupt process that led to his appointment in 2018.", "categories": [["U.S.", "New York"]], "category_links": ["https://www.wsj.com/news/us?mod=breadcrumb", "https://www.wsj.com/news/types/new-york?mod=breadcrumb"]}, {"link": "https://www.wsj.com/articles/10-things-you-didn-t-know-about-somali-pirates-11601915298", "title": "10 Things You Didn't Know About Somali Pirates", "date": "2020-10-05 13:28", "summary": "By David Axe. (The following is reprinted with permission from www.mentalfloss.com).", "categories": [["Life & Style", "Humor from Mental Floss"]], "category_links": ["https://www.wsj.com/news/types/life-style?mod=breadcrumb"]}, {"link": "https://www.wsj.com/articles/readers-share-their-fitness-transformations-it-has-changed-my-life-11601918825", "title": "Readers Share Their Fitness Transformations: 'It Has Changed My Life'", "date": "2020-10-05 13:27", "summary": "In response to a WSJ article about a reporter's journey into bodybuilding, readers shared their own experiences of physical and emotional change. A Wall Street Journal article about reporter Anne Marie Chaker's journey into midlife bodybuilding described a physical transformation that led to an emotional one as well. Readers wrote in to share their own experiences in setting fitness goals that helped them overcome challenges. Below is a selection of reader responses, which have been lightly edited for length and clarity.", "categories": [["Life & Work", "Health & Wellness"]], "category_links": ["https://www.wsj.com/news/life-work?mod=breadcrumb", "https://www.wsj.com/news/types/health-wellness?mod=breadcrumb"]}, {"link": "https://www.wsj.com/articles/anheuser-busch-fort-lauderdale-home-11601918282", "title": "Fort Lauderdale Home Built for a Brewing Magnate Lists for $19.25 Million", "date": "2020-10-05 13:20", "summary": "Michael Wekerle is selling the 14,000-square-foot Mediterranean-style home once owned by Adolphus Busch III. Michael Wekerle, a Canadian banker and reality-television celebrity, makes no secret of his ostentatious tastes or his love of rock 'n' roll and fast cars. Now Mr. Wekerle, citing the disruption caused by the pandemic, is putting his colorfully decorated Fort Lauderdale, Fla., estate on the market for $19.25 million.", "categories": [["Real Estate", "Private Properties"]], "category_links": ["https://www.wsj.com/news/realestate?mod=breadcrumb", "https://www.wsj.com/news/types/private-properties?mod=breadcrumb"]}, {"link": "https://www.wsj.com/articles/a-beer-magnates-florida-hideaway-11601918083", "title": "A Beer Magnate's Florida Hideaway", "date": "2020-10-05 13:14", "summary": "Manga Reva was built in the 1930s by Adolphus Busch III, then president and chief executive of brewing company Anheuser-Busch.. We are delighted that you'd like to resume your subscription.", "categories": [[]], "category_links": []}, {"link": "https://www.wsj.com/articles/trump-takes-zinc-maybe-you-should-too-11601916665", "title": "Trump Takes Zinc. Maybe You Should Too", "date": "2020-10-05 12:51", "summary": "Research suggests the mineral bolsters the immune system against Covid and other diseases.. President Trump is getting state-of-the-art care for his coronavirus infection, including the antiviral drug remdesivir and a monoclonal-antibody cocktail. Most Americans have limited access to these therapies. The antibody treatment hasn't been approved by the Food and Drug Administration even for emergency use, so it's available only to patients in clinical trials or on a case by case basis for compassionate use if approved by the FDA and drug manufacturer Regeneron. Remdesivir must be administered in a hospital, and patients often aren't admitted until days after they develop severe symptoms.", "categories": [["Opinion", "Commentary"]], "category_links": ["https://www.wsj.com/news/opinion?mod=breadcrumb", "https://www.wsj.com/news/types/commentary-u-s?mod=breadcrumb"]}, {"link": "https://www.wsj.com/articles/outside-walter-reed-a-misinformation-epidemic-11601916630", "title": "Outside Walter Reed, a Misinformation Epidemic", "date": "2020-10-05 12:50", "summary": "The White House feeds a hostile media's suspicion, and they can't resist gorging themselves.. Our modern media culture presents few less edifying spectacles than that of a stadium-sized crowd of animated journalists, commentators and pundits speculating on demand on the state of a man's health.", "categories": [["Opinion", "Free Expression"]], "category_links": ["https://www.wsj.com/news/opinion?mod=breadcrumb", "https://www.wsj.com/news/types/free-expression?mod=breadcrumb"]}, {"link": "https://www.wsj.com/articles/italian-merger-builds-another-vehicle-for-bigger-payments-deals-11601915647", "title": "Italian Merger Builds Another Vehicle for Bigger Payments Deals", "date": "2020-10-05 12:34", "summary": "Europe now has at least two national pay-tech champions with wider ambitions. Neither Covid-19 nor the Wirecard fiasco have sapped appetite in Europe to create a payments giant to rival U.S. and Asian peers. The latest merger paves the way for more.", "categories": [["Markets", "Heard on the Street"]], "category_links": ["https://www.wsj.com/news/markets?mod=breadcrumb", "https://www.wsj.com/news/heard-on-the-street?mod=breadcrumb"]}, {"link": "https://www.wsj.com/articles/covid-19-vaccine-delivery-will-present-tough-challenge-to-cargo-airlines-11601890203", "title": "Covid-19 Vaccine Delivery Will Challenge Cargo Airlines", "date": "2020-10-05 12:27", "summary": "Inoculations for the new coronavirus will require thousands of extra flights, taxing stretched airlines. The pandemic has revealed shortcomings in global supply chains and forced business to make logistics a bigger strategic priority. Successfully delivering Covid-19 vaccines will test manufacturers and shippers on what lessons have been learned.", "categories": [["Business"]], "category_links": ["https://www.wsj.com/news/business?mod=breadcrumb"]}, {"link": "https://www.wsj.com/articles/trump-and-covid-11601912282", "title": "Trump and Covid", "date": "2020-10-05 11:38", "summary": "An optimistic report on the President's health.. All Americans wishing President Donald Trump a speedy recovery received some encouraging news on Monday morning. Meanwhile a mouthpiece for the Chinese communist regime seems to have given up trying to blame Mr. Trump for contracting Covid-19.", "categories": [["Opinion", "Best of the Web"]], "category_links": ["https://www.wsj.com/news/opinion?mod=breadcrumb", "https://www.wsj.com/news/types/best-of-the-web-today?mod=breadcrumb"]}, {"link": "https://www.wsj.com/articles/can-a-rent-the-runway-model-work-for-men-11601912046", "title": "Can a 'Rent the Runway' Model Work for Men?", "date": "2020-10-05 11:34", "summary": "Seasons, a rental clothing startup focused on splashy designer menswear, has drawn the attention of investors like Reddit co-founder Alexis Ohanian and the rapper Nas. BELGIAN DESIGNER Dries Van Noten recently produced what is, by any measure, a loud shirt. The front of this button-up shows a blossoming yellow and purple flower while the back depicts wispy foliage. It's beautiful, but wear it too often and you'd risk being known as the \"floral shirt guy.\" But what if, instead of buying such a shirt, you could rent it the way women lease dresses from Rent The Runway? You'd put it on, reap some compliments and then return it, never regretting that you spent $619 on a shirt you wore only once or twice.", "categories": [["Life & Work", "Style & Fashion", "On Trend"]], "category_links": ["https://www.wsj.com/news/life-work?mod=breadcrumb", "https://www.wsj.com/news/life-work/fashion?mod=breadcrumb", "https://www.wsj.com/news/types/on-trend?mod=breadcrumb"]}, {"link": "https://www.wsj.com/articles/the-covid-economy-carves-deep-divide-between-haves-and-have-nots-11601910595", "title": "The Covid Economy Carves Deep Divide Between Haves and Have-Nots", "date": "2020-10-05 11:09", "summary": "Resume Subscription. A two-track recovery is emerging from the country's pandemic-driven economic contraction. Some workers, companies and regions show signs of coming out fine or even stronger. The rest are mired in a deep decline with an uncertain path ahead.", "categories": [[]], "category_links": []}, {"link": "https://www.wsj.com/articles/will-we-have-cyberwar-or-cyber-peace-11601910082", "title": "Will We Have Cyberwar or Cyber Peace?", "date": "2020-10-05 11:01", "summary": "Resume Subscription. Author", "categories": [[]], "category_links": []}, {"link": "https://www.wsj.com/articles/dodgers-ace-clayton-kershaw-is-readyagainto-put-his-playoff-struggles-behind-him-11601910017", "title": "Clayton Kershaw Is Ready-Again-to Put His Playoff Struggles Behind Him", "date": "2020-10-05 11:00", "summary": "The three-time Cy Young winner hasn't pitched well in the postseason. This year might be different.. Clayton Kershaw's struggles in the postseason have been thoroughly dissected. He wilts on the sport's biggest stage, a blemish on his r\u00e9sum\u00e9 that threatens to tarnish the legacy of the best pitcher of his generation.", "categories": [["Sports", "MLB"]], "category_links": ["https://www.wsj.com/news/sports?mod=breadcrumb", "https://www.wsj.com/news/types/mlb?mod=breadcrumb"]}, {"link": "https://www.wsj.com/articles/trumps-suv-trip-to-greet-supporters-raises-covid-19-safety-questions-11601860399", "title": "Trump Exits Walter Reed Isolation in SUV to Greet Supporters", "date": "2020-10-05 10:59", "summary": "President's brief drive departs from government health guidelines for Covid patients to remain isolated. WASHINGTON-President Trump briefly left Walter Reed National Military Medical Center, where he is being treated for Covid-19, and waved to supporters from a presidential SUV, departing from government health guidelines designed to reduce the risk of spreading infection.", "categories": [["Politics", "Audience"]], "category_links": ["https://www.wsj.com/news/politics?mod=breadcrumb", "https://www.wsj.com/news/types/audience?mod=breadcrumb"]}, {"link": "https://www.wsj.com/articles/russia-fast-tracks-second-coronavirus-vaccine-11601909843", "title": "Russia Fast-Tracks Second Coronavirus Vaccine", "date": "2020-10-05 10:57", "summary": "Approval is expected by mid-October, as the number of infections grow and Moscow pushes to raise its profile abroad. MOSCOW-Russia is fast-tracking a second coronavirus vaccine, moving it quickly through the approval process as the country races to safeguard its population from a second wave and pushes to raise its profile abroad.", "categories": [["World", "Europe", "Russia"]], "category_links": ["https://www.wsj.com/news/world?mod=breadcrumb", "https://www.wsj.com/news/types/europe-news?mod=breadcrumb", "https://www.wsj.com/news/types/russia-news?mod=breadcrumb"]}, {"link": "https://www.wsj.com/articles/trumps-covid-19-treatment-seeks-to-boost-immune-response-11601909739", "title": "Trump's Covid-19 Treatment Seeks to Boost Immune Response", "date": "2020-10-05 10:55", "summary": "Weaker immune systems are a key reason why the elderly are so susceptible to serious cases of Covid-19. The experimental infusion doctors have given to President Trump seeks to counter a problem affecting many older Covid-19 patients: an ineffective immune response.", "categories": [["Business", "Health Care", "Health"]], "category_links": ["https://www.wsj.com/news/business?mod=breadcrumb", "https://www.wsj.com/news/business/health-industry?mod=breadcrumb", "https://www.wsj.com/news/types/health?mod=breadcrumb"]}, {"link": "https://www.wsj.com/articles/states-overpaid-virus-unemployment-claims-and-they-want-the-money-back-11601890201", "title": "States Overpaid Virus Unemployment Claims. They Want the Money Back.", "date": "2020-10-05 10:47", "summary": "Workers in Colorado, Pennsylvania and elsewhere face repayment demands on thousands of dollars in pandemic assistance, even after many have already spent the benefits. States accidentally overpaid thousands of workers over the spring and summer during a rush to get relief to unemployed and idled Americans. Now they want the money back.", "categories": [["U.S."]], "category_links": ["https://www.wsj.com/news/us?mod=breadcrumb"]}, {"link": "https://www.wsj.com/articles/feds-evans-says-new-inflation-framework-would-have-limited-earlier-rate-hikes-11601909145", "title": "Fed's Evans Says New Inflation Framework Would Have Limited Earlier Rate Hikes", "date": "2020-10-05 10:45", "summary": "Chicago Fed leader says holding off on rate hikes between 2015 and 2018 may have left the economy stronger. Federal Reserve Bank of Chicago President Charles Evans said Monday that if the central bank's newly adopted framework for interest rate changes had been in place earlier, it is likely that some portion of the rate-tightening campaign that happened between 2015 and 2018 might not have taken place.", "categories": [["Economy", "Central Banks"]], "category_links": ["https://www.wsj.com/news/economy?mod=breadcrumb", "https://www.wsj.com/news/types/central-banks?mod=breadcrumb"]}, {"link": "https://www.wsj.com/articles/patriots-and-chiefs-set-to-play-after-receiving-negative-test-results-11601906949", "title": "Patriots and Chiefs Set to Play After Receiving Negative Test Results", "date": "2020-10-05 10:09", "summary": "Results on Monday also showed no new infections on the Tennessee Titans, who suffered an outbreak with six straight days of continued positive results. The New England Patriots flew to Kansas City Monday for their game the same night against the Chiefs after both team's test results came back negative-a gamble that a potential Covid-19 outbreak has been thwarted after star Patriots quarterback Cam Newton returned a positive result over the weekend.", "categories": [["Sports", "NFL"]], "category_links": ["https://www.wsj.com/news/sports?mod=breadcrumb", "https://www.wsj.com/news/types/nfl?mod=breadcrumb"]}, {"link": "https://www.wsj.com/articles/movie-industrys-troubles-still-far-from-wrapping-up-11601906091", "title": "Movie Industry's Troubles Still Far From Wrapping Up", "date": "2020-10-05 09:54", "summary": "Production delays, lack of insurance could lengthen recovery for already-battered industry. James Bond won't be saving the movie business this year, and the industry may be facing longer-term problems that even the super spy can't fix.", "categories": [["Markets", "Heard on the Street"]], "category_links": ["https://www.wsj.com/news/markets?mod=breadcrumb", "https://www.wsj.com/news/heard-on-the-street?mod=breadcrumb"]}, {"link": "https://www.wsj.com/articles/anecdotes-on-presidents-treatment-trump-data-on-wall-street-11601906077", "title": "Anecdotes on President's Treatment Trump Data on Wall Street", "date": "2020-10-05 09:54", "summary": "Two companies supplying drugs used to treat the president are seeing shares rise despite no evidence linking his apparent improvement to their use. Does having a famous patient help drug companies become more valuable? Investors seem to think so.", "categories": [["Markets", "Overheard"]], "category_links": ["https://www.wsj.com/news/markets?mod=breadcrumb", "https://www.wsj.com/news/types/overheard?mod=breadcrumb"]}, {"link": "https://www.wsj.com/articles/europes-nexi-and-sia-to-merge-in-17-6-billion-payments-deal-11601898202", "title": "Europe's Nexi Agrees to Acquire SIA for Almost $5.4 Billion in Stock", "date": "2020-10-05 09:35", "summary": "Deal creates a $17.6 billion payments giant in a sector where scale is a competitive advantage. Italy's Nexi SpA agreed late Sunday to acquire crosstown fintech rival SIA SpA for about \u20ac4.6 billion, equivalent to almost $5.4 billion, in a stock deal that creates a European giant in the fast-consolidating payments sector.", "categories": [["Markets", "Stocks", "Europe Markets"]], "category_links": ["https://www.wsj.com/news/markets?mod=breadcrumb", "https://www.wsj.com/news/markets/stocks?mod=breadcrumb", "https://www.wsj.com/news/types/europe-markets?mod=breadcrumb"]}, {"link": "https://www.wsj.com/articles/papa-johns-taps-target-executive-ann-gugino-as-finance-chief-11601904900", "title": "Papa John's Taps Target Executive Ann Gugino as Finance Chief", "date": "2020-10-05 09:35", "summary": "Papa John's shuffled its management last year after it faced falling sales and controversies. Papa John's International Inc. said it has tapped Ann Gugino, a Target Corp. executive, as its finance chief, effective Monday.", "categories": [["CFO Journal"]], "category_links": ["https://www.wsj.com/news/types/cfo-journal?mod=breadcrumb"]}, {"link": "https://www.wsj.com/articles/tesla-stock-myokardia-regeneron-what-to-watch-when-the-market-opens-today-11601896053", "title": "Tesla Stock, MyoKardia, Regeneron: What to Watch When the Market Opens Today", "date": "2020-10-05 09:05", "summary": "S&P 500 futures ticked higher as markets cheered reports of Trump's improving condition and Biden's widening lead, both of which signal less political uncertainty. Here's what we are watching as markets kick into gear Monday.", "categories": [["Markets", "U.S. Markets"]], "category_links": ["https://www.wsj.com/news/markets?mod=breadcrumb", "https://www.wsj.com/news/types/today-s-markets?mod=breadcrumb"]}, {"link": "https://www.wsj.com/articles/court-fight-over-census-tied-to-plan-for-excluding-illegal-immigrants-11601902695", "title": "Court Fight Over Census Tied to Plan for Excluding Illegal Immigrants", "date": "2020-10-05 08:58", "summary": "A legal battle will determine whether the Trump administration turns in population totals this year. A legal battle over when to wrap up the 2020 census is part of a broader push by the Trump administration to exclude illegal immigrants from the count that drives congressional reapportionment.", "categories": [["U.S."]], "category_links": ["https://www.wsj.com/news/us?mod=breadcrumb"]}, {"link": "https://www.wsj.com/articles/new-york-investigation-of-trump-organization-entangles-local-land-use-lawyer-11601901939", "title": "New York Investigation of Trump Organization Entangles Local Land-Use Lawyer", "date": "2020-10-05 08:45", "summary": "Trump Organization, New York attorney general fight over documents related to Westchester County estate, Eric Trump. A Westchester County, N.Y., land-use lawyer is at the center of the latest skirmish in the battle between the Trump Organization and the New York attorney general's office, which is investigating alleged fraud by the president and his company.", "categories": [["U.S."]], "category_links": ["https://www.wsj.com/news/us?mod=breadcrumb"]}, {"link": "https://www.wsj.com/articles/selling-sunsets-christine-quinn-always-knew-she-was-going-to-be-famous-11601901854", "title": "Christine Quinn From 'Selling Sunset' Always Knew She Was Going to Be Famous", "date": "2020-10-05 08:44", "summary": "The reality TV star says quarantine has turned her into \"Martha Stewart on acid\". In our series My Monday Morning, self-motivated people tell WSJ. how they start off the week.", "categories": [["My Monday Morning"]], "category_links": ["https://www.wsj.com/news/types/my-monday-morning?mod=breadcrumb"]}, {"link": "https://www.wsj.com/articles/nice-home-gyms-best-designed-items-of-october-11601900579", "title": "Chic Home Gyms and Geometric Rugs: The Best Designed Items of October", "date": "2020-10-05 08:26", "summary": "A throwback watch, a collection of NYC cookbooks and everything else we're obsessed with this month. FREE SPIRITS Chopard's Happy Diamonds design liberates the stones from traditional metal prongs and leaves them to spin between two clear sapphire crystal discs. It's a playful concept that Chopard's co-president and artistic director, Caroline Scheufele, frequently updates for new jewelry and timepieces, such as the Happy Precious earrings and ring, shown. Here, the rolling stones are surrounded by lace-like patterns of sapphires and diamonds. -Jill Newman", "categories": [["What's News"]], "category_links": ["https://www.wsj.com/news/types/magazine-what-s-news?mod=breadcrumb"]}, {"link": "https://www.wsj.com/articles/how-are-legacy-airlines-surviving-covid-19-by-borrowing-from-the-low-cost-playbook-11601900055", "title": "How Are Legacy Airlines Surviving Covid-19? By Borrowing From the Low-Cost Playbook", "date": "2020-10-05 08:14", "summary": "Full-service carriers have been forced to chase demand from sun-seekers, but restoring network connectivity remains crucial. Following the 9/11 attacks, big U.S. airlines were forced to slash fares to compete with their low-cost rivals. In the Covid-19 crisis, they are also learning how to act like them.", "categories": [["Markets", "Heard on the Street"]], "category_links": ["https://www.wsj.com/news/markets?mod=breadcrumb", "https://www.wsj.com/news/heard-on-the-street?mod=breadcrumb"]}, {"link": "https://www.wsj.com/articles/cover-your-eyes-this-college-football-season-is-ugly-11601899201", "title": "Cover Your Eyes! This College Football Season Is Ugly", "date": "2020-10-05 08:00", "summary": "Things are different in the shortened 2020 pandemic season, in which practices have been scarce and even the best teams sometimes don't seem ready to play. In the rain at Ames, Iowa, on Saturday night, No. 18 Oklahoma found itself in a familiar place: trailing by a touchdown and looking to their quarterback to orchestrate a game-winning drive. This scenario usually ended well for the Sooners during the three previous seasons, when Oklahoma had a string of Heisman Trophy winners or finalists under center.", "categories": [["Sports", "College Football"]], "category_links": ["https://www.wsj.com/news/sports?mod=breadcrumb", "https://www.wsj.com/news/types/college-football?mod=breadcrumb"]}, {"link": "https://www.wsj.com/articles/white-house-medical-confusion-11601816368", "title": "White House Medical Confusion", "date": "2020-10-05 07:58", "summary": "Mixed messages like those on Saturday hurt the President.. President Trump's doctors said Sunday he could be released from Walter Reed medical center as early as Monday if his symptoms keep improving. This is good to hear, but it also underscores the need for the White House to be transparent about Mr. Trump's condition on a daily basis.", "categories": [["Opinion", "Review & Outlook"]], "category_links": ["https://www.wsj.com/news/opinion?mod=breadcrumb", "https://www.wsj.com/news/types/review-outlook-u-s?mod=breadcrumb"]}, {"link": "https://www.wsj.com/articles/cheaper-teslas-could-bump-chinas-ev-champions-off-the-road-11601897739", "title": "Cheaper Teslas Could Bump China's EV Champions Off the Road", "date": "2020-10-05 07:35", "summary": "With heavyweight Tesla cutting prices, competitors face an unpalatable choice between lower sales or lower margins. China's electric-vehicle market is picking speed up again, but so is competition. Tesla looks well-placed, but some of its local competitors-whose stocks have been bid up sharply this year-could be in for a bruising price war.", "categories": [["Markets", "Heard on the Street"]], "category_links": ["https://www.wsj.com/news/markets?mod=breadcrumb", "https://www.wsj.com/news/heard-on-the-street?mod=breadcrumb"]}, {"link": "https://www.wsj.com/articles/more-stimulus-would-be-double-edged-sword-for-banks-11601895621", "title": "More Stimulus Would Be Double-Edged Sword for Banks", "date": "2020-10-05 07:00", "summary": "A flood of cash has pushed U.S. bank balance sheets to some important size limits, so more stimulus could have a mixed effect on bank stocks. Stimulus measures from the Federal Reserve and the U.S. Treasury may be necessary to keep the economy afloat. But it is increasingly clear that they also carry some downside for big banks.", "categories": [["Markets", "Heard on the Street"]], "category_links": ["https://www.wsj.com/news/markets?mod=breadcrumb", "https://www.wsj.com/news/heard-on-the-street?mod=breadcrumb"]}, {"link": "https://www.wsj.com/articles/u-s-boosts-crude-sales-to-china-forcing-saudis-to-find-other-markets-11601895481", "title": "U.S. Boosts Crude Sales to China, Forcing Saudis to Find Other Markets", "date": "2020-10-05 06:58", "summary": "Beijing's trade deal with Trump is helping American oil replace Mideast supplies. The U.S. is quickly ramping up oil sales to China, the world's biggest importer, forcing traditional suppliers in the Mideast to look for new markets or hold on to their crude in an already oversupplied world.", "categories": [["World"]], "category_links": ["https://www.wsj.com/news/world?mod=breadcrumb"]}, {"link": "https://www.wsj.com/articles/bristol-to-pay-13-1-billion-for-heart-drug-maker-myokardia-11601892902", "title": "Bristol to Pay $13.1 Billion for Heart-Drug Maker MyoKardia", "date": "2020-10-05 06:15", "summary": "Bristol Myers Squibb, which sells leading treatments for lung cancer and multiple myeloma, agrees to buy biotech MyoKardia to bolster heart-drug offerings. Bristol Myers Squibb Co. said it will buy biotech MyoKardia Inc. in a $13.1 billion deal aimed at expanding the cancer-drug powerhouse's lineup of heart drugs.", "categories": [["Markets", "Deals"]], "category_links": ["https://www.wsj.com/news/markets?mod=breadcrumb", "https://www.wsj.com/news/types/deals-deal-makers?mod=breadcrumb"]}, {"link": "https://www.wsj.com/articles/jpmorgan-probe-revived-by-regulators-data-mining-11601892000", "title": "JPMorgan Probe Revived by Regulators' Data Mining", "date": "2020-10-05 06:00", "summary": "A $920 million fine against bank shows advances in analyzing trading data. WASHINGTON-Investigators probing whether traders at JPMorgan Chase & Co. rigged silver prices seven years ago decided there was no case to bring. Last week, the same agency hammered the megabank with a $920 million fine.", "categories": [["Markets", "Finance"]], "category_links": ["https://www.wsj.com/news/markets?mod=breadcrumb", "https://www.wsj.com/news/types/finance?mod=breadcrumb"]}, {"link": "https://www.wsj.com/articles/big-law-firms-prosper-despite-covid-impaired-economy-11601890200", "title": "Big Law Firms Prosper Despite Covid-Impaired Economy", "date": "2020-10-05 05:30", "summary": "Varied client bases, lawyers' ability to work remotely has kept revenue stream-and extra bonuses-flowing. Lawyers at large law firms aren't worried, as many Americans are, about job security while the coronavirus pandemic continues to upend everyday life. Some of them are even collecting extra bonuses.", "categories": [["U.S."]], "category_links": ["https://www.wsj.com/news/us?mod=breadcrumb"]}, {"link": "https://www.wsj.com/articles/new-hires-to-the-holodeck-fidelity-investments-tries-collaboration-via-virtual-reality-11601890201", "title": "Fidelity Investments Tries Collaboration Via Virtual Reality", "date": "2020-10-05 05:30", "summary": "As in videogames, VR creates an immersive experience. Corporations are starting to use that to build the work ties lost during the pandemic. As coronavirus lockdowns drag on, IT leaders are feeling hard-pressed to keep collaboration fresh among their remote workforces through video chat and other digital tools.", "categories": [["CIO Journal"]], "category_links": ["https://www.wsj.com/news/types/cio-journal?mod=breadcrumb"]}, {"link": "https://www.wsj.com/articles/dateline-the-virtual-reality-conference-room-11601890201", "title": "Dateline: the Virtual-Reality Conference Room", "date": "2020-10-05 05:30", "summary": "Embedded in a corporate virtual reality, a reporter faces down waves of nausea to get the inside story. On a recent Friday afternoon, a Fidelity Investments Inc. employee was patient enough to teach me, over a video call, how to use a virtual reality headset made by Facebook Inc.", "categories": [["CIO Journal"]], "category_links": ["https://www.wsj.com/news/types/cio-journal?mod=breadcrumb"]}, {"link": "https://www.wsj.com/articles/companies-test-a-new-type-of-esg-bond-with-fewer-restrictions-11601890200", "title": "Companies Test a New Type of ESG Bond With Fewer Restrictions", "date": "2020-10-05 05:30", "summary": "Novartis, Suzano and Chanel issued billions of dollars in sustainability-linked bonds in September. Finance chiefs are selling a new type of bond designed to attract socially minded investors that costs less and offers more leeway for companies than other types of sustainable debt.", "categories": [["CFO Journal"]], "category_links": ["https://www.wsj.com/news/types/cfo-journal?mod=breadcrumb"]}, {"link": "https://www.wsj.com/articles/darkstores-new-service-pitches-two-hour-delivery-for-consumer-goods-11601888400", "title": "Darkstore's New Service Pitches Two-Hour Delivery for Consumer Goods", "date": "2020-10-05 05:00", "summary": "A fulfillment company for e-commerce orders sets up a consumer brand of its own. Darkstore Inc., a behind-the-scenes fulfillment company, has released its first consumer-facing app, promising two-hour delivery of products from sneakers to olive oil.", "categories": [["Experience Report"]], "category_links": ["https://www.wsj.com/news/experience-report?mod=breadcrumb"]}, {"link": "https://www.wsj.com/articles/bonds-were-a-safety-net-when-stocks-fell-investors-fret-they-arent-anymore-11601887725", "title": "Bonds Were a Safety Net When Stocks Fell. Investors Fret They Aren't Anymore.", "date": "2020-10-05 04:48", "summary": "Long a basic investment strategy, balanced portfolios might need a rethink. A reliable link between stocks and government bonds that defined a popular investment strategy for decades has broken this year. Some investors worry the rupture is permanent.", "categories": [["Markets"]], "category_links": ["https://www.wsj.com/news/markets?mod=breadcrumb"]}, {"link": "https://www.wsj.com/articles/u-s-steps-up-efforts-to-counter-chinas-dominance-of-minerals-key-to-electric-cars-phones-11601884801", "title": "U.S. Steps Up Efforts to Counter China's Dominance of Minerals Key to Electric Cars, Phones", "date": "2020-10-05 04:00", "summary": "State-backed group invests in battery-metals firm after Trump recently signed rare-earths executive order. ", "categories": [["Business"]], "category_links": ["https://www.wsj.com/news/business?mod=breadcrumb"]}, {"link": "https://www.wsj.com/articles/regal-cinemas-likely-suspending-operations-at-all-u-s-locations-11601793090", "title": "Regal Cinemas Suspending Operations at All U.S. Locations", "date": "2020-10-05 01:00", "summary": "Second-largest U.S. cinema chain is closing its doors again as high-profile movies vacate calendar. The second-largest cinema chain in the U.S. is closing all of its locations nationwide after reopening in August, escalating the pandemic-driven crisis facing the entertainment industry.", "categories": [["Business", "Media & Marketing"]], "category_links": ["https://www.wsj.com/news/business?mod=breadcrumb", "https://www.wsj.com/news/business/media-marketing?mod=breadcrumb"]}, {"link": "https://www.wsj.com/articles/pepper-and-salt-11601817854", "title": "Pepper...and Salt", "date": "2020-10-05 00:01", "summary": "Resume Subscription. We are delighted that you'd like to resume your subscription.", "categories": [["Opinion", "Pepper & Salt"]], "category_links": ["https://www.wsj.com/news/opinion?mod=breadcrumb", "https://www.wsj.com/news/types/pepper-salt?mod=breadcrumb"]}, {"link": "https://www.wsj.com/articles/nypd-prepares-for-potential-unrest-after-presidential-election-11601902231", "title": "NYPD Prepares for Potential Unrest After Election", "date": "2020-10-05 00:01", "summary": "City officers, like others across nation, are being trained in dealing with peaceful as well as violent protests. The nation's largest police department is training its 35,000 uniformed officers on responding to protests to prepare for the possibility of widespread unrest after the U.S. presidential election and the vote on the nomination of a new Supreme Court justice.", "categories": [["U.S.", "New York"]], "category_links": ["https://www.wsj.com/news/us?mod=breadcrumb", "https://www.wsj.com/news/types/new-york?mod=breadcrumb"]}, {"link": "https://www.wsj.com/articles/the-stock-markets-leaders-appear-most-vulnerable-to-bidens-tax-plan-11601803801", "title": "The Stock Market's Leaders Appear Most Vulnerable to Biden's Tax Plan", "date": "2020-10-05 23:14", "summary": "Technology sectors that have surged during the pandemic could be hit particularly hard by proposed tax changes. A corporate tax increase stemming from a Democratic victory in November could undermine one of the strongest drivers of this year's market recovery, market analysts say.", "categories": [["Markets", "Stocks"]], "category_links": ["https://www.wsj.com/news/markets?mod=breadcrumb", "https://www.wsj.com/news/markets/stocks?mod=breadcrumb"]}, {"link": "https://www.wsj.com/articles/white-house-warns-u-s-rivals-against-seeking-advantage-11601844480", "title": "White House Warns U.S. Rivals Against Seeking Advantage", "date": "2020-10-05 22:28", "summary": "National security adviser says any attempt to take advantage of Trump's hospitalization would be serious mistake. With President Trump hospitalized for coronavirus, a top White House official warned against any attempt by U.S. rivals to take advantage of a situation that security experts said presents a fertile ground for interference and disinformation.", "categories": [["Politics", "National Security"]], "category_links": ["https://www.wsj.com/news/politics?mod=breadcrumb", "https://www.wsj.com/news/types/national-security?mod=breadcrumb"]}, {"link": "https://www.wsj.com/articles/trumps-covid-19-steroid-treatment-breaks-from-norm-doctors-say-11601861606", "title": "Trump's Covid-19 Steroid Treatment Breaks From Norm, Doctors Say", "date": "2020-10-05 21:33", "summary": "Typically, the treatment would only be started when a patient's blood-oxygen was persistently low. Details of President Trump's symptoms and treatment provided by his medical team suggest his condition is progressing along the course of other patients of his age and risk factors, but his doctors appear to be administering dexamethasone earlier in the course of treatment than they would with other patients, say physicians experienced in treating Covid-19.", "categories": [["Politics"]], "category_links": ["https://www.wsj.com/news/politics?mod=breadcrumb"]}, {"link": "https://www.wsj.com/articles/trump-seeks-to-reassure-americans-after-day-of-mixed-signals-on-his-health-11601804206", "title": "Trump Could Be Discharged From Hospital as Soon as Monday, Doctors Say", "date": "2020-10-05 21:29", "summary": "President's doctors say he could leave hospital as soon as Monday, but acknowledge he was taking a steroid typically recommended for serious Covid-19 cases. WASHINGTON-Doctors said President Trump's condition was improving on Sunday, two days after he checked into the hospital, though they also noted that his blood oxygen level had dropped on Saturday and that he was taking a steroid that has typically been given to Covid-19 patients who are seriously ill.", "categories": [["Politics"]], "category_links": ["https://www.wsj.com/news/politics?mod=breadcrumb"]}, {"link": "https://www.wsj.com/articles/u-s-stock-funds-rose-7-5-in-a-choppy-quarter-11601841278", "title": "U.S.-Stock Funds Rose 7.5% in a Choppy Quarter", "date": "2020-10-05 20:39", "summary": "Investors, hedging their bets, continue to pour money into bond funds. The third quarter for investors was the closest thing that passes for \"normal\" markets these days.", "categories": [["Markets", "Journal Reports: Funds/ETFs", "Quarterly Monitor"]], "category_links": ["https://www.wsj.com/news/markets?mod=breadcrumb", "https://www.wsj.com/news/types/journal-reports-funds-etfs?mod=breadcrumb"]}, {"link": "https://www.wsj.com/articles/when-saving-for-college-dont-just-look-at-529s-11601858281", "title": "When Saving for College, Don't Just Look at 529s", "date": "2020-10-05 20:38", "summary": "Coverdell Education Savings Accounts are similar, but they offer an additional advantage. It sometimes seems like when it comes to college-savings vehicles, 529s are the only game in town.", "categories": [["Markets", "Journal Reports: Funds/ETFs"]], "category_links": ["https://www.wsj.com/news/markets?mod=breadcrumb", "https://www.wsj.com/news/types/journal-reports-funds-etfs?mod=breadcrumb"]}, {"link": "https://www.wsj.com/articles/the-right-time-to-buy-high-beta-stocks-11601840877", "title": "The Right Time to Buy High-Beta Stocks", "date": "2020-10-05 20:37", "summary": "New research suggests that there are only four times a year-the beginning of each corporate-earnings season-when it's worth it for investors to incur higher risk. A bedrock principle of investment theory is that, over time, the high risk/reward shares known as high-beta stocks will make more money than low-beta stocks. Now, new research suggests that investors looking to take advantage of the potential of high-beta stocks can best do so with an active trading strategy, rather than simply holding high-beta stocks for the long term.", "categories": [["Markets", "Journal Reports: Funds/ETFs"]], "category_links": ["https://www.wsj.com/news/markets?mod=breadcrumb", "https://www.wsj.com/news/types/journal-reports-funds-etfs?mod=breadcrumb"]}, {"link": "https://www.wsj.com/articles/and-the-no-1-stock-fund-managers-are-11601858238", "title": "And the No. 1 Stock-Fund Managers Are...", "date": "2020-10-05 20:37", "summary": "A five-person team at Zevenbergen Genea Fund wins the stock-picking crown for the past 12 months, riding Tesla's shares. Some mutual-fund managers will look back on 2020 as the worst of times. Others are having the time of their lives, posting year-to-date returns of 75% or more.", "categories": [["Markets", "Journal Reports: Funds/ETFs", "Winners' Circle"]], "category_links": ["https://www.wsj.com/news/markets?mod=breadcrumb", "https://www.wsj.com/news/types/journal-reports-funds-etfs?mod=breadcrumb"]}, {"link": "https://www.wsj.com/articles/these-options-terms-are-greek-to-you-11601858160", "title": "These Options Terms Are Greek to You", "date": "2020-10-05 20:36", "summary": "Delta, gamma, theta, vega and rho are among the Greek terms options traders use to describe the sensitivity of an option's price to various factors. Here is what they mean.. Options exchanges are racking up records in trading activity this year-thanks to hedge funds' high-speed algorithms, as well as new individual investors entering the market.", "categories": [["Markets", "Journal Reports: Funds/ETFs"]], "category_links": ["https://www.wsj.com/news/markets?mod=breadcrumb", "https://www.wsj.com/news/types/journal-reports-funds-etfs?mod=breadcrumb"]}, {"link": "https://www.wsj.com/articles/the-new-math-for-dividend-stocks-11601858100", "title": "The New Math for Dividend Stocks", "date": "2020-10-05 20:35", "summary": "It has gotten a lot more complicated thanks to the economy and pandemic-related government loans. For the past decade, dividend stocks were a pretty simple play: stable stocks that you hold for building wealth or generating income in retirement.", "categories": [["Markets", "Journal Reports: Funds/ETFs"]], "category_links": ["https://www.wsj.com/news/markets?mod=breadcrumb", "https://www.wsj.com/news/types/journal-reports-funds-etfs?mod=breadcrumb"]}, {"link": "https://www.wsj.com/articles/401-k-s-could-become-even-less-welcoming-to-esg-funds-11601840714", "title": "401(k)s Could Become Even Less Welcoming to 'Do Good' ESG Funds", "date": "2020-10-05 20:34", "summary": "A proposed Labor Department regulation would make it harder for these funds to be offered in retirement accounts. Investors looking for more sustainable-investing funds in their retirement plans could be in for a wait.", "categories": [["Markets", "Journal Reports: Funds/ETFs"]], "category_links": ["https://www.wsj.com/news/markets?mod=breadcrumb", "https://www.wsj.com/news/types/journal-reports-funds-etfs?mod=breadcrumb"]}, {"link": "https://www.wsj.com/articles/frontier-and-emerging-markets-whats-behind-the-lower-long-term-returns-11601857980", "title": "Frontier and Emerging Markets: What's Behind the Lower Long-Term Returns", "date": "2020-10-05 20:33", "summary": "Much of it is due to exchange-rate risk for U.S.-based investors. Investors looking to boost returns over the long run often turn to emerging-markets mutual funds and even frontier-markets funds, with the idea that the more risk you take, the greater the long-run returns.", "categories": [["Markets", "Journal Reports: Funds/ETFs"]], "category_links": ["https://www.wsj.com/news/markets?mod=breadcrumb", "https://www.wsj.com/news/types/journal-reports-funds-etfs?mod=breadcrumb"]}, {"link": "https://www.wsj.com/articles/five-reasons-why-investors-might-buy-negative-yielding-debt-11601840568", "title": "Five Reasons Why Investors Might Buy Negative-Yielding Debt", "date": "2020-10-05 20:32", "summary": "From currency fluctuations to deflation, there are scenarios in which purchasers of negative-yield bonds can come out ahead. Why would anyone want to buy a bond with a negative yield?", "categories": [["Markets", "Journal Reports: Funds/ETFs"]], "category_links": ["https://www.wsj.com/news/markets?mod=breadcrumb", "https://www.wsj.com/news/types/journal-reports-funds-etfs?mod=breadcrumb"]}, {"link": "https://www.wsj.com/articles/etns-not-etfs-fall-out-of-favor-11601857860", "title": "ETNs (Not ETFs) Fall Out of Favor", "date": "2020-10-05 20:31", "summary": "ETNs have a reputation for being opaque, and at least 47 of them have closed or been liquidated since the start of the year, according to a fund researcher. Exchange-traded notes, which are very different from similar sounding exchange-traded funds, have become an asset class in extremis, falling out of favor with many investors and issuers.", "categories": [["Markets", "Journal Reports: Funds/ETFs"]], "category_links": ["https://www.wsj.com/news/markets?mod=breadcrumb", "https://www.wsj.com/news/types/journal-reports-funds-etfs?mod=breadcrumb"]}, {"link": "https://www.wsj.com/articles/what-is-the-output-gap-11601827816", "title": "What Is the Output Gap?", "date": "2020-10-05 20:30", "summary": "The metric tells us whether the economy is operating near full capacity and has been used by Wall Street pros to predict changes in Fed monetary policy. Investors might start hearing a lot more about the output gap, an obscure metric Wall Street professionals historically have used to predict changes in Federal Reserve monetary policy and the potential for an increase in inflation.", "categories": [["Markets", "Journal Reports: Funds/ETFs", "In Translation"]], "category_links": ["https://www.wsj.com/news/markets?mod=breadcrumb", "https://www.wsj.com/news/types/journal-reports-funds-etfs?mod=breadcrumb"]}]