[{"link": "https://www.wsj.com/articles/amazon-suspends-police-use-of-its-facial-recognition-technology-11591826559", "title": "Amazon Suspends Police Use of Its Facial-Recognition Technology", "date": "2020-06-10 19:34", "summary": "Move comes after IBM said it was curtailing its facial-recognition activities amid widespread concerns about bias. Amazon.com Inc. said it is halting law-enforcement use of its facial-recognition software, adding its voice to a growing chorus of companies, lawmakers and civil rights advocates calling for greater regulation of the surveillance technology amid widespread concern about its potential for racial bias.", "categories": [["Tech"]], "category_links": ["https://www.wsj.com/news/technology?mod=breadcrumb"]}, {"link": "https://www.wsj.com/articles/big-advertisers-call-for-a-seasonal-time-shift-in-tvs-upfront-marketplace-11591831455", "title": "Big Advertisers Call for Time-Shift in TV's Upfront Marketplace", "date": "2020-06-10 19:24", "summary": "Procter & Gamble, Bank of America and others want to move upfront negotiations for ads in the multibillion TV market to the fall from the spring.. Big-brand advertisers and an industry trade group are calling on the television networks to delay their annual upfront ad marketplace to later in the year-a big shift in the way TV programmers and advertisers have done business for decades.", "categories": [["CMO Today"]], "category_links": ["https://www.wsj.com/news/types/cmo-today?mod=breadcrumb"]}, {"link": "https://www.wsj.com/articles/the-problem-with-police-unions-11591830984", "title": "The Problem With Police Unions", "date": "2020-06-10 19:16", "summary": "Collective bargaining protects too many bad cops from discipline.. Remember the furor in 2011 when Republican governors tried to reform collective bargaining for government workers? Well, what do you know, suddenly Democrats say public-union labor agreements are frustrating police reform. We're delighted to hear it-if they're serious.", "categories": [["Opinion", "Review & Outlook"]], "category_links": ["https://www.wsj.com/news/opinion?mod=breadcrumb", "https://www.wsj.com/news/types/review-outlook-u-s?mod=breadcrumb"]}, {"link": "https://www.wsj.com/articles/jay-powell-lets-it-loose-11591830911", "title": "Jay Powell Lets It Loose", "date": "2020-06-10 19:15", "summary": "The Fed sees near-zero rates for years even as the economy rebounds.. President Trump raged against Jerome Powell a while back, but after Wednesday the Federal Reserve Chairman may be the President's version of most improved player. The Fed chief told financial markets that the central bank will keep interest rates near zero through at least 2022 while revving up bond-buying to record levels.", "categories": [["Opinion", "Review & Outlook"]], "category_links": ["https://www.wsj.com/news/opinion?mod=breadcrumb", "https://www.wsj.com/news/types/review-outlook-u-s?mod=breadcrumb"]}, {"link": "https://www.wsj.com/articles/disneyland-resort-in-southern-california-to-begin-reopening-in-july-11591830798", "title": "Disneyland Resort in Southern California to Begin Reopening in July", "date": "2020-06-10 19:13", "summary": "Anaheim park is on similar timetable to Walt Disney World in Orlando; Disney parks have been shut down since March. LOS ANGELES-Walt Disney Co. said it aims to begin a phased reopening of its Disney land Resort in July, the latest sign that the world's largest entertainment company is joining the rest of the nation's economy in getting operations up and running again, at least in a limited form.", "categories": [["Business"]], "category_links": ["https://www.wsj.com/news/business?mod=breadcrumb"]}, {"link": "https://www.wsj.com/articles/when-wisconsins-lockdown-ended-11591830825", "title": "When Wisconsin's Lockdown Ended", "date": "2020-06-10 19:13", "summary": "A study finds 'no evidence' that it led to Covid-19 outbreaks.. 'We're the Wild West.\" That's what Wisconsin Governor Tony Evers said on May 13, after the state Supreme Court threw out a stay-at-home order issued by his administration. The result, Mr. Evers added, would be \"chaos\" during a pandemic: \"We're going to have more deaths, and it's a sad occasion for the state.\"", "categories": [["Opinion", "Review & Outlook"]], "category_links": ["https://www.wsj.com/news/opinion?mod=breadcrumb", "https://www.wsj.com/news/types/review-outlook-u-s?mod=breadcrumb"]}, {"link": "https://www.wsj.com/articles/covid-dna-and-blood-type-11591830722", "title": "Covid, DNA and Blood Type", "date": "2020-06-10 19:12", "summary": "Studies are finding that those with O blood are less susceptible.. Millions of Americans have taken personal DNA tests from companies like 23andMe to find out whether their genes put them at higher risk for diseases like breast and colon cancer. Now these tests are identifying people who are more likely to get sick with Covid-19.", "categories": [["Opinion", "Review & Outlook"]], "category_links": ["https://www.wsj.com/news/opinion?mod=breadcrumb", "https://www.wsj.com/news/types/review-outlook-u-s?mod=breadcrumb"]}, {"link": "https://www.wsj.com/articles/just-eat-takeaway-com-nears-all-stock-deal-for-grubhub-11591797653", "title": "Grubhub Shuns Uber for Europe's Just Eat", "date": "2020-06-10 19:03", "summary": "Merger, which values Grubhub at $7.3 billion, would create a trans-Atlantic delivery giant at a time the industry is seeking scale. Grubhub Inc. agreed to combine with Europe's Just Eat Takeaway.com NV, turning its back on Uber Technologies Inc. in a surprising twist in the scramble for mergers among food-delivery companies.", "categories": [["Markets", "Deals"]], "category_links": ["https://www.wsj.com/news/markets?mod=breadcrumb", "https://www.wsj.com/news/types/deals-deal-makers?mod=breadcrumb"]}, {"link": "https://www.wsj.com/articles/justice-departments-criminal-division-chief-to-step-down-11591827822", "title": "Justice Department's Criminal Division Chief to Step Down", "date": "2020-06-10 18:58", "summary": "Brian Benczkowski helped supervised the prosecution of Joaqu\u00edn \"El Chapo\" Guzm\u00e1n and an investigation into Goldman Sachs's role in a Malaysian embezzlement scheme. A senior U.S. Justice Department official who helped supervise investigations into major white-collar crime and the agency's response to the opioid crisis will depart in July, the agency said.", "categories": [["Risk & Compliance Journal"]], "category_links": ["https://www.wsj.com/news/types/risk-compliance-journal?mod=breadcrumb"]}, {"link": "https://www.wsj.com/articles/tim-scott-leads-on-police-reform-11591829841", "title": "Tim Scott Leads on Police Reform", "date": "2020-06-10 18:57", "summary": "The senator who once said 'it's too easy to be angry' is focused on constructive action.. Practical politics can sometimes be married to high purpose. That's the case with Sen. Tim Scott (R., S.C.), the leader of GOP efforts on police reform following the death of George Floyd.", "categories": [["Opinion", "Commentary"]], "category_links": ["https://www.wsj.com/news/opinion?mod=breadcrumb", "https://www.wsj.com/news/types/commentary-u-s?mod=breadcrumb"]}, {"link": "https://www.wsj.com/articles/requiem-for-the-printing-press-11591829811", "title": "Requiem for the Printing Press", "date": "2020-06-10 18:56", "summary": "Local newspapers are printing their editions many miles away.. The finest moment in the finest movie about newspapers ever made-\"Deadline-U.S.A.\" (1952)-comes in the final scene.", "categories": [["Opinion", "Commentary"]], "category_links": ["https://www.wsj.com/news/opinion?mod=breadcrumb", "https://www.wsj.com/news/types/commentary-u-s?mod=breadcrumb"]}, {"link": "https://www.wsj.com/articles/the-arab-winter-review-the-dreams-of-youth-11591829649", "title": "'The Arab Winter' Review: The Dreams of Youth", "date": "2020-06-10 18:54", "summary": "In U.S. foreign policy, the promotion of democracy can't override the basic logic of supporting friends and punishing enemies.. Noah Feldman, Harvard law professor and Middle East expert, is a democracy promoter who's been mugged by reality. In \"The Arab Winter: A Tragedy,\" he analyzes the wave of popular protests that swept the Middle East in 2011. The Arab Spring, as it was optimistically called, generated a sense that democracy was spreading across the region just as it had, in previous decades, across Eastern Europe and Latin America. With the benefit of hindsight, Mr. Feldman now concedes that the Arab Spring \"brought little good.\" A single ray of light did appear in Tunisia, but everywhere else the \"heroic narrative\" gave way to \"something much darker.\"", "categories": [["Books & Arts", "Books", "Bookshelf"]], "category_links": ["https://www.wsj.com/news/books-arts?mod=breadcrumb", "https://www.wsj.com/news/books-arts/books?mod=breadcrumb", "https://www.wsj.com/news/types/bookshelf?mod=breadcrumb"]}, {"link": "https://www.wsj.com/articles/the-medias-self-censors-11591829694", "title": "The Media's Self-Censors", "date": "2020-06-10 18:54", "summary": "The pre-liberal idea of settling disagreements with coercion has made a comeback in the United States.. In 1789, America's Founding Fathers, acutely aware of the political bloodbaths that had consumed Europe for centuries, created a system in which disagreements would be arbitrated by periodically allowing the public to turn their opinions into votes. The majority would win the election. Then, because political disagreement never ends, you hold more elections. Aware of the natural tendency of factions and majorities to want to suppress opposition opinion, the Founders created a Bill of Rights for all citizens, including what they called, with unmistakable clarity, \"the freedom of speech.\"", "categories": [["Opinion", "Wonder Land"]], "category_links": ["https://www.wsj.com/news/opinion?mod=breadcrumb", "https://www.wsj.com/news/types/wonder-land?mod=breadcrumb"]}, {"link": "https://www.wsj.com/articles/fed-debates-how-to-set-policy-for-the-post-pandemic-economy-11591781402", "title": "Fed Officials Project No Rate Increases Through 2022", "date": "2020-06-10 18:45", "summary": "Central bank says it will maintain current pace of asset purchases to sustain growth. WASHINGTON-Federal Reserve officials signaled plans to keep interest rates near zero for years and said they were studying how to provide more support to a U.S. economy battered by the coronavirus and related shutdowns.", "categories": [["Economy", "U.S. Economy"]], "category_links": ["https://www.wsj.com/news/economy?mod=breadcrumb", "https://www.wsj.com/news/types/u-s-economy?mod=breadcrumb"]}, {"link": "https://www.wsj.com/articles/tyson-foods-cooperating-in-u-s-probe-of-chicken-price-fixing-11591819260", "title": "Tyson Foods Cooperating in Price-Fixing Probe", "date": "2020-06-10 18:40", "summary": "Meat giant says it is aiding Justice Department investigation under leniency program after self-reporting its own conduct. Tyson Foods Inc., the leading U.S. chicken producer, said it is cooperating in a Justice Department price-fixing investigation under a leniency program that will allow the company to avoid criminal prosecution in exchange for aiding in the continuing probe of other poultry suppliers.", "categories": [["WSJ News Exclusive", "Business"]], "category_links": ["https://www.wsj.com/news/business?mod=breadcrumb"]}, {"link": "https://www.wsj.com/articles/more-cities-ban-chokeholds-similar-restraints-in-wake-of-george-floyd-protests-11591821021", "title": "More Cities Ban Chokeholds, Similar Restraints in Wake of George Floyd Protests", "date": "2020-06-10 18:37", "summary": "Technique that restricts breathing is controversial, including with police. A growing number of cities and states are moving to ban the use of neck holds by police following protests over the killing of George Floyd in Minneapolis.", "categories": [["U.S."]], "category_links": ["https://www.wsj.com/news/us?mod=breadcrumb"]}, {"link": "https://www.wsj.com/articles/trump-considers-ways-to-address-police-abuse-11591828590", "title": "Trump Considers Ways to Address Police Abuse", "date": "2020-06-10 18:36", "summary": "President, advisers consider options, expect to also vigorously support law enforcement. WASHINGTON-President Trump and his advisers are weighing a possible executive order or other policy actions to address abuses by police, responding to widespread public anger following the killing of George Floyd in police custody last month.", "categories": [["Politics"]], "category_links": ["https://www.wsj.com/news/politics?mod=breadcrumb"]}, {"link": "https://www.wsj.com/articles/the-feds-work-is-far-from-done-11591821969", "title": "The Fed's Work Is Far From Done", "date": "2020-06-10 18:26", "summary": "If central bankers' predictions about the economy are accurate, then stimulus will keep flowing for a lot longer. The Federal Reserve isn't as ebullient about signs of recovery in the economy as investors seem to be.", "categories": [["Markets", "Heard on the Street"]], "category_links": ["https://www.wsj.com/news/markets?mod=breadcrumb", "https://www.wsj.com/news/heard-on-the-street?mod=breadcrumb"]}, {"link": "https://www.wsj.com/articles/private-equity-backed-vista-proppants-files-for-bankruptcy-11591827914", "title": "Private-Equity-Backed Vista Proppants Files for Bankruptcy", "date": "2020-06-10 18:25", "summary": "Frac-sand supplier, brought down by coronavirus pandemic and slumping oil and gas prices, will use bankruptcy to jettison unprofitable railcar leases. Vista Proppants & Logistics LLC, a frac-sand supplier backed by investment firms First Reserve Corp. and Ares Capital Corp. , has filed for bankruptcy, saying it is facing unprecedented problems due to the coronavirus pandemic.", "categories": [["Pro Bankruptcy"]], "category_links": ["https://www.wsj.com/pro/bankruptcy?mod=breadcrumb"]}, {"link": "https://www.wsj.com/articles/nascar-bans-the-confederate-flag-from-its-races-11591827836", "title": "Nascar Bans the Confederate Flag From Its Races", "date": "2020-06-10 18:23", "summary": "Carolina Panthers remove statue of franchise founder over past racist remarks. The U.S. reckoning on race hit the sports world, as Nascar banned Confederate flags at its events, and a National Football League team removed the statue of its founding owner who had been accused of racist remarks.", "categories": [["Sports"]], "category_links": ["https://www.wsj.com/news/sports?mod=breadcrumb"]}, {"link": "https://www.wsj.com/articles/states-sue-drug-companies-executives-over-alleged-price-fixing-11591823821", "title": "States Sue Drug Companies, Executives Over Alleged Price Fixing", "date": "2020-06-10 18:22", "summary": "The lawsuit, which was filed in Connecticut, involves at least 80 skin products. The Connecticut attorney general, along with 50 other states and territories, has filed a third lawsuit against generic drug manufacturers and executives for allegedly inflating prices.", "categories": [["Business"]], "category_links": ["https://www.wsj.com/news/business?mod=breadcrumb"]}, {"link": "https://www.wsj.com/articles/24-hour-fitness-uses-phone-calls-to-cut-staff-across-the-u-s-11591827651", "title": "24 Hour Fitness Uses Phone Calls to Cut Staff Across the U.S.", "date": "2020-06-10 18:20", "summary": "Operator of more than 430 gyms has been stung as pandemic has hurt revenue. Gym chain 24 Hour Fitness Worldwide Inc. laid off an undisclosed number of employees in multiple states via a series of phone calls Wednesday, as the company struggles to address the financial impact of closures during the coronavirus pandemic.", "categories": [["Business"]], "category_links": ["https://www.wsj.com/news/business?mod=breadcrumb"]}, {"link": "https://www.wsj.com/articles/its-only-the-news-that-fits-their-worldview-11591826921", "title": "It's Only the News That Fits Their Worldview", "date": "2020-06-10 18:08", "summary": "The purge of senior editors at the New York Times and the Philadelphia Inquirer is easily explained. These are no longer publications of objective journalism but journals of instruction.. Regarding your editorial \"Cancel Culture Journalism\" (June 9): The purge of senior editors at the New York Times and the Philadelphia Inquirer is easily explained. These are no longer publications of objective journalism but journals of instruction. Their intent is to instruct their audiences what to do and what to believe, not to inform them so they can make their own decisions. Therefore anything which doesn't accord with this goal of instruction should not appear on their pages. This includes contrary opinions on the editorial pages. So the revolt in the Times's newsroom isn't surprising. \"All the news that's fit to print\" says it nicely. If you don't fit, we won't print.", "categories": [["Opinion", "Letters"]], "category_links": ["https://www.wsj.com/news/opinion?mod=breadcrumb", "https://www.wsj.com/news/types/letters?mod=breadcrumb"]}, {"link": "https://www.wsj.com/articles/tesla-shares-soar-past-1-000-on-elon-musks-plan-to-move-forward-with-semi-truck-11591808585", "title": "Tesla Shares Soar Past $1,000 on Plan to Move Forward With Semi Truck", "date": "2020-06-10 18:08", "summary": "Silicon Valley electric-car maker is in a race with rival upstart Nikola. Tesla Inc. investors pushed the auto maker's stock to more than $1,000 a share Wednesday, lifting its valuation closer to Toyota Motor Corp.'s , after Chief Executive Elon Musk told employees it was time to begin volume production of the company's long-promised, all-electric semitrailer truck.", "categories": [["Tech"]], "category_links": ["https://www.wsj.com/news/technology?mod=breadcrumb"]}, {"link": "https://www.wsj.com/articles/count-all-the-income-in-making-social-policy-11591826798", "title": "Count All the Income in Making Social Policy", "date": "2020-06-10 18:06", "summary": "The primary source Michael Petrilli cites uses Census money income that ignores $1.9 trillion of annual federal, state and local transfer payments to households.. Michael J. Petrilli (\"The Unequal American City,\" op-ed, June 9) summarizes a geographic view of income inequality in America. Unfortunately, the analysis continues to rely on seriously flawed and misleading data. The primary source he cites uses Census money income that ignores $1.9 trillion of annual federal, state and local transfer payments to households. Excluded are programs like the earned-income tax credit, where beneficiaries get a check from the Treasury, food stamps, where beneficiaries buy food with government-issued debit cards and numerous other programs such as Medicare and Medicaid where government simply pays for the benefits directly. The data also exclude all the effects of $4.4 trillion in federal, state and local taxes, 61% of which are paid by the top income quintile. In short, the analysis ignores 49% of all household income.", "categories": [["Opinion", "Letters"]], "category_links": ["https://www.wsj.com/news/opinion?mod=breadcrumb", "https://www.wsj.com/news/types/letters?mod=breadcrumb"]}, {"link": "https://www.wsj.com/articles/big-apple-might-spoil-food-delivery-feast-11591824224", "title": "Big Apple Might Have Spoiled U.S. Food-Delivery Feast", "date": "2020-06-10 18:04", "summary": "Investors are hungry for food-delivery consolidation, but Wednesday's deal isn't particularly savory. Another week, another pickle for food delivery. And this meal isn't likely to be one that any investor will relish.", "categories": [["Markets", "Heard on the Street"]], "category_links": ["https://www.wsj.com/news/markets?mod=breadcrumb", "https://www.wsj.com/news/heard-on-the-street?mod=breadcrumb"]}, {"link": "https://www.wsj.com/articles/politics-trumps-science-for-medical-activists-11591826502", "title": "Politics Trumps Science for Medical Activists", "date": "2020-06-10 18:01", "summary": "I never, ever thought that after practicing medicine for 40 years I would come across such a dangerous and irresponsible insanity as this.. Regarding your editorial \"Doctors for Lockdown Discrimination\" (June 8): I never, ever thought that after practicing medicine for 40 years I would come across such a dangerous and irresponsible insanity as this.", "categories": [["Opinion", "Letters"]], "category_links": ["https://www.wsj.com/news/opinion?mod=breadcrumb", "https://www.wsj.com/news/types/letters?mod=breadcrumb"]}, {"link": "https://www.wsj.com/articles/let-the-europeans-mostly-defend-germany-11591826442", "title": "Let the Europeans, Mostly, Defend Germany", "date": "2020-06-10 18:00", "summary": "Keeping tens of thousands of U.S. troops in Europe is so last century. Have you not heard of the European Union? Let the EU do its job and defend its members against Russian and Chinese threats.. Regarding your editorial \"Retreat From Germany\" (June 8): Keeping tens of thousands of U.S. troops in Europe is so last century. Have you not heard of the European Union? Let the EU do its job and defend its members against Russian and Chinese threats. The U.S. troops in Europe enable the behavior that keeps many countries from reaching 2% of GDP spending as their NATO obligation. Why bother, the U.S. is here? Your editorials are replete with examples of how government handouts influence behavior. NATO is obsolete, and its mission should be re-evaluated by the EU countries and modified as agreed upon by EU members.", "categories": [["Opinion", "Letters"]], "category_links": ["https://www.wsj.com/news/opinion?mod=breadcrumb", "https://www.wsj.com/news/types/letters?mod=breadcrumb"]}, {"link": "https://www.wsj.com/articles/lawmakers-propose-spending-billions-to-strengthen-u-s-chip-industry-11591825784", "title": "Lawmakers Propose Spending Billions to Strengthen U.S. Chip Industry", "date": "2020-06-10 17:49", "summary": "Effort follows lobbying by semiconductor industry, broader concerns from those who see chips as important battleground with China. A campaign to expand semiconductor manufacturing in the U.S. gained traction Wednesday with the introduction of legislation to allocate tens of billions of federal dollars to domestic chip-making and research programs.", "categories": [["Politics"]], "category_links": ["https://www.wsj.com/news/politics?mod=breadcrumb"]}, {"link": "https://www.wsj.com/articles/fasb-proposes-delaying-new-accounting-rule-on-insurance-contracts-again-11591825266", "title": "FASB Proposes Delaying New Accounting Rule on Insurance Contracts Again", "date": "2020-06-10 17:41", "summary": "Wednesday's meeting was the last one under the standard-setter's current chairman, whose term ends June 30. Insurers may get even more time to implement a new rule on valuing long-term contracts, under a proposal by the Financial Accounting Standards Board.", "categories": [["CFO Journal"]], "category_links": ["https://www.wsj.com/news/types/cfo-journal?mod=breadcrumb"]}, {"link": "https://www.wsj.com/articles/manhattan-private-school-plans-a-hamptons-branch-11591824502", "title": "Manhattan Private School Plans a Hamptons Branch", "date": "2020-06-10 17:28", "summary": "Avenues school attracts parents seeking alternatives amid the coronavirus pandemic; at-home tutoring for $65,000. Avenues, a for-profit school based in Manhattan, is pitching two new ventures for families seeking flexibility and safety during the coronavirus pandemic: An outpost in the Hamptons and a service dispatching full-time teachers to students' homes.", "categories": [["U.S.", "New York"]], "category_links": ["https://www.wsj.com/news/us?mod=breadcrumb", "https://www.wsj.com/news/types/new-york?mod=breadcrumb"]}, {"link": "https://www.wsj.com/articles/coronavirus-latest-news-06-10-2020-11591778782", "title": "Coronavirus Explosion Forecast for One Indian State", "date": "2020-06-10 17:26", "summary": "State that includes New Delhi expects case count to hit 550,000 by end of July; Parisian public transport companies might not be able to pay their bills. \u2022 The U.S. coronavirus death toll passed 112,000, while reported cases topped 1.9 million, according to data compiled by Johns Hopkins University. Cases world-wide exceeded 7.3 million, and deaths stood at more than 413,000. Experts say official totals likely understate the extent of the pandemic, in part because of different testing and reporting standards.", "categories": [["World"]], "category_links": ["https://www.wsj.com/news/world?mod=breadcrumb"]}, {"link": "https://www.wsj.com/articles/the-staying-inside-guide-jazz-clubs-take-to-live-streams-11591823647", "title": "The Staying Inside Guide: Jazz Clubs Take to Live Streams", "date": "2020-06-10 17:14", "summary": "The Village Vanguard, Smalls and other clubs and organizations have begun streaming performances online-some recorded at the venues, others in artists' homes.. ", "categories": [["Books & Arts", "Music Review"]], "category_links": ["https://www.wsj.com/news/books-arts?mod=breadcrumb", "https://www.wsj.com/news/types/music-review?mod=breadcrumb"]}, {"link": "https://www.wsj.com/articles/museum-curators-sift-through-protest-history-in-real-time-11591822497", "title": "Museum Curators Sift Through History of George Floyd Protests in Real Time", "date": "2020-06-10 17:04", "summary": "National Museum of African American History and Culture curators are looking to preserve signs and artwork left by protesters in front of the White House. WASHINGTON-Curators from the National Museum of African American History and Culture spent hours at Lafayette Square on Wednesday laying the groundwork for preserving some of the signs and other artwork that protesters have hung near the White House in recent days.", "categories": [["U.S."]], "category_links": ["https://www.wsj.com/news/us?mod=breadcrumb"]}, {"link": "https://www.wsj.com/articles/hasan-minhaj-on-telling-jokes-without-a-safety-net-11591822808", "title": "Hasan Minhaj on Telling Jokes Without a 'Safety Net'", "date": "2020-06-10 17:00", "summary": "The host of Netflix's 'Patriot Act With Hasan Minhaj' sees comedians adapting their work to uncertain times. The past few months have been a blessing and a challenge for comedians. On the one hand, they have plenty of material. On the other, with performances before live audiences on hold, they are having to rethink their creative process.", "categories": [[""]], "category_links": ["https://www.wsj.com/news/tech/future-of-everything?mod=svg-breadcrumb"]}, {"link": "https://www.wsj.com/articles/stock-pickers-underperformed-during-coronavirus-market-turmoil-11591786801", "title": "Stock Pickers Underperformed During Market Turmoil", "date": "2020-06-10 16:24", "summary": "In the early months of 2020, most U.S. large-cap stock-picking funds lagged behind the S&P 500. Most U.S. large-cap stock-picking funds underperformed the benchmark S&P 500 during the tumultuous early months of 2020, according to new data from S&P Dow Jones Indices.", "categories": [["Markets", "Stocks"]], "category_links": ["https://www.wsj.com/news/markets?mod=breadcrumb", "https://www.wsj.com/news/markets/stocks?mod=breadcrumb"]}, {"link": "https://www.wsj.com/articles/the-staying-inside-guide-war-films-of-quiet-heroism-11591820483", "title": "The Staying Inside Guide: War Films of Quiet Heroism", "date": "2020-06-10 16:21", "summary": "'Their Finest Hour' collects five vintage, understated World War II movies that range from speculative history to documentary realism.. As plenty of us now find ourselves dealing with the blessing/curse of extra time and restricted activities, the options for diversion narrow even as the need increases. But thanks to our proximity to various screens and a surfeit of material to view on them, this year is turning into something of a golden age for movie watching-even as it must be done at home and in select company.", "categories": [["Books & Arts", "Film Review"]], "category_links": ["https://www.wsj.com/news/books-arts?mod=breadcrumb", "https://www.wsj.com/news/types/film-review?mod=breadcrumb"]}, {"link": "https://www.wsj.com/articles/its-showtime-a-beverly-hills-spec-mansion-with-two-movie-theaters-asks-48-million-11591820133", "title": "It's Showtime: A Beverly Hills Spec Mansion With Two Movie Theaters Asks $48 Million", "date": "2020-06-10 16:15", "summary": "The 16,000-square-foot home is one of the priciest to come on the L.A. market since the coronavirus pandemic hit. A Beverly Hills spec house with a juice bar, two movie theaters and 16 bathrooms is being shopped for $48 million.", "categories": [["Real Estate", "Private Properties"]], "category_links": ["https://www.wsj.com/news/realestate?mod=breadcrumb", "https://www.wsj.com/news/types/private-properties?mod=breadcrumb"]}, {"link": "https://www.wsj.com/articles/seeing-double-a-house-with-2-theaters-and-2-pools-11591819740", "title": "Seeing Double: A House With 2 Theaters and 2 Pools", "date": "2020-06-10 16:09", "summary": "The newly built spec house in Beverly Hills is loaded with amenities.. We are delighted that you'd like to resume your subscription.", "categories": [[]], "category_links": []}, {"link": "https://www.wsj.com/articles/drone-surveillance-of-protests-comes-under-fire-11591789477", "title": "Drone Surveillance of Protests Comes Under Fire", "date": "2020-06-10 15:47", "summary": "Democratic lawmakers and some conservatives call for a halt in monitoring peaceful demonstrations against police brutality. WASHINGTON-The government's use of cutting-edge surveillance to monitor protests is coming under scrutiny by lawmakers and activists, including conservatives who see it as a threat to constitutional rights, amid a national rethinking of the role of police.", "categories": [["Politics"]], "category_links": ["https://www.wsj.com/news/politics?mod=breadcrumb"]}, {"link": "https://www.wsj.com/articles/what-to-watch-disney-debuts-artemis-fowl-an-anti-hero-for-kids-11591818249", "title": "What to Watch: Disney+ Debuts 'Artemis Fowl', an Antihero for Kids", "date": "2020-06-10 15:44", "summary": "Also this week, Spike Lee's Vietnam Vet film 'Da 5 Bloods' on Netflix, an HGTV comedy and revisiting 'Designing Women'. It's still an open question how quickly audiences will flock back to theaters and how many of them will still be open when the masses return. In the meantime, Disney+ is releasing \"Artemis Fowl,\" originally intended for theaters, on the small screen this week. Spike Lee, meanwhile, releases \"Da 5 Bloods,\" a movie about a group of black Vietnam vets, on Netflix.", "categories": [["Books & Arts", "Arts", "Screen Time"]], "category_links": ["https://www.wsj.com/news/books-arts?mod=breadcrumb", "https://www.wsj.com/news/books-arts/arts?mod=breadcrumb", "https://www.wsj.com/news/types/screen-time?mod=breadcrumb"]}, {"link": "https://www.wsj.com/articles/oil-prices-defy-supply-demand-fundamentals-11591813513", "title": "Oil Prices Defy Supply-Demand Fundamentals", "date": "2020-06-10 15:40", "summary": "Analysts worry oil's rebound has been too sharp, could prove short-lived. Oil prices have shot up from the historic depths hit during the coronavirus lockdown, but analysts and traders worry the rebound has been too sharp and could prove short-lived.", "categories": [["Markets", "Commodities", "Oil Markets"]], "category_links": ["https://www.wsj.com/news/markets?mod=breadcrumb", "https://www.wsj.com/market-data/commodities?mod=breadcrumb", "https://www.wsj.com/news/types/oil-markets?mod=breadcrumb"]}, {"link": "https://www.wsj.com/articles/from-boyz-n-the-hood-to-whose-streets-films-that-explore-black-experiences-11591817879", "title": "From 'Boyz n the Hood' to 'Whose Streets?': Films That Explore Black Experiences", "date": "2020-06-10 15:38", "summary": "Four film scholars share fictional movies and documentaries that illuminate black culture, from the 1960s to today. Interest in documentaries and movies that tell stories of the black experience is running high as protests over the police killing of George Floyd continue and as Americans aim to learn more about race.", "categories": [["Books & Arts", "Arts", "Film"]], "category_links": ["https://www.wsj.com/news/books-arts?mod=breadcrumb", "https://www.wsj.com/news/books-arts/arts?mod=breadcrumb", "https://www.wsj.com/news/types/film?mod=breadcrumb"]}, {"link": "https://www.wsj.com/articles/is-colder-beer-worth-800-a-cooler-showdown-11591817789", "title": "Cooler Showdown: Is Colder Beer Worth $800?", "date": "2020-06-10 15:36", "summary": "In a 48-hour test, we pitted Yeti's new $800 V Series cooler against a classic Coleman that goes for just $100. YETI OWES its cult following to the Tundra cooler-and grizzly bears. In 2008 the Austin-based brand launched the premium cooler category with a lineup that now ranges from $249 to $1,300 for a 19,000-cubic-inch cooler-massive enough to keep a sport fisherman's trophy-size catch on ice. Known to be virtually indestructible, most Tundras are certified bear-resistant by the Interagency Grizzly Bear Committee-a very real thing. If a padlocked cooler survives 60 minutes of being clawed and swatted, it earns the enviable sticker.", "categories": [["Tech", "Personal Tech", "Gear & Gadgets"]], "category_links": ["https://www.wsj.com/news/technology?mod=breadcrumb", "https://www.wsj.com/news/types/personal-technology-joanna-stern?mod=breadcrumb", "https://www.wsj.com/news/types/gear?mod=breadcrumb"]}, {"link": "https://www.wsj.com/articles/u-s-budget-deficit-widened-to-399-billion-in-may-from-208-billion-a-year-earlier-11591812014", "title": "U.S. Budget Deficit Widened to $399 Billion in May From $208 Billion a Year Earlier", "date": "2020-06-10 15:12", "summary": "Officials said federal efforts to combat the coronavirus pandemic and related economic downturn added about $250 billion to the deficit in May, nearly $900 billion in April.. WASHINGTON-The U.S. government's budget deficit rose 92% in May from a year earlier to $399 billion, as revenues plummeted and spending surged on efforts to stem the new coronavirus pandemic and the fallout from lockdowns.", "categories": [["U.S."]], "category_links": ["https://www.wsj.com/news/us?mod=breadcrumb"]}, {"link": "https://www.wsj.com/articles/did-you-forget-things-during-lockdown-so-did-people-with-superior-memories-11591815089", "title": "Did You Forget Things During Lockdown? So Did People With Superior Memories", "date": "2020-06-10 14:51", "summary": "For individuals with Highly Superior Autobiographical Memory, the monotony of quarantine dulled their recall. Ask Markie Pasternak what she was doing on June 30, 2007, and she'll quickly reminisce in detail: She rode her bike to Ice House Coffee & Creamery in De Pere, Wis., and over a mango smoothie, revealed to her cousin a crush on a boy from church. It was a Saturday. She was wearing a blue T-shirt from her figure-skating team and Adidas AG shorts.", "categories": [["A-hed"]], "category_links": ["https://www.wsj.com/news/types/a-hed?mod=breadcrumb"]}, {"link": "https://www.wsj.com/articles/connells-chain-in-normal-people-seductive-or-sleazy-11591814545", "title": "Connell's Chain in 'Normal People': Seductive or Sleazy?", "date": "2020-06-10 14:42", "summary": "The Hulu series's leading man, played by Paul Mescal, has become a bona fide sex symbol, but whether his silver chain is irresistible or off-putting is up for debate. HAVE YOU SEEN Connell in Hulu's steamy \"Normal People\"? Played by Paul Mescal, the saga's leading man often appears sans clothes, but never without his simple, silver chain. Since the series debuted in April, Connell has become a viral sex symbol thanks in part to his necklace-over 181,000 fervent fans follow the Instagram account @connellschain.", "categories": [["Life & Work", "Fashion", "That's Debatable"]], "category_links": ["https://www.wsj.com/news/life-work?mod=breadcrumb", "https://www.wsj.com/news/magazine/fashion?mod=breadcrumb", "https://www.wsj.com/news/types/that-s-debatable?mod=breadcrumb"]}, {"link": "https://www.wsj.com/articles/the-white-house-vs-john-bolton-11591813953", "title": "The White House vs. John Bolton", "date": "2020-06-10 14:32", "summary": "Officials are attempting to use national security as a pretext to prevent the publication of his memoir.. President Trump doesn't want John Bolton to publish his book, \"The Room Where It Happened: A White House Memoir.\" It was supposed to come out in March, but Simon & Schuster was twice forced to push the publication date back more than three months, to June 23, while the manuscript underwent \"prepublication review\" by the National Security Council (NSC).", "categories": [["Opinion", "Commentary"]], "category_links": ["https://www.wsj.com/news/opinion?mod=breadcrumb", "https://www.wsj.com/news/types/commentary-u-s?mod=breadcrumb"]}, {"link": "https://www.wsj.com/articles/dont-review-let-the-games-begin-11591813070", "title": "'Don't' Review: Let the Games Begin", "date": "2020-06-10 14:17", "summary": "Ryan Reynolds's send-up of the contest-show genre is hosted by 'Parks and Rec' alum Adam Scott.. What do you get when you cross \"Jackass\" and \"Ultimate Beastmaster\" and mate the results with \"Family Feud\"? You get \"Don't,\" which is just begging for a smart-alecky response to its own title.", "categories": [["Books & Arts", "Television Review"]], "category_links": ["https://www.wsj.com/news/books-arts?mod=breadcrumb", "https://www.wsj.com/news/types/television-review?mod=breadcrumb"]}, {"link": "https://www.wsj.com/articles/in-seattle-a-modest-home-renovation-proves-that-sometimes-less-is-more-11591812926", "title": "In Seattle, a Modest Home Renovation Proves That Sometimes Less Is More", "date": "2020-06-10 14:15", "summary": "Resume Subscription. How do you make a great home even better?", "categories": [[]], "category_links": []}, {"link": "https://www.wsj.com/articles/inside-a-refurbished-midcentury-seattle-home-11591812660", "title": "Inside a Refurbished Midcentury Seattle Home", "date": "2020-06-10 14:11", "summary": "The house is a 1966 design by Ralph Anderson.. We are delighted that you'd like to resume your subscription.", "categories": [[]], "category_links": []}, {"link": "https://www.wsj.com/articles/outside-lawyer-finds-michael-flynn-committed-perjury-discourages-judge-from-finding-him-in-contempt-11591806377", "title": "Reviewer Recommends Sentencing Flynn, Criticizes DOJ Conduct", "date": "2020-06-10 14:01", "summary": "John Gleeson, appointed by judge to examine the Flynn case, concludes former national security adviser committed perjury. WASHINGTON-A retired federal judge tapped to review the criminal case against onetime national security adviser Michael Flynn found evidence of misconduct by both the government and Mr. Flynn and urged that the retired three-star general be sentenced for the crime he pleaded guilty to back in 2017.", "categories": [["Politics"]], "category_links": ["https://www.wsj.com/news/politics?mod=breadcrumb"]}, {"link": "https://www.wsj.com/articles/administration-officials-to-face-congress-on-small-business-loan-program-11591786800", "title": "Mnuchin Backs More Aid to Hard-Hit Small Businesses", "date": "2020-06-10 13:53", "summary": "Treasury secretary, SBA head facing questions from Senate panel. WASHINGTON-Treasury Secretary Steven Mnuchin told lawmakers he supports targeted additional aid to businesses large and small that have been hit hardest by the coronavirus pandemic.", "categories": [["Politics"]], "category_links": ["https://www.wsj.com/news/politics?mod=breadcrumb"]}, {"link": "https://www.wsj.com/articles/how-blinding-lights-became-the-no-1-song-of-2020-so-far-11591629185", "title": "How 'Blinding Lights' Became the No. 1 Song of 2020 (So Far)", "date": "2020-06-10 13:37", "summary": "The synthwave-inspired track dropped in November, then slowly caught fire on Spotify, then TikTok.. The biggest song of the year isn't an uplifting Covid-19 charity single or a protest anthem-it's a throwback to the 1980s.", "categories": [["Books & Arts", "Arts", "Music"]], "category_links": ["https://www.wsj.com/news/books-arts?mod=breadcrumb", "https://www.wsj.com/news/books-arts/arts?mod=breadcrumb", "https://www.wsj.com/news/types/music?mod=breadcrumb"]}, {"link": "https://www.wsj.com/articles/volkswagen-delays-key-electric-car-launch-amid-software-troubles-11591809421", "title": "Volkswagen Delays Key Electric Car Launch Amid Software Troubles", "date": "2020-06-10 13:17", "summary": "World's biggest auto maker stumbles on road to overtake Tesla. BERLIN- Volkswagen AG said its flagship electric car model, the ID.3 hatchback, wouldn't be delivered to customers until September, several months later than originally planned after software glitches delayed production.", "categories": [["Business", "Autos & Transportation", "Autos Industry"]], "category_links": ["https://www.wsj.com/news/business?mod=breadcrumb", "https://www.wsj.com/news/business/transportation?mod=breadcrumb", "https://www.wsj.com/news/types/autos?mod=breadcrumb"]}, {"link": "https://www.wsj.com/articles/looming-hertz-delisting-pulls-shares-back-to-earth-11591808551", "title": "Looming Hertz Delisting Pulls Shares Back to Earth", "date": "2020-06-10 13:02", "summary": "The rental-car company's shares have been defying gravity despite a bankruptcy filing that could wipe them out. Shares in Hertz Global Holdings Inc., after a brief head-scratching rally, are now in danger of being ejected from the New York Stock Exchange, calming a speculative frenzy around the bankrupt car-rental company.", "categories": [["Pro Bankruptcy"]], "category_links": ["https://www.wsj.com/pro/bankruptcy?mod=breadcrumb"]}, {"link": "https://www.wsj.com/articles/ousted-state-department-watchdog-says-official-pressed-him-not-to-probe-saudi-arms-sales-11591796924", "title": "Ousted State Department Watchdog Says Official Pressed Him Over Probe of Saudi Arms Sales", "date": "2020-06-10 12:54", "summary": "Democrats, who are investigating the circumstances of Steve Linick's termination, release transcript of his interview with congressional committees. WASHINGTON-The former State Department internal watchdog fired by President Trump told lawmakers that a senior department official discouraged him from probing U.S. arms sales to a pair of Gulf states before his ouster last month.", "categories": [["Politics"]], "category_links": ["https://www.wsj.com/news/politics?mod=breadcrumb"]}, {"link": "https://www.wsj.com/articles/the-thinking-behind-trumps-troop-cut-in-germany-11591807587", "title": "The Thinking Behind Trump's Troop Cut in Germany", "date": "2020-06-10 12:46", "summary": "It appeals to three sorts of pro-Trump intellectuals: neo-mercantalists, realists and neo-nationalists.. President Trump's decision to withdraw 9,500 troops from Germany stunned officials in both countries-including many in his own administration. The U.S. troop presence in Germany not only deters Russian aggression; it reassures Germany's neighbors east and west that Berlin will never again disturb the peace of Europe or threaten their security.", "categories": [["Opinion", "Global View"]], "category_links": ["https://www.wsj.com/news/opinion?mod=breadcrumb", "https://www.wsj.com/news/types/global-view?mod=breadcrumb"]}, {"link": "https://www.wsj.com/articles/how-academia-failed-to-improve-police-practices-11591807543", "title": "How Academia Failed to Improve Police Practices", "date": "2020-06-10 12:45", "summary": "Replicating good policing is less interesting to social scientists than promoting political causes in papers.. There is plenty of blame to go around for the latest civil unrest, from police unions to political leaders. But don't let academia off the hook. My fellow professors had years to figure out how to improve policing so that it better protects the lives and dignity of African-Americans. Few did so. Instead, professors have been preoccupied with obscure research topics and political causes.", "categories": [["Opinion", "Commentary"]], "category_links": ["https://www.wsj.com/news/opinion?mod=breadcrumb", "https://www.wsj.com/news/types/commentary-u-s?mod=breadcrumb"]}, {"link": "https://www.wsj.com/articles/unable-to-gamble-on-soccer-british-punters-are-buying-american-airlines-11591806585", "title": "Unable to Gamble on Soccer, British Punters Are Buying American Airlines", "date": "2020-06-10 12:29", "summary": "Suspension of sports events may be leading adrenaline-seeking Britons to prop up the stock market instead. Britain's Premier League is finally returning next week. It could be a bad omen for Wall Street.", "categories": [["Markets", "Overheard"]], "category_links": ["https://www.wsj.com/news/markets?mod=breadcrumb", "https://www.wsj.com/news/types/overheard?mod=breadcrumb"]}, {"link": "https://www.wsj.com/articles/coronavirus-complicates-closing-up-shop-for-older-owners-11591806453", "title": "Covid-19 Derails Retirement Plans of Older Small-Business Owners", "date": "2020-06-10 12:27", "summary": "'I can't throw everything I worked for under the bridge'; those whose nest eggs have been hit by closures face financial and emotional crossroads. Dennis Dreibelbis bought the G-Lodge Restaurant in eastern Pennsylvania in 1984, hoping it would eventually support him in his retirement.", "categories": [["Life & Work", "Turning Points"]], "category_links": ["https://www.wsj.com/news/life-work?mod=breadcrumb", "https://www.wsj.com/news/types/turning-points?mod=breadcrumb"]}, {"link": "https://www.wsj.com/articles/law-firm-kirkland-ellis-resigns-from-travelport-over-disputed-1-billion-debt-deal-11591762991", "title": "Kirkland & Ellis Resigns From Travelport Over Disputed $1 Billion Debt Deal", "date": "2020-06-10 12:19", "summary": "Travel-booking company's financing deal led to legal confrontation with investors that are also Kirkland's clients. The law firm representing one of Elliott Management Corp.'s biggest private-equity bets has resigned after steering a debt deal that angered some of the legal adviser's prominent Wall Street clients, according to people familiar with the matter.", "categories": [["Pro Bankruptcy Investors"]], "category_links": ["https://www.wsj.com/news/types/pro-bankruptcy-investors?mod=breadcrumb"]}, {"link": "https://www.wsj.com/articles/coronavirus-vaccine-candidates-pivotal-u-s-testing-to-start-this-summer-11591781405", "title": "Virus Vaccine Candidates' U.S. Testing to Start This Summer", "date": "2020-06-10 12:04", "summary": "The last stage of testing for Moderna's vaccine would begin in July, an NIH official says, followed by candidates from AstraZeneca and J&J. The federal government plans to fund and conduct the decisive studies of three experimental coronavirus vaccines starting this summer, according to a lead government vaccine researcher.", "categories": [["WSJ News Exclusive", "Health"]], "category_links": ["https://www.wsj.com/news/types/health?mod=breadcrumb"]}, {"link": "https://www.wsj.com/articles/coronavirus-speeds-up-starbucks-shiftto-takeout-11591790405", "title": "Coronavirus Speeds Up Starbucks Shift to Takeout", "date": "2020-06-10 12:03", "summary": "Coffee chain plans to open dozens of pickup-only stores, says it sees pandemic cutting revenue by up to $3.2 billion in current quarter. Starbucks Corp. said it would close some traditional cafes and open more to-go locations as the chain known for spreading coffee shops across the globe bets more on convenience and speed.", "categories": [["Business"]], "category_links": ["https://www.wsj.com/news/business?mod=breadcrumb"]}, {"link": "https://www.wsj.com/articles/now-made-in-new-york-city-much-needed-coronavirus-test-kits-11591799886", "title": "Now Made in New York City: Much-Needed Coronavirus Test Kits", "date": "2020-06-10 12:01", "summary": "Two companies, one college involved in effort to deliver 100,000 kits a week by late June. New York City officials are building a supply line of locally made coronavirus viral test kits, which they say is essential to safely reopening the economy.", "categories": [["U.S.", "New York"]], "category_links": ["https://www.wsj.com/news/us?mod=breadcrumb", "https://www.wsj.com/news/types/new-york?mod=breadcrumb"]}, {"link": "https://www.wsj.com/articles/fox-news-host-tucker-carlson-leaves-the-daily-caller-11591804588", "title": "Fox News Host Tucker Carlson Leaves the Daily Caller", "date": "2020-06-10 11:56", "summary": "Co-founder Neil Patel now owns controlling stake in conservative news website. Tucker Carlson is leaving the Daily Caller, the conservative digital publication he co-founded a decade ago, a move that he said would help him focus on his opinion show on Fox News.", "categories": [["WSJ News Exclusive", "Media & Marketing"]], "category_links": ["https://www.wsj.com/news/business/media-marketing?mod=breadcrumb"]}, {"link": "https://www.wsj.com/articles/fathers-day-gift-guide-cool-dad-11591804276", "title": "Father's Day Gifts That Are Actually Cool? Not Impossible", "date": "2020-06-10 11:54", "summary": "Just no whiskey stones. Eight great gifts for fathers this year, courtesy of WSJ. Magazine's cool-dad correspondent.. Father's Day this year is still more than a week away (that's June 21st, 2020, for all of you slackers). But for something a bit more considered than the average Father's Day gift, you might want a little lead time. Our design director Pierre Tardif is the coolest dad we know-so we asked him what he might like to receive come Dad's Day:", "categories": [["Fashion"]], "category_links": ["https://www.wsj.com/news/types/magazine-fashion?mod=breadcrumb"]}, {"link": "https://www.wsj.com/articles/coronavirus-continues-to-weigh-on-u-s-consumer-prices-11591793399", "title": "Pandemic Continues to Weigh on U.S. Consumer Prices", "date": "2020-06-10 11:53", "summary": "CPI fell 0.1% in May; cost of groceries rose with people staying at home to contain virus. WASHINGTON-U.S. consumer prices dropped for a third straight month in May as the coronavirus pandemic kept shoppers and travelers at home, but the rate of decline in inflation eased as the cost of groceries, rent and medical services rose.", "categories": [["Economy", "Economic Data"]], "category_links": ["https://www.wsj.com/news/economy?mod=breadcrumb", "https://www.wsj.com/news/types/economic-data?mod=breadcrumb"]}, {"link": "https://www.wsj.com/articles/citing-impact-on-black-students-brown-university-reverses-decision-to-downgrade-three-teams-11591803873", "title": "Citing Impact on Black Students, Brown University Reverses Decision to Downgrade Three Teams", "date": "2020-06-10 11:53", "summary": "Men's track, field and cross-country to remain varsity programs at Brown; squash, fencing, golf are headed to club status. ", "categories": [["U.S."]], "category_links": ["https://www.wsj.com/news/us?mod=breadcrumb"]}, {"link": "https://www.wsj.com/articles/serta-simmons-proposes-400-million-debt-cutting-deal-11591741229", "title": "Serta Simmons Proposes $400 Million Debt-Cutting Deal", "date": "2020-06-10 11:50", "summary": "Revenue at the mattress company was sliding even before the Covid-19 pandemic slowed down nonessential shopping. Serta Simmons Bedding LLC is nearing a lender deal that would provide $200 million in fresh financing while shaving off $400 million from the company's $2.4 billion debt stack.", "categories": [["Pro Bankruptcy Distress"]], "category_links": ["https://www.wsj.com/news/types/pro-bankruptcy-distress?mod=breadcrumb"]}, {"link": "https://www.wsj.com/articles/health-care-workers-say-protests-are-vital-despite-coronavirus-risks-11591790600", "title": "Health-Care Workers Say Protests Are Vital Despite Coronavirus Risks", "date": "2020-06-10 11:43", "summary": "For some, the benefits of highlighting racially driven public-health inequities outweigh threat of Covid-19's spread. Many public-health experts and health-care workers are joining or voicing support for the protests spurred by the killing of George Floyd in police custody, despite worries the events could spread the new coronavirus, saying racially driven disparities in the U.S. are an important public-health problem.", "categories": [["Business", "Health Care", "Health"]], "category_links": ["https://www.wsj.com/news/business?mod=breadcrumb", "https://www.wsj.com/news/business/health-industry?mod=breadcrumb", "https://www.wsj.com/news/types/health?mod=breadcrumb"]}, {"link": "https://www.wsj.com/articles/day-care-centers-are-reopening-will-families-return-11591803357", "title": "Day-Care Centers Are Reopening. Will Families Return?", "date": "2020-06-10 11:36", "summary": "Covid-19 restrictions on the cash-strapped child-care industry are lifting, but many parents are reluctant to send children back. As the hard-hit day-care industry prepares to reopen from its coronavirus shutdown, Dina Longo, like many parents around the country, is debating whether it is safe to send her 2-year-old daughter back to her New Jersey child-care center.", "categories": [["U.S."]], "category_links": ["https://www.wsj.com/news/us?mod=breadcrumb"]}, {"link": "https://www.wsj.com/articles/deaths-prompt-questions-about-covid-19-safety-in-mexico-factories-11591802088", "title": "Deaths Prompt Questions About Covid-19 Safety in Mexico Factories", "date": "2020-06-10 11:14", "summary": "Workers and families say companies are resisting closing plants to protect employees amid the pandemic. ", "categories": [["World", "Latin America"]], "category_links": ["https://www.wsj.com/news/world?mod=breadcrumb", "https://www.wsj.com/news/types/latin-america-news?mod=breadcrumb"]}, {"link": "https://www.wsj.com/articles/why-narnia-resonates-more-than-ever-this-summer-11591802075", "title": "Why Narnia Resonates More Than Ever This Summer", "date": "2020-06-10 11:14", "summary": "A beloved classic, 'The Lion, the Witch and the Wardrobe' isn't just enthralling. It's a timely reminder that even in the darkest of seasons in America, there is relief in finding the courage to engage. IT'S JUNE in America. But it might as well be January. Frozen in place by an endless pandemic, our moods brittle as ice, pent-up frustrations erupting into anger, we still seem metaphorically gripped by winter. We are living in a sort of Narnia, the setting of C.S. Lewis's beloved 1950 children's classic \"The Lion, the Witch and the Wardrobe,\" a traumatized magical land where it is \"always winter and never Christmas.\"", "categories": [["Life & Work", "Comfort Reads"]], "category_links": ["https://www.wsj.com/news/life-work?mod=breadcrumb", "https://www.wsj.com/news/types/comfort-reads?mod=breadcrumb"]}, {"link": "https://www.wsj.com/articles/china-and-india-pull-back-from-himalayan-standoff-11591800102", "title": "China and India Pull Back From Himalayan Standoff", "date": "2020-06-10 11:14", "summary": "The two nuclear powers have started to withdraw forces from their disputed border, which has been a source of tension since their 1962 war. NEW DELHI-India and China have started pulling back some of their troops from a standoff in disputed border areas in the Himalayan mountains, following recent talks between senior military leaders and diplomatic efforts to calm tensions, according to an Indian security official.", "categories": [["World"]], "category_links": ["https://www.wsj.com/news/world?mod=breadcrumb"]}, {"link": "https://www.wsj.com/articles/how-investing-giants-gave-away-voting-power-ahead-of-a-shareholder-fight-11591793863", "title": "Investing Giants Gave Away Voting Power Ahead of Shareholder Fight", "date": "2020-06-10 11:03", "summary": "BlackRock, Vanguard and Fidelity were among the largest investment firms in GameStop that decided to forgo ballots by keeping shares on loan. GameStop Corp. shareholders vote this week to resolve a fight over the embattled videogame retailer's board. But the company's largest investors won't cast much of a vote.", "categories": [["WSJ News Exclusive", "Markets"]], "category_links": ["https://www.wsj.com/news/markets?mod=breadcrumb"]}, {"link": "https://www.wsj.com/articles/roger-federer-will-miss-the-rest-of-2020-after-injury-setback-11591801312", "title": "Roger Federer Will Miss the Rest of 2020 After Injury Setback", "date": "2020-06-10 11:01", "summary": "The 20-time Grand Slam champion said he recently had an additional arthroscopic procedure on his right knee. Whether or not professional tennis resumes in 2020, it's now certain that the sport will go without Roger Federer until 2021.", "categories": [["Sports", "Tennis"]], "category_links": ["https://www.wsj.com/news/sports?mod=breadcrumb", "https://www.wsj.com/news/types/tennis?mod=breadcrumb"]}, {"link": "https://www.wsj.com/articles/big-restaurant-owners-face-reopening-headaches-11591790883", "title": "Restaurants Parse a Patchwork of Rules as They Reopen", "date": "2020-06-10 10:48", "summary": "Franchisees with businesses in more than one state are dealing with a patchwork of reopening rules, curfew concerns. Big restaurant companies with eateries in a number of states are struggling to navigate a thicket of rules as they seek to reopen dining rooms closed by the coronavirus pandemic.", "categories": [["Business"]], "category_links": ["https://www.wsj.com/news/business?mod=breadcrumb"]}, {"link": "https://www.wsj.com/articles/what-it-takes-to-run-spelling-manor-the-disneyland-of-private-homes-11591800016", "title": "What It Takes to Run Spelling Manor, The 'Disneyland' of Private Homes", "date": "2020-06-10 10:40", "summary": "A former resident of the estate reveals what it's really like to maintain the 56,500-square-foot home in Los Angeles. Spelling Manor in Los Angeles is one of the largest homes in the world. At 56,500 square feet, it is slightly larger than the White House, and more than 21 times the size of the average American house. The French chateau-style home has a bowling alley, a wine cellar and tasting room, and a beauty salon with massage and tanning rooms.", "categories": [["Real Estate"]], "category_links": ["https://www.wsj.com/news/realestate?mod=breadcrumb"]}, {"link": "https://www.wsj.com/articles/d-c-mayor-bowser-battles-trump-over-george-floyd-protests-11591792859", "title": "D.C. Mayor Bowser Battles Trump Over Floyd Protests", "date": "2020-06-10 10:39", "summary": "Confrontation with the White House highlights the unique relationship between Washington and the federal government. WASHINGTON-Mayor Muriel Bowser was on a call with her public-safety team, listening to a rundown of the previous night's protests sparked by the police killing of George Floyd in Minneapolis, when the president began tweeting about her.", "categories": [["Politics"]], "category_links": ["https://www.wsj.com/news/politics?mod=breadcrumb"]}, {"link": "https://www.wsj.com/articles/italy-looks-to-draw-mom-and-pop-investors-to-bond-market-11591799972", "title": "Italy Looks to Draw Mom-and-Pop Investors to Bond Market", "date": "2020-06-10 10:39", "summary": "Government aims to tap into appetite for Italian debt with a new set of retail bonds, linking part of the payout to economic growth. Italy's debt-laden government plans to tap mom-and-pop investors with a new bond whose payout will be partially linked to the country's economic growth.", "categories": [["Markets", "Credit Markets"]], "category_links": ["https://www.wsj.com/news/markets?mod=breadcrumb", "https://www.wsj.com/news/types/credit-markets?mod=breadcrumb"]}, {"link": "https://www.wsj.com/articles/inside-spelling-manor-11591799432", "title": "Inside Spelling Manor", "date": "2020-06-10 10:30", "summary": "Larger than the White House, the Los Angeles home has a beauty salon and bowling alley.. We are delighted that you'd like to resume your subscription.", "categories": [[]], "category_links": []}, {"link": "https://www.wsj.com/articles/amazon-struggled-coronavirus-pandemic-smaller-rivals-thrive-market-11591798220", "title": "Can Rivals Take Advantage of Amazon's Pandemic Woes? It Isn't Easy", "date": "2020-06-10 10:21", "summary": "Resume Subscription. When coronavirus lockdowns sent Americans into a frenzy of panic buying, the bad news came almost as quickly as the good for online organic grocer Thrive Market.", "categories": [[]], "category_links": []}, {"link": "https://www.wsj.com/articles/ulta-beauty-undertakes-review-of-its-1-254-stores-11591797600", "title": "Ulta Beauty Undertakes Review of Its 1,254 Stores", "date": "2020-06-10 10:00", "summary": "Cosmetics chain is looking to renegotiate leases, move locations and close some underperforming stores. Ulta Beauty Inc., a cosmetics chain that is a staple of shopping centers across the country, is undertaking a \"clean sheet\" review of its stores, exploring whether to close, move or remodel its hundreds of brick-and-mortar locations in light of pressures facing retailers, including the coronavirus pandemic.", "categories": [["CFO Journal"]], "category_links": ["https://www.wsj.com/news/types/cfo-journal?mod=breadcrumb"]}, {"link": "https://www.wsj.com/articles/chinese-sporting-power-couple-issues-rare-rebuke-of-ruling-communist-party-11591797324", "title": "Chinese Sports Power Couple Issues Rare Rebuke of Communist Party", "date": "2020-06-10 09:55", "summary": "Retired soccer star Hao Haidong and his wife, former badminton world champion Ye Zhaoying, are speaking out against Beijing's leadership. Two of China's most celebrated athletes have denounced the ruling Communist Party, a stunning display for a country used to seeing its sporting heroes lavish praise on authorities for their personal successes.", "categories": [["World", "Asia", "China"]], "category_links": ["https://www.wsj.com/news/world?mod=breadcrumb", "https://www.wsj.com/news/types/asia-news?mod=breadcrumb", "https://www.wsj.com/news/types/china-news?mod=breadcrumb"]}, {"link": "https://www.wsj.com/articles/trash-burning-ignites-as-worlds-waste-swells-11591786758", "title": "Trash Burning Ignites as World's Waste Swells", "date": "2020-06-10 09:17", "summary": "The growth of incineration, buoyed by moves against landfills, raises concerns about fumes and impact on recycling efforts. The world is creating more garbage, and it is getting tougher to dispose of it. That is propelling more cities to send their trash to the incinerator.", "categories": [["Business"]], "category_links": ["https://www.wsj.com/news/business?mod=breadcrumb"]}, {"link": "https://www.wsj.com/articles/zara-to-close-1-200-stores-as-it-outlines-post-coronavirus-future-11591794618", "title": "Zara Owner to Close 1,200 Stores as It Outlines Post-Coronavirus Future", "date": "2020-06-10 09:10", "summary": "Inditex, which also owns Massimo Dutti and Pull&Bear, to close as many as 1,200 stores in strategic shift after Covid-19. Zara-owner Inditex SA said it is permanently closing as many as 1,200 stores-16% of its global outlets-and will pivot more aggressively toward selling online, as the fast-fashion giant maps out its post-pandemic future.", "categories": [["Business"]], "category_links": ["https://www.wsj.com/news/business?mod=breadcrumb"]}, {"link": "https://www.wsj.com/articles/tested-positive-for-coronavirus-antibodies-dont-let-your-guard-down-11591794007", "title": "Tested Positive for Coronavirus Antibodies? Stay Vigilant", "date": "2020-06-10 09:00", "summary": "Resume Subscription. After a rocky rollout, higher-quality coronavirus antibody tests have emerged that, among other uses, are beginning to give a clearer picture of the pathogen's spread.", "categories": [[]], "category_links": []}, {"link": "https://www.wsj.com/articles/trump-administration-is-sued-over-pandemic-deportation-policy-11591793048", "title": "Trump Administration Sued Over Pandemic Deportation Policy", "date": "2020-06-10 08:44", "summary": "Since the emergency declaration in March, migrants have been turned away at the border without a chance to apply for asylum. WASHINGTON-The Trump administration, which has used the coronavirus health emergency to expel migrants at the border without allowing them to apply for asylum, faces its first court challenge over the practice in a lawsuit filed on behalf of a 16-year-old boy.", "categories": [["U.S."]], "category_links": ["https://www.wsj.com/news/us?mod=breadcrumb"]}, {"link": "https://www.wsj.com/articles/after-34-years-a-political-assassination-in-europe-remains-shrouded-in-mystery-11591791275", "title": "After 34 Years, a Political Assassination in Europe Remains Shrouded in Mystery", "date": "2020-06-10 08:14", "summary": "Sweden wraps up investigation into former Prime Minister Olof Palme's killing. STOCKHOLM-A 34-year-old investigation into the murder of Swedish Prime Minister Olof Palme is now closed, prosecutors said Wednesday. But the mystery surrounding one of postwar Europe's most prominent political killings will likely endure given that the only suspect is dead.", "categories": [["World", "Europe"]], "category_links": ["https://www.wsj.com/news/world?mod=breadcrumb", "https://www.wsj.com/news/types/europe-news?mod=breadcrumb"]}, {"link": "https://www.wsj.com/articles/zaras-owner-bets-crisis-will-speed-up-fashions-big-trend-11591791100", "title": "Zara's Owner Bets Crisis Will Speed Up Fashion's Big Trend", "date": "2020-06-10 08:11", "summary": "Global clothing retailer Inditex is doubling down on the industry's digital transition with a plan to operate fewer, larger stores. Zara's owner has a reputation for spotting fashion trends early. Now, the world's top clothing retailer expects the Covid-19 crisis to turbocharge the shift toward e-commerce.", "categories": [["Markets", "Heard on the Street"]], "category_links": ["https://www.wsj.com/news/markets?mod=breadcrumb", "https://www.wsj.com/news/heard-on-the-street?mod=breadcrumb"]}, {"link": "https://www.wsj.com/articles/remote-work-forever-not-so-fast-jobs-guru-says-11591790405", "title": "Remote Work Forever? Not So Fast, Jobs Guru Says", "date": "2020-06-10 08:00", "summary": "The CEO of Adecco, one of the world's largest employment agencies, discusses the pros and cons of working from home. Alain Dehaze knows a lot about jobs, and he's not sold on remote work.", "categories": [["Business", "Management", "Management & Careers"]], "category_links": ["https://www.wsj.com/news/business?mod=breadcrumb", "https://www.wsj.com/news/business/management?mod=breadcrumb", "https://www.wsj.com/news/types/boss-talk?mod=breadcrumb"]}, {"link": "https://www.wsj.com/articles/home-from-college-old-friends-become-protest-leaders-11591790402", "title": "Home From College, Old Friends Become Protest Leaders", "date": "2020-06-10 08:00", "summary": "How four 19-year-olds ended up organizing a 15,000-person march for police reform. OAKLAND, Calif.-On June 1 of last year, Josiah Jacobs stood on his high school graduation stage in a red graduation gown and a black bow tie giving the salutatorian address.", "categories": [["U.S."]], "category_links": ["https://www.wsj.com/news/us?mod=breadcrumb"]}, {"link": "https://www.wsj.com/articles/grammys-tweak-rules-to-address-credibility-diversity-concerns-11591790405", "title": "Grammys Tweak Rules to Address Credibility, Diversity Concerns", "date": "2020-06-10 08:00", "summary": "Recording Academy changes conflict-of-interest policies, hip-hop/R&B awards amid criticism. The Grammy Awards is adjusting its rules to address concerns about its voting practices and treatment of hip-hop artists that have threatened its legitimacy.", "categories": [["Books & Arts", "Arts", "Music"]], "category_links": ["https://www.wsj.com/news/books-arts?mod=breadcrumb", "https://www.wsj.com/news/books-arts/arts?mod=breadcrumb", "https://www.wsj.com/news/types/music?mod=breadcrumb"]}, {"link": "https://www.wsj.com/articles/coronavirus-makes-ars-potential-a-reality-for-chip-makers-11591789742", "title": "Coronavirus Makes AR's Potential a Reality for Chip Makers", "date": "2020-06-10 07:49", "summary": "Semiconductor and other industries embrace augmented reality after finding new uses for the visualization tool during the pandemic. Intel Corp.'s semiconductor production hit a stumbling block in March. A chip plant in Chandler, Ariz., needed work done, but the engineer for the job was stuck in Germany because of trans-Atlantic flight restrictions to combat the spread of the coronavirus.", "categories": [["Tech"]], "category_links": ["https://www.wsj.com/news/technology?mod=breadcrumb"]}, {"link": "https://www.wsj.com/articles/a-rising-chinas-underclass-is-suddenly-thrust-into-the-light-11591788379", "title": "A Rising China's Underclass Is Suddenly Thrust Into the Light", "date": "2020-06-10 07:29", "summary": "There are no doubts that income inequality has always been an issue in China. Jobs, instead of growth, will be the focus of China's post-Covid-19 economy. The plight of the country's millions of low-income workers is highlighting the gaps in China's social safety net-and creating political fissures as well.", "categories": [["Markets", "Heard on the Street"]], "category_links": ["https://www.wsj.com/news/markets?mod=breadcrumb", "https://www.wsj.com/news/heard-on-the-street?mod=breadcrumb"]}, {"link": "https://www.wsj.com/articles/george-floyd-protest-movement-keeps-up-pressure-11591463065", "title": "In Photos: George Floyd Funeral and Protests", "date": "2020-06-10 07:16", "summary": "George Floyd, whose killing has sparked world-wide protests over racial injustice, was buried in Houston on Tuesday.. We are delighted that you'd like to resume your subscription.", "categories": [[]], "category_links": []}, {"link": "https://www.wsj.com/articles/crossfit-ceo-to-exit-amid-backlash-over-george-floyd-remarks-11591753652", "title": "CrossFit CEO to Exit Amid Backlash Over George Floyd Remarks", "date": "2020-06-10 07:07", "summary": "Reebok, hundreds of gyms had cut ties with CrossFit after founder Greg Glassman's tweet and comments about George Floyd's killing. Greg Glassman, the founder and chief executive of CrossFit Inc., said he had decided to retire after his inflammatory remarks about the killing of George Floyd prompted sponsors and gym owners to cut ties with his company.", "categories": [["Business"]], "category_links": ["https://www.wsj.com/news/business?mod=breadcrumb"]}, {"link": "https://www.wsj.com/articles/rice-prices-spike-to-highest-level-since-2011-11591786800", "title": "Rice Prices Spike to Highest Level Since 2011", "date": "2020-06-10 07:00", "summary": "Surging demand from coronavirus lockdowns and global weather issues have dented rice availability. Rice futures spiked to their highest level in nearly nine years after the global pandemic boosted shoppers' demand for the grain.", "categories": [["Markets", "Commodities"]], "category_links": ["https://www.wsj.com/news/markets?mod=breadcrumb", "https://www.wsj.com/market-data/commodities?mod=breadcrumb"]}, {"link": "https://www.wsj.com/articles/what-we-talk-about-when-we-talk-about-clos-11591786801", "title": "What We Talk About When We Talk About CLOs", "date": "2020-06-10 07:00", "summary": "The biggest risk at the moment is credit availability, not losses for big investors. When collateralized loan obligations enter the public discussion, it's usually in the context of credit risk. Perhaps the focus right now should be on something different: the supply of credit.", "categories": [["Markets", "Heard on the Street"]], "category_links": ["https://www.wsj.com/news/markets?mod=breadcrumb", "https://www.wsj.com/news/heard-on-the-street?mod=breadcrumb"]}, {"link": "https://www.wsj.com/articles/chewy-stock-may-be-overfed-11591783200", "title": "Chewy Stock May Be Overfed", "date": "2020-06-10 06:00", "summary": "The business had impressive results last quarter, but its share price may have overshot even before the results were announced. Chewy was in for a treat last quarter as furry companions joined the list of items humans acquired while sheltering in place during the coronavirus pandemic. Investors seem to have overfed on the shares, though.", "categories": [["Markets", "Heard on the Street"]], "category_links": ["https://www.wsj.com/news/markets?mod=breadcrumb", "https://www.wsj.com/news/heard-on-the-street?mod=breadcrumb"]}, {"link": "https://www.wsj.com/articles/u-s-china-struggle-puts-europe-in-an-awkward-bind-11591782112", "title": "U.S.-China Struggle Puts Europe in an Awkward Bind", "date": "2020-06-10 05:41", "summary": "Europe is broadly sympathetic to U.S. worries about China, but slow growth at home makes it more dependent on the emerging superpower. European attitudes to China were never far from American ones and have been getting closer. But there is one big difference: While greater economic independence from its big strategic rival is an expensive option for the U.S., it is an unaffordable one for Europe.", "categories": [["Markets", "Heard on the Street"]], "category_links": ["https://www.wsj.com/news/markets?mod=breadcrumb", "https://www.wsj.com/news/heard-on-the-street?mod=breadcrumb"]}, {"link": "https://www.wsj.com/articles/china-tries-an-old-remedy-to-revive-its-economy-street-stalls-11591781402", "title": "China Tries an Old Remedy to Revive Economy: Street Stalls", "date": "2020-06-10 05:30", "summary": "With unemployment rising amid China's first economic contraction in four decades, Beijing is turning to sidewalk trade as a way to unleash its animal spirits. China spent much of the past two decades clamping down on street vendors in its biggest cities, part of an effort to clean up the country's image, improve food safety and hygiene and more tightly regulate commerce.", "categories": [["World", "Asia", "China"]], "category_links": ["https://www.wsj.com/news/world?mod=breadcrumb", "https://www.wsj.com/news/types/asia-news?mod=breadcrumb", "https://www.wsj.com/news/types/china-news?mod=breadcrumb"]}, {"link": "https://www.wsj.com/articles/chinas-companies-find-ways-to-avoid-bond-blowups-11591781403", "title": "China's Companies Find Ways to Avoid Bond Blowups", "date": "2020-06-10 05:30", "summary": "Some methods include asking creditors to wait longer for repayment or forgo the right to redeem bonds early. Chinese companies are avoiding or minimizing bond defaults, even as the economy shrinks for the first time in decades.", "categories": [["Markets", "Credit Markets"]], "category_links": ["https://www.wsj.com/news/markets?mod=breadcrumb", "https://www.wsj.com/news/types/credit-markets?mod=breadcrumb"]}, {"link": "https://www.wsj.com/articles/community-colleges-to-take-hard-look-at-how-they-teach-aspiring-cops-11591781400", "title": "Schools to Take Hard Look at How They Teach Aspiring Cops", "date": "2020-06-10 05:30", "summary": "California, Virginia to review instruction amid protests against police brutality in wake of George Floyd's killing; North Carolina adds funds for training. Community colleges around the country are embarking on reviews of how they teach future police officers, aiming to make changes at the beginning stages of law-enforcement training amid intense scrutiny of policing tactics in the U.S.", "categories": [["U.S.", "Education"]], "category_links": ["https://www.wsj.com/news/us?mod=breadcrumb", "https://www.wsj.com/news/types/education?mod=breadcrumb"]}, {"link": "https://www.wsj.com/articles/coronavirus-pandemic-makes-unemployment-calculation-harder-11591781401", "title": "Coronavirus Pandemic Makes Jobless Rate Calculation Harder", "date": "2020-06-10 05:30", "summary": "'Misclassification error' caused jobless rate to be lower than it would have been otherwise, Labor Department says. The Labor Department is struggling to document accurately how many workers are unemployed in the recession caused by the coronavirus pandemic, a difficulty the government has faced during other times of rapidly changing economic conditions.", "categories": [["Economy", "U.S. Economy"]], "category_links": ["https://www.wsj.com/news/economy?mod=breadcrumb", "https://www.wsj.com/news/types/u-s-economy?mod=breadcrumb"]}, {"link": "https://www.wsj.com/articles/u-s-sends-aircraft-carriers-as-china-makes-waves-in-the-pacific-11591780654", "title": "U.S. Sends Aircraft Carriers as China Makes Waves in the Pacific", "date": "2020-06-10 05:17", "summary": "USS Ronald Reagan and USS Nimitz deployed under a new 'bubble of health' plan to prevent coronavirus outbreaks. The U.S. deployed two aircraft carrier strike groups to the Pacific under new health procedures to guard against another coronavirus outbreak, as China's military steps up its activity in the region.", "categories": [["World"]], "category_links": ["https://www.wsj.com/news/world?mod=breadcrumb"]}, {"link": "https://www.wsj.com/articles/second-pandemic-wave-would-inflict-big-economic-cost-says-oecd-11591776000", "title": "Second Pandemic Wave Would Inflict Big Economic Cost, Says OECD", "date": "2020-06-10 04:00", "summary": "A resurgence of the pandemic later this year would damp the partial recovery that is expected to take place in 2021. ", "categories": [["Economy"]], "category_links": ["https://www.wsj.com/news/economy?mod=breadcrumb"]}, {"link": "https://www.wsj.com/articles/chinas-factory-gate-deflation-accelerates-11591770646", "title": "China's Factory-Gate Deflation Accelerates", "date": "2020-06-10 02:30", "summary": "Prices fall at fastest pace in more than four years as the coronavirus pandemic crushes global demand for commodities. China's industrial deflation worsened in May, with factory-gate prices falling at their fastest pace in more than four years as the coronavirus pandemic crushed global demand for commodities.", "categories": [["Economy", "Asia Economy"]], "category_links": ["https://www.wsj.com/news/economy?mod=breadcrumb", "https://www.wsj.com/news/types/asia-economy?mod=breadcrumb"]}, {"link": "https://www.wsj.com/articles/hbo-max-pulls-gone-with-the-wind-11591754904", "title": "HBO Max Pulls 'Gone With the Wind,' While 'Cops' Gets Canceled", "date": "2020-06-10 00:36", "summary": "Moves come as entertainment companies reassess their content amid nationwide protests over racial injustice and police brutality. \"Gone with the Wind\" was pulled from HBO Max while the long-running TV show \"Cops\" was outright canceled, a sign that entertainment companies are re-examining the content they offer in the wake of nationwide protests for racial justice and against police brutality.", "categories": [["Business", "Media & Marketing"]], "category_links": ["https://www.wsj.com/news/business?mod=breadcrumb", "https://www.wsj.com/news/business/media-marketing?mod=breadcrumb"]}, {"link": "https://www.wsj.com/articles/judge-hints-at-potential-disciplinary-action-for-prosecutors-in-sanctions-case-11591761963", "title": "Judge Hints at Potential Disciplinary Action for Prosecutors in Sanctions Case", "date": "2020-06-10 00:06", "summary": "A federal prosecutor Friday asked to drop the case against Ali Sadr Hashemi Nejad, who was convicted on money-laundering and sanctions violations charges. A federal judge indicated prosecutors could face disciplinary action for allegedly failing to turn over evidence in a case that led to the conviction of an Iranian man on money-laundering and sanctions violations charges.", "categories": [["Risk & Compliance Journal"]], "category_links": ["https://www.wsj.com/news/types/risk-compliance-journal?mod=breadcrumb"]}, {"link": "https://www.wsj.com/articles/laguardia-airports-new-terminal-hall-set-to-open-saturday-11591821723", "title": "LaGuardia Airport's New Terminal Hall Set to Open Saturday", "date": "2020-06-10 00:01", "summary": "Arrivals and departures hall accounts for coronavirus concerns with plexiglass screens at check-in desks, and touchless technology. LaGuardia Airport's new arrivals and departures hall at Terminal B will open Saturday despite a global pandemic that has decimated air travel.", "categories": [["U.S.", "Tri-State Area"]], "category_links": ["https://www.wsj.com/news/us?mod=breadcrumb", "https://www.wsj.com/news/types/ny-region?mod=breadcrumb"]}, {"link": "https://www.wsj.com/articles/pepper-and-salt-11591739421", "title": "Pepper...and Salt", "date": "2020-06-10 00:01", "summary": "Resume Subscription. We are delighted that you'd like to resume your subscription.", "categories": [["Opinion", "Pepper & Salt"]], "category_links": ["https://www.wsj.com/news/opinion?mod=breadcrumb", "https://www.wsj.com/news/types/pepper-salt?mod=breadcrumb"]}, {"link": "https://www.wsj.com/articles/park-in-front-of-white-house-now-a-symbol-of-protest-is-set-to-reopen-11591728445", "title": "Park by White House, Set to Reopen, Symbolizes Arc of D.C. Protests", "date": "2020-06-10 23:06", "summary": "Lafayette Square, a center of demonstrations sparked by George Floyd killing, gains new significance as site of national drama. Washington's Lafayette Square, at the center of more than a week of protest prompted by George Floyd's killing, is set to reopen with a new significance, having hosted conflict and a president's law-and-order message to become a signboard of protest over police brutality and racism.", "categories": [["U.S."]], "category_links": ["https://www.wsj.com/news/us?mod=breadcrumb"]}, {"link": "https://www.wsj.com/articles/electric-truck-startup-nikola-bolts-past-ford-in-market-value-11591730357", "title": "Electric-Truck Startup Nikola Bolts Past Ford in Market Value", "date": "2020-06-10 22:50", "summary": "Shares skyrocket after chairman takes aim at pickup market on Twitter. The market value of Nikola Corp. , a little-known electric-truck startup that went public last week, has surged past that of Ford Motor Co. and other car companies in recent days, as investors continue to bet on the growth potential of electric transportation.", "categories": [["Business", "Autos & Transportation", "Autos Industry"]], "category_links": ["https://www.wsj.com/news/business?mod=breadcrumb", "https://www.wsj.com/news/business/transportation?mod=breadcrumb", "https://www.wsj.com/news/types/autos?mod=breadcrumb"]}, {"link": "https://www.wsj.com/articles/in-a-warning-for-november-voters-endure-long-lines-in-georgias-primary-election-11591733287", "title": "Voters Endure Long Lines in Georgia's Primary Election", "date": "2020-06-10 21:28", "summary": "Delays underscore the challenges for election officials across the country as they respond to the pandemic. Voters in Georgia's primary election Tuesday endured long lines at some voting sites, after the state adopted new voting machines and suffered shortages of poll workers because of the coronavirus pandemic.", "categories": [["U.S."]], "category_links": ["https://www.wsj.com/news/us?mod=breadcrumb"]}, {"link": "https://www.wsj.com/articles/republicans-craft-own-police-overhaul-proposals-11591743613", "title": "Republicans Craft Own Police-Overhaul Proposals", "date": "2020-06-10 21:04", "summary": "GOP lawmakers express interest in banning chokeholds, increasing accountability. WASHINGTON-Congressional Republicans are crafting their own proposals to respond to the killing of George Floyd while he was in police custody and the ensuing nationwide protests, marking a shift in the party's stance on overseeing police practices and raising the prospect of collaboration with Democrats.", "categories": [["Politics"]], "category_links": ["https://www.wsj.com/news/politics?mod=breadcrumb"]}, {"link": "https://www.wsj.com/articles/george-floyd-the-athlete-classmate-remembered-at-houston-school-11591714153", "title": "George Floyd the Athlete, Classmate Remembered in Houston", "date": "2020-06-10 20:49", "summary": "Dignitaries, family and friends eulogize a father and former classmate whose killing set off world-wide protests over racial injustice. HOUSTON-George Floyd was laid to rest near his mother in Houston on Tuesday, two weeks after video of his killing sparked a nationwide movement demanding racial justice and police reform.", "categories": [["U.S."]], "category_links": ["https://www.wsj.com/news/us?mod=breadcrumb"]}, {"link": "https://www.wsj.com/articles/republican-house-members-urge-white-house-not-to-cut-u-s-troops-in-germany-11591730851", "title": "GOP House Members Urge White House Not to Cut U.S. Troops in Germany", "date": "2020-06-10 20:47", "summary": "'Such steps would significantly damage U.S. national security,' 22 GOP House members write in letter to White House. WASHINGTON-Nearly two dozen Republican House members are urging the White House to reconsider its decision to cut by half the number of American troops assigned to Germany, according to a new letter.", "categories": [["WSJ News Exclusive", "National Security"]], "category_links": ["https://www.wsj.com/news/types/national-security?mod=breadcrumb"]}, {"link": "https://www.wsj.com/articles/advice-for-cfos-on-leading-in-a-time-of-change-be-forthcoming-11591748829", "title": "Advice for CFOs on Leading in a Time of Change: Be Forthcoming", "date": "2020-06-10 20:27", "summary": "Executives, policy makers and economists discussed the coronavirus pandemic and other issues during a virtual meeting hosted by The Wall Street Journal's CFO Network. Chief financial officers are steering companies through a profound period of economic and social change.", "categories": [["CFO Journal"]], "category_links": ["https://www.wsj.com/news/types/cfo-journal?mod=breadcrumb"]}, {"link": "https://www.wsj.com/articles/new-york-citys-homeless-population-has-high-covid-19-mortality-rate-11591735120", "title": "New York City's Homeless Population Has High Covid-19 Mortality Rate", "date": "2020-06-10 20:18", "summary": "Advocates call for better shelter, free testing as the state continues reopening after months of lockdown. Advocates called on New York City and the state to better protect homeless people from Covid-19 in a report charting how the coronavirus pandemic has disproportionately affected the homeless.", "categories": [["U.S.", "New York"]], "category_links": ["https://www.wsj.com/news/us?mod=breadcrumb", "https://www.wsj.com/news/types/new-york?mod=breadcrumb"]}]