[{"link": "https://www.wsj.com/articles/new-york-sends-pared-down-delegation-to-republican-convention-11598223600", "title": "New York Sends Pared-Down Delegation to Republican Convention", "date": "2020-08-23 19:00", "summary": "Republican State Committee Chairman Nick Langworthy will lead a half-dozen delegates to Charlotte, N.C., to renominate President Trump. A delegation of hundreds of New York Republicans hoping to cheer in person, as President Trump is nominated for a second term, has been reduced to just six people.", "categories": [["U.S.", "State Street"]], "category_links": ["https://www.wsj.com/news/us?mod=breadcrumb", "https://www.wsj.com/news/types/state-street?mod=breadcrumb"]}, {"link": "https://www.wsj.com/articles/bayern-edges-psg-to-win-champions-league-title-11598221236", "title": "Bayern Edges PSG to Win Champions League Title", "date": "2020-08-23 18:20", "summary": "The German club shut down Paris Saint-Germain's explosive duo of Neymar and Kylian Mbapp\u00e9. The longest season in the history of European soccer was so long that Bayern Munich's players had time for two separate vacations. They played for two different managers and waited 13 months to finish it.", "categories": [["Sports", "Soccer"]], "category_links": ["https://www.wsj.com/news/sports?mod=breadcrumb", "https://www.wsj.com/news/types/soccer?mod=breadcrumb"]}, {"link": "https://www.wsj.com/articles/fda-to-authorize-convalescent-plasma-for-covid-19-use-11598207810", "title": "FDA Authorizes Convalescent Plasma for Covid-19 Use", "date": "2020-08-23 18:06", "summary": "The emergency-use authorization comes after preliminary studies supported the benefits of the antibody-rich plasma taken from recovered Covid-19 patients. The Food and Drug Administration authorized use of convalescent plasma, the antibody-rich blood component taken from recovered Covid-19 patients, for the treatment of serious coronavirus cases.", "categories": [["U.S."]], "category_links": ["https://www.wsj.com/news/us?mod=breadcrumb"]}, {"link": "https://www.wsj.com/articles/coronavirus-latest-news-08-23-2020-11598171599", "title": "New U.S. Coronavirus Cases Stay Below 50,000", "date": "2020-08-23 18:02", "summary": "FDA authorizes convalescent plasma for serious Covid-19 cases. New Covid-19 cases in the U.S. continued to drift lower Saturday, staying below 50,000 for the eighth consecutive day as the Food and Drug Administration authorized convalescent plasma as a treatment for serious coronavirus cases.", "categories": [["World"]], "category_links": ["https://www.wsj.com/news/world?mod=breadcrumb"]}, {"link": "https://www.wsj.com/articles/baseballs-weirdest-season-will-get-wackier-in-the-expanded-playoffs-11598184089", "title": "Baseball's Weirdest Season Will Get Wackier in Playoffs", "date": "2020-08-23 17:45", "summary": "A larger postseason field is a fundamental change that seems to go against the fabric of the sport and could lead to some strange-and unfair-outcomes. Major League Baseball has faced many problems in its attempt to stage a season amid the coronavirus pandemic. Significant outbreaks on the Miami Marlins and St. Louis Cardinals have resulted in postponed games and strengthened health protocols. Recent cases on the Cincinnati Reds and New York Mets have shown that even those changes might not be enough.", "categories": [["Sports", "MLB"]], "category_links": ["https://www.wsj.com/news/sports?mod=breadcrumb", "https://www.wsj.com/news/types/mlb?mod=breadcrumb"]}, {"link": "https://www.wsj.com/articles/trumps-second-term-opening-11598219016", "title": "Trump's Second-Term Opening", "date": "2020-08-23 17:43", "summary": "Democrats focused on character at their convention but ignored an agenda for workers.. Democrats nearly exhausted the flattering adjectives in Roget's Thesaurus last week as they described the kind of man Joe Biden is. Republicans can respond this week by laying out the kind of country America could be, if voters entrust them with another four years of leadership.", "categories": [["Opinion", "Review & Outlook"]], "category_links": ["https://www.wsj.com/news/opinion?mod=breadcrumb", "https://www.wsj.com/news/types/review-outlook-u-s?mod=breadcrumb"]}, {"link": "https://www.wsj.com/articles/the-phony-post-office-war-11598218913", "title": "The Phony Post Office War", "date": "2020-08-23 17:41", "summary": "Democrats are blaming the mailman for their own ballot blunders.. House Democrats on Saturday returned to Washington to continue their political theater over the non-scandal of the U.S. Postal Service and the election. Speaker Nancy Pelosi whooped through a bill handing the post office $25 billion in the name of getting a trustworthy result on Nov. 3.", "categories": [["Opinion", "Review & Outlook"]], "category_links": ["https://www.wsj.com/news/opinion?mod=breadcrumb", "https://www.wsj.com/news/types/review-outlook-u-s?mod=breadcrumb"]}, {"link": "https://www.wsj.com/articles/bidens-lockdown-mistake-11598218830", "title": "Biden's Lockdown Mistake", "date": "2020-08-23 17:40", "summary": "A President's job is to consider the national interest, not to default to experts who often disagree.. Now we know why his advisers have kept Joe Biden under wraps. Asked in an ABC interview airing Sunday night whether he'd be willing to shut down the economy again to head off a new wave of coronavirus infection, he replied: \"I would shut it down. I would listen to the scientists.\"", "categories": [["Opinion", "Review & Outlook"]], "category_links": ["https://www.wsj.com/news/opinion?mod=breadcrumb", "https://www.wsj.com/news/types/review-outlook-u-s?mod=breadcrumb"]}, {"link": "https://www.wsj.com/articles/a-union-education-in-chicago-11598218740", "title": "A Union Education in Chicago", "date": "2020-08-23 17:39", "summary": "The Chicago Teachers Union doesn't want Catholic schools to open for classroom teaching lest they embarrass public schools.. Catholic schools are reopening for classroom instruction in Chicago-that is, unless the teachers union can get the politicians to shut them down.", "categories": [["Opinion", "Review & Outlook"]], "category_links": ["https://www.wsj.com/news/opinion?mod=breadcrumb", "https://www.wsj.com/news/types/review-outlook-u-s?mod=breadcrumb"]}, {"link": "https://www.wsj.com/articles/white-house-dismisses-trump-sisters-criticisms-11598197622", "title": "White House Dismisses Trump Sister's Criticisms", "date": "2020-08-23 17:25", "summary": "In a recorded conversation made by president's niece Mary L. Trump, Maryanne Trump Barry says brother 'has no principles'. WASHINGTON-The White House dismissed as politically motivated recordings of President Trump's sister disparaging her brother's conduct and saying he lies and has no principles.", "categories": [["Politics", "Election 2020"]], "category_links": ["https://www.wsj.com/news/politics?mod=breadcrumb", "https://www.wsj.com/news/types/election-2020?mod=breadcrumb"]}, {"link": "https://www.wsj.com/articles/life-lessons-to-copy-and-paste-11598215275", "title": "Life Lessons to Copy and Paste", "date": "2020-08-23 16:41", "summary": "Silicon Valley's Larry Tesler made a career of chasing his passions to each next job.. We all owe a debt to Larry Tesler, who died in February at the age of 74. I meant to write about him in March but reality intervened. Tesler isn't generally considered one of the founding fathers of personal computing but he's certainly a contributing cousin, including features I guarantee you use every day. His story contains lessons galore-see if you can catch 'em all.", "categories": [["Opinion", "Inside View"]], "category_links": ["https://www.wsj.com/news/opinion?mod=breadcrumb", "https://www.wsj.com/news/types/inside-view?mod=breadcrumb"]}, {"link": "https://www.wsj.com/articles/bidens-cuba-policy-ignores-reality-11598215175", "title": "Biden's Cuba Policy Ignores Reality", "date": "2020-08-23 16:39", "summary": "Stephen Purvis's harrowing story shows how engaging with the regime works in practice.. \"The interrogations pluck me out of the never-ending routine of jail at random intervals. I am carried off down twisting and tortuous corridors and past padlocked doors with whimpering inmates to another parallel world. . . . the cheerful photo of Ra\u00fal smiling like a reluctant headmaster invites me to confess, or better still, denounce.\" -Stephen Purvis, \"Close But No Cigar\" (2017)", "categories": [["Opinion", "The Americas"]], "category_links": ["https://www.wsj.com/news/opinion?mod=breadcrumb", "https://www.wsj.com/news/types/the-americas?mod=breadcrumb"]}, {"link": "https://www.wsj.com/articles/these-candidates-are-not-available-in-stores-11598215090", "title": "These Candidates Are Not Available in Stores", "date": "2020-08-23 16:38", "summary": "The DNC resembled an infomercial. What will Republicans offer?. It's the 70th anniversary of TV's first infomercial. In 1950 the legendary Vitamix blender was promoted in an extended TV ad that became the mockable model for selling Ginsu knives, George Foreman Grills and, it turns out, presidential candidates in 2020.", "categories": [["Opinion", "Commentary"]], "category_links": ["https://www.wsj.com/news/opinion?mod=breadcrumb", "https://www.wsj.com/news/types/commentary-u-s?mod=breadcrumb"]}, {"link": "https://www.wsj.com/articles/oilcraft-review-that-old-black-magic-11598214998", "title": "'Oilcraft' Review: That Old Black Magic", "date": "2020-08-23 16:36", "summary": "How the myths of scarcity and security haunt U.S. energy policy and keep it tied to the puppet strings of the House of Saud.. If oil didn't exist, we'd invent it. That may sound like oil-company PR from the 1950s, but it's true: Petroleum's unique chemistry offers a combination of features-ease of storage and transport, safety, energy density-unmatched by any other energy form. Indeed, no alternative-energy project has yet come close to these attributes. That's why petroleum still fuels 95% of global transportation and is the world's biggest traded commodity-even now, during the Covid crisis.", "categories": [["Books & Arts", "Books", "Bookshelf"]], "category_links": ["https://www.wsj.com/news/books-arts?mod=breadcrumb", "https://www.wsj.com/news/books-arts/books?mod=breadcrumb", "https://www.wsj.com/news/types/bookshelf?mod=breadcrumb"]}, {"link": "https://www.wsj.com/articles/betting-on-better-drug-trials-to-beat-covid-19-11598214835", "title": "Betting on Better Drug Trials to Beat Covid-19", "date": "2020-08-23 16:33", "summary": "Studies are competing for too few patients. It's time to direct resources toward the most promising therapies.. The development of drugs to treat Covid-19 is moving at a remarkable pace. The use of steroids is a major advance that is reducing the risk of death in hospitalized patients. Novel drugs, including manufactured antibodies that mimic the body's immune response to the virus, are in late-stage development and could be available by the fall. There are about 750 drugs in screening studies (Phase II) or in large, definitive clinical trials (Phase III).", "categories": [["Opinion", "Commentary"]], "category_links": ["https://www.wsj.com/news/opinion?mod=breadcrumb", "https://www.wsj.com/news/types/commentary-u-s?mod=breadcrumb"]}, {"link": "https://www.wsj.com/articles/the-postal-service-and-the-2020-election-what-you-need-to-know-11597619119", "title": "The Postal Service and the 2020 Election: What You Need to Know", "date": "2020-08-23 15:28", "summary": "Coronavirus is expected to boost the mailing of ballots, but Democrats and Republicans are divided over how to fix the USPS. With more Americans expected to vote by mail this year because of fears of the new coronavirus, the U.S. Postal Service will play a central role in the presidential-election process.", "categories": [["U.S."]], "category_links": ["https://www.wsj.com/news/us?mod=breadcrumb"]}, {"link": "https://www.wsj.com/articles/california-wildfires-surpass-1-million-acres-11598210480", "title": "California Wildfires Surpass 1 Million Acres", "date": "2020-08-23 15:21", "summary": "A pair of massive blazes close to San Francisco are largely uncontained, and weather poses risk of growth. Thousands of firefighters in California are battling to contain massive wildfires that have burned more than 1 million acres in recent days, primarily around the state's population centers in the north.", "categories": [["U.S."]], "category_links": ["https://www.wsj.com/news/us?mod=breadcrumb"]}, {"link": "https://www.wsj.com/articles/companies-fret-as-vacation-days-go-unused-11598209200", "title": "Companies Fret as Vacation Days Go Unused", "date": "2020-08-23 15:00", "summary": "Most Popular News. Early in the pandemic Maestro Health noticed a troubling but common trend: Employees weren't taking vacation.", "categories": [[]], "category_links": []}, {"link": "https://www.wsj.com/articles/economy-week-ahead-housing-factories-fed-and-consumers-11598209201", "title": "Economy Week Ahead: Housing, Factories, Fed and Consumers", "date": "2020-08-23 15:00", "summary": "U.S. new-home sales are expected to post another increase in July. Consumer-spending figures for July cap a full week of U.S. data that will likely show the country's recovery from a coronavirus-induced recession is continuing, though possibly at a slower pace than in May or June.", "categories": [["Economy", "Economy Week Ahead"]], "category_links": ["https://www.wsj.com/news/economy?mod=breadcrumb", "https://www.wsj.com/news/types/economy-week-ahead?mod=breadcrumb"]}, {"link": "https://www.wsj.com/articles/few-signs-of-compromise-on-post-office-legislation-11598202315", "title": "Few Signs of Compromise on Post Office Legislation", "date": "2020-08-23 14:43", "summary": "White House chief of staff says Democrats' Saturday bill 'going absolutely nowhere'. Democrats and Republicans showed few signs of moving closer to a compromise Sunday on funding for the U.S. Postal Service, a day after the Democratic-led House passed legislation preventing cutbacks at least through January and providing an additional $25 billion to the agency.", "categories": [["Politics"]], "category_links": ["https://www.wsj.com/news/politics?mod=breadcrumb"]}, {"link": "https://www.wsj.com/articles/how-one-ceo-dealt-with-the-tiktok-taunts-of-gen-z-he-hired-them-11598205883", "title": "How One CEO Dealt With the TikTok Taunts of Gen Z: He Hired Them", "date": "2020-08-23 14:04", "summary": "Resume Subscription. After a horde of teens organized on social media to bash his company, Chris Hulls, the chief executive officer, took action.", "categories": [[]], "category_links": []}, {"link": "https://www.wsj.com/articles/new-york-city-faces-toughest-fiscal-crisis-since-the-1970s-11598205600", "title": "New York City Faces Toughest Fiscal Crisis Since the 1970s", "date": "2020-08-23 14:00", "summary": "Alarmed by the steep budget shortfall, the governor has asserted greater control over the board overseeing city finances. New York City faces a $9 billion deficit over the next two years, high levels of unemployment and the prospect of laying off 22,000 government workers if new revenue or savings aren't found in the coming weeks.", "categories": [["U.S.", "Politics"]], "category_links": ["https://www.wsj.com/news/us?mod=breadcrumb", "https://www.wsj.com/news/types/ny-politics?mod=breadcrumb"]}, {"link": "https://www.wsj.com/articles/protests-in-belarus-continue-in-hopes-of-forcing-new-election-11598202171", "title": "Protests in Belarus Continue in Hopes of Forcing New Election", "date": "2020-08-23 13:14", "summary": "Resume Subscription. MOSCOW-Tens of thousands of people gathered in the Belarusian capital of Minsk to protest the re-election of President Alexander Lukashenko and the fierce crackdown that followed the disputed presidential vote as the country's defense ministry warned that disorder in the city wouldn't be tolerated.", "categories": [[]], "category_links": []}, {"link": "https://www.wsj.com/articles/kremlin-critics-illness-latest-blow-to-russias-struggling-opposition-11598202077", "title": "Navalny's Illness Latest Blow to Russia's Struggling Opposition", "date": "2020-08-23 13:01", "summary": "The sidelining of the Kremlin critic highlights the precarious state of the opposition after years of marginalization. MOSCOW-The sudden and mysterious illness that left Kremlin critic Alexei Navalny in a coma has delivered a blow to Russia's political opposition, throwing into question its future at a time when the Kremlin has stepped up its efforts to stamp out dissent.", "categories": [["World"]], "category_links": ["https://www.wsj.com/news/world?mod=breadcrumb"]}, {"link": "https://www.wsj.com/articles/the-median-s-p-stock-has-never-been-more-expensive-11598202000", "title": "The Median S&P Stock Has Never Been More Expensive", "date": "2020-08-23 13:00", "summary": "The S&P's latest record has reignited a longstanding debate about how much attention investors should pay to valuations. The record close that the S&P 500 hit last Tuesday, its first since February, has reignited the longstanding debate over whether high valuations are setting stocks up for a fall.", "categories": [["Markets", "Stocks"]], "category_links": ["https://www.wsj.com/news/markets?mod=breadcrumb", "https://www.wsj.com/news/markets/stocks?mod=breadcrumb"]}, {"link": "https://www.wsj.com/articles/why-california-keeps-having-blackouts-11598198401", "title": "Why California Keeps Having Blackouts", "date": "2020-08-23 12:00", "summary": "Much like two decades ago, when it faced rolling blackouts, the Golden State has to buy sizable volumes of electricity on the spot market-this time as solar power fades out. ", "categories": [["Business"]], "category_links": ["https://www.wsj.com/news/business?mod=breadcrumb"]}, {"link": "https://www.wsj.com/articles/after-trump-a-different-gop-11598197856", "title": "After Trump, a Different GOP", "date": "2020-08-23 11:50", "summary": "Win or lose, the party won't return to the old orthodoxy. Populist ideas have put down deep roots.. Many Beltway Republicans, not to mention Democrats, are eager to move past the Trump era and return to \"regular order.\" Democrats are measuring the drapes in the Oval Office, with a confident air reminiscent of Hillary Clinton four years ago. Yet it would be foolish to count President Trump out-or assume that if he loses, he won't leave a mark on his party. Whether Mr. Trump leaves office next year or in 2025, Republican voters will likely continue their push for populist policies rather than revert to traditional conservative orthodoxy on issues like trade, immigration and foreign policy.", "categories": [["Opinion", "Commentary"]], "category_links": ["https://www.wsj.com/news/opinion?mod=breadcrumb", "https://www.wsj.com/news/types/commentary-u-s?mod=breadcrumb"]}, {"link": "https://www.wsj.com/articles/belarus-has-finally-had-enough-of-the-last-dictator-in-europe-11598197794", "title": "Belarus Has Finally Had Enough of the 'Last Dictator in Europe'", "date": "2020-08-23 11:49", "summary": "Demonstrators aren't pushing for closer ties with the EU. They simply want free and fair elections.. On the streets of Minsk, the capital of Belarus, there have been weeks of protests against Alexander Lukashenko, sometimes called the \"last dictator in Europe.\" Sparked by his obvious attempt to falsify an election and undercut any opposition to his 26-year rule, the protests have expanded to sporadic strikes and unprecedented calls for Mr. Lukashenko's removal. While Belarus today appears to be undergoing an awakening similar to Ukraine's 2014 Maidan protests, it is highly uncertain if this outpouring of discontent can oust the dictator from his post. This can only happen if the West recognizes the situation's differences from the Ukrainian upheaval and applies pressure accordingly.", "categories": [["Opinion", "Commentary"]], "category_links": ["https://www.wsj.com/news/opinion?mod=breadcrumb", "https://www.wsj.com/news/types/commentary-u-s?mod=breadcrumb"]}, {"link": "https://www.wsj.com/articles/the-u-k-responds-on-bilateral-trade-talks-11598197179", "title": "The U.K. Responds on Bilateral Trade Talks", "date": "2020-08-23 11:39", "summary": "We, and the U.S., remain committed to an ambitious agreement. This involves complex, wide-ranging issues.. Regarding your editorial \"Where Is the U.S.-U.K. Trade Deal?\" (Aug. 13): We, and the U.S., remain committed to an ambitious agreement. This involves complex, wide-ranging issues. Covid-19 means we are negotiating virtually. But over three rounds, and 30 sessions in between, we have exchanged text in areas including intellectual property and rules of origin, and reached broad agreement on a small and medium-sized enterprises chapter, which will benefit the businesses at the heart of our communities.", "categories": [["Opinion", "Letters"]], "category_links": ["https://www.wsj.com/news/opinion?mod=breadcrumb", "https://www.wsj.com/news/types/letters?mod=breadcrumb"]}, {"link": "https://www.wsj.com/articles/lai-arrest-has-nothing-to-do-with-the-press-11598197076", "title": "Lai Arrest Has Nothing to Do With the Press", "date": "2020-08-23 11:37", "summary": "To suggest that the arrests represented a \"warning to local and international media in Hong Kong to shut up about freedom\" is simply wrong.. Your editorial \"Jimmy Lai is Arrested in Hong Kong\" (Aug. 11) incorrectly links the arrest of Mr. Lai with a completely unrelated issue of press freedom in Hong Kong. In carrying out the operation on Aug. 10, the police clearly stated that the individuals concerned were arrested for suspected collusion with a foreign country or with external elements to endanger national security-a contravention of Article 29 of the National Security Law-and conspiracy to defraud.", "categories": [["Opinion", "Letters"]], "category_links": ["https://www.wsj.com/news/opinion?mod=breadcrumb", "https://www.wsj.com/news/types/letters?mod=breadcrumb"]}, {"link": "https://www.wsj.com/articles/stumbling-into-the-coronavirus-pandemic-11598197014", "title": "Stumbling Into the Coronavirus Pandemic", "date": "2020-08-23 11:36", "summary": "Public health is as much about engineering as it is medicine.. With regard to \"The Covid Storm: A Pandemic Was Inevitable. Why Was No One Ready?\" (Page One, Aug. 14), public health is as much about engineering as it is medicine. With this in mind, I have the following questions:", "categories": [["Opinion", "Letters"]], "category_links": ["https://www.wsj.com/news/opinion?mod=breadcrumb", "https://www.wsj.com/news/types/letters?mod=breadcrumb"]}, {"link": "https://www.wsj.com/articles/in-portland-the-law-abiding-have-no-voice-11598196930", "title": "In Portland, the Law-Abiding Have No Voice", "date": "2020-08-23 11:35", "summary": "I can assure you that there may have been mothers and veterans during the peaceful protests, but now it is full-fledged antifa and anarchists late at night who are intent on wearing down the police and destroying our city.. Regarding Michael Tracey's \"Kamala Harris and the Anarchists\" (op-ed, Aug. 20): As a resident of the once beautiful city of Portland, Ore., I can assure you that there may have been mothers and veterans during the peaceful protests, but now it is full-fledged antifa and anarchists late at night who are intent on wearing down the police and destroying our city. One recent night 60 calls to 911 went unanswered by the police because of the rioters.", "categories": [["Opinion", "Letters"]], "category_links": ["https://www.wsj.com/news/opinion?mod=breadcrumb", "https://www.wsj.com/news/types/letters?mod=breadcrumb"]}, {"link": "https://www.wsj.com/articles/prisoner-covid-numbers-dont-support-aclus-case-11598196824", "title": "Prisoner Covid Numbers Don't Support ACLU's Case", "date": "2020-08-23 11:33", "summary": "The ACLU's Cynthia Roseberry cites 93,600 inmates have tested positive, with 790 deaths. My math makes that a 0.84% death rate.. The ACLU's Cynthia Roseberry's response (Letters, Aug. 11) to Sean Kennedy's \"You're More Likely to Catch Covid at Home Than in Jail\" (op-ed, July 25) is disingenuous. She says 93,600 inmates have tested positive, with 790 deaths. My math makes that a 0.84% death rate. The state of Washington has 63,072 cases and 1,688 deaths, which is a 2.67% death rate. My state is at 1.8%. Those statistics don't indicate that being incarcerated is less safe.", "categories": [["Opinion", "Letters"]], "category_links": ["https://www.wsj.com/news/opinion?mod=breadcrumb", "https://www.wsj.com/news/types/letters?mod=breadcrumb"]}, {"link": "https://www.wsj.com/articles/spain-caught-off-guard-by-resurgent-coronavirus-11598194801", "title": "Spain Caught Off Guard by Resurgent Coronavirus", "date": "2020-08-23 11:00", "summary": "Resume Subscription. ZARAGOZA, Spain-When Jos\u00e9 Ignacio Barrasa saw the number of Covid-19 patients in his hospital rise to levels last seen in the spring, he resorted to a tactic European countries thought they had put behind them: He asked the Spanish military to build an emergency field hospital.", "categories": [[]], "category_links": []}, {"link": "https://www.wsj.com/articles/tropical-storm-marco-in-gulf-aiming-at-louisiana-tropical-storm-laura-also-on-way-11598194083", "title": "Tropical Storms Marco and Laura Head Toward Louisiana", "date": "2020-08-23 10:48", "summary": "Hurricane watch issued for New Orleans as Haiti, Dominican Republic are battered. PORT-AU-PRINCE, Haiti-Tropical Storm Marco is swirling over the Gulf of Mexico heading for a possible hit on the Louisiana coast as a hurricane, while Tropical Storm Laura knocked utilities out as it battered Hispaniola early Sunday, following a track forecast to take it to the same part of the U.S. coast, also as a hurricane.", "categories": [["U.S."]], "category_links": ["https://www.wsj.com/news/us?mod=breadcrumb"]}, {"link": "https://www.wsj.com/articles/nypd-budget-cuts-put-crime-scene-investigations-at-risk-union-says-11598191200", "title": "NYPD Budget Cuts Put Crime-Scene Investigations at Risk, Union Says", "date": "2020-08-23 10:00", "summary": "Department has put tow-truck operators who lack proper training in charge of removing vehicles from accidents and crime scenes, union officials say. The New York Police Department has begun ordering hundreds of civilian staffers to tow vehicles from crime scenes and accidents without first providing proper training and safety equipment.", "categories": [["U.S.", "Crime"]], "category_links": ["https://www.wsj.com/news/us?mod=breadcrumb", "https://www.wsj.com/news/types/ny-crime?mod=breadcrumb"]}, {"link": "https://www.wsj.com/articles/coronavirus-lifts-government-debt-to-wwii-levelscutting-it-wont-be-easy-11598191201", "title": "Coronavirus Lifts Government Debt to WWII Levels-Cutting It Won't Be Easy", "date": "2020-08-23 10:00", "summary": "Advanced economies no longer benefit from rapid economic and population growth of postwar period. As countries world-wide boost spending to battle the new coronavirus, government debt has soared to levels not seen since World War II.", "categories": [["Economy", "The Outlook"]], "category_links": ["https://www.wsj.com/news/economy?mod=breadcrumb", "https://www.wsj.com/news/types/the-outlook?mod=breadcrumb"]}, {"link": "https://www.wsj.com/articles/joe-biden-would-likely-use-a-familiar-toolexecutive-powersto-reverse-trump-immigration-policies-11598108400", "title": "Biden Would Likely Use Executive Powers to Reverse Trump Immigration Policies", "date": "2020-08-23 09:21", "summary": "The Democratic candidate has said he also would end some enforcement measures that predate President Trump. WASHINGTON-President Trump has used his executive-branch authority to remake nearly every facet of the U.S. immigration system. If Democratic presidential candidate Joe Biden is elected in November, he is expected to use many of those same levers to undo Mr. Trump's changes and even end some immigration enforcement measures that have been in place for decades.", "categories": [["Politics", "Election 2020"]], "category_links": ["https://www.wsj.com/news/politics?mod=breadcrumb", "https://www.wsj.com/news/types/election-2020?mod=breadcrumb"]}, {"link": "https://www.wsj.com/articles/she-left-an-ad-agency-to-launch-a-hard-seltzer-with-a-west-texas-tang-11598187600", "title": "She Left an Ad Agency to Launch a Hard Seltzer With a Texas Tang", "date": "2020-08-23 09:00", "summary": "Turning to her roots, Katie Beal Brown found a horde of buyers for a drink inspired by an area favorite, ranch water. Tequila. Fresh lime juice. A splash of soda water. The inspiration for Katie Beal Brown's career change was simple, but the journey had more of a twist. Ms. Brown-paying homage to ranch water, a classic cocktail from her home state-devised a bottled hard seltzer version that became a hit.", "categories": [["Life & Work", "Career Reboot"]], "category_links": ["https://www.wsj.com/news/life-work?mod=breadcrumb", "https://www.wsj.com/news/types/career-reboot?mod=breadcrumb"]}, {"link": "https://www.wsj.com/articles/shareholders-feel-muted-as-companies-switch-to-virtual-annual-meetings-11598187600", "title": "Shareholders Feel Muted as Companies Switch to Virtual Annual Meetings", "date": "2020-08-23 09:00", "summary": "Remote events have been shorter and allocated less time to shareholder questions, study finds. Companies are finding virtual shareholder meetings to be cheaper and less time-consuming, but shareholders complain they don't get as much time to ask their questions.", "categories": [["CFO Journal"]], "category_links": ["https://www.wsj.com/news/types/cfo-journal?mod=breadcrumb"]}, {"link": "https://www.wsj.com/articles/how-to-save-money-on-streaming-video-services-11598187601", "title": "How to Save Money on Streaming Video Services", "date": "2020-08-23 09:00", "summary": "From Hulu and Netflix to Disney+ and HBO Max, video streaming has never been more plentiful or more confusing. Here's how to build your own entertainment bundle, without breaking the bank.. At the height of the \"Hamilton\" craze, tickets to the musical cost hundreds, sometimes thousands, of dollars. It was the hottest, most expensive show on Broadway, and I knew all the lyrics before ever seeing it. So after Disney+ announced the movie version would be streaming in July to subscribers who pay just $7 a month, I raced to sign up on its debut weekend.", "categories": [["Tech", "Personal Tech", "Personal Technology: Nicole Nguyen"]], "category_links": ["https://www.wsj.com/news/technology?mod=breadcrumb", "https://www.wsj.com/news/types/personal-technology-joanna-stern?mod=breadcrumb", "https://www.wsj.com/news/types/personal-technology-nicole-nguyen?mod=breadcrumb"]}, {"link": "https://www.wsj.com/articles/gop-seeks-to-match-democrats-in-mail-in-vote-applications-amid-trump-criticism-11598101200", "title": "Republicans Seek to Match Democrats in Mail-In Voting Applications", "date": "2020-08-23 08:27", "summary": "Nearly a quarter of 2016 general-election votes were by mail; coronavirus fear is expected to boost number to unprecedented levels this year. Republicans are playing catch-up with Democrats to boost the number of their voters requesting mail-in ballots in key states, an effort that is complicated by President Trump's criticism of all-mail voting.", "categories": [["Politics", "Election 2020"]], "category_links": ["https://www.wsj.com/news/politics?mod=breadcrumb", "https://www.wsj.com/news/types/election-2020?mod=breadcrumb"]}, {"link": "https://www.wsj.com/articles/while-working-remotely-heres-how-to-get-noticedand-promoted-11598184001", "title": "While Working Remotely, Here's How to Get Noticed-and Promoted", "date": "2020-08-23 08:00", "summary": "With millions of people working from home during the pandemic, it's time for strategies to keep your career on track and not be overlooked. Ditching your commute and working in your pajamas is nice. But is remote work hindering your career?", "categories": [["Life & Work", "Work & Life"]], "category_links": ["https://www.wsj.com/news/life-work?mod=breadcrumb", "https://www.wsj.com/news/types/work-life?mod=breadcrumb"]}, {"link": "https://www.wsj.com/articles/trump-trails-biden-but-polls-show-the-president-has-some-strengths-11598184000", "title": "Trump Trails Biden, but Polls Show the President Has Some Strengths", "date": "2020-08-23 08:00", "summary": "Trump's image has improved among white voters, and Republicans are growing more interested in the election. President Trump heads into this week's Republican National Convention with national polls showing him trailing in his race for re-election. But surveys also identify strengths in his political standing, some of them not widely noted, that could help him close the gap by Election Day.", "categories": [["Politics", "Election 2020"]], "category_links": ["https://www.wsj.com/news/politics?mod=breadcrumb", "https://www.wsj.com/news/types/election-2020?mod=breadcrumb"]}, {"link": "https://www.wsj.com/articles/facing-a-profitability-crisis-europes-banks-rush-to-restructure-11598184000", "title": "Europe's Banks Rush to Restructure", "date": "2020-08-23 08:00", "summary": "Coronavirus accelerates implementation of plans to address years of underperformance. At beleaguered European banks, the coronavirus pandemic is fast-tracking plans for fundamental restructuring after years of poor performance.", "categories": [["Markets", "Finance"]], "category_links": ["https://www.wsj.com/news/markets?mod=breadcrumb", "https://www.wsj.com/news/types/finance?mod=breadcrumb"]}, {"link": "https://www.wsj.com/articles/photos-of-the-week-aug-17-23-2020-11598180400", "title": "Photos of the Week", "date": "2020-08-23 07:00", "summary": "Democrats nominate Joe Biden, wildfires tear across California, Mali soldiers force President Keita to resign and more. 'We're married. I want to be with her. She took care of me for 70 years, and now it's my turn,' says Jack Eccles. When nursing homes began barring visitors to keep the coronavirus out, Mr. Eccles, who is 93, decided to move in. Hillcrest Convalescent Center in Durham, N.C., agreed to rent him a single room in its assisted-living area so that he could care for his wife, Gerry, who is 91 and suffers from Alzheimer's disease. Read more.", "categories": [["World"]], "category_links": ["https://www.wsj.com/news/world?mod=breadcrumb"]}, {"link": "https://www.wsj.com/articles/etf-boom-fuels-golds-sharp-rise-11598175001", "title": "ETF Boom Fuels Gold's Sharp Rise", "date": "2020-08-23 05:30", "summary": "Surge in precious-metals prices this year comes alongside rising exchange-traded-fund purchases and increased volatility. The 2020 gold rush in markets is starting to unnerve even some longtime fans of precious metals.", "categories": [["Markets", "Commodities"]], "category_links": ["https://www.wsj.com/news/markets?mod=breadcrumb", "https://www.wsj.com/market-data/commodities?mod=breadcrumb"]}, {"link": "https://www.wsj.com/articles/austin-produced-willie-nelson-and-others-can-its-music-scene-survive-covid-19-11598175000", "title": "Can Austin's Music Scene Survive Covid-19?", "date": "2020-08-23 05:30", "summary": "Resume Subscription. AUSTIN, Texas-Music fans travel from all over the world to Austin to catch a live band any night of the week while having a beer and taco on the patio of a club.", "categories": [[]], "category_links": []}, {"link": "https://www.wsj.com/articles/antibody-drugs-advancing-to-fill-covid-19-treatment-gap-11598175001", "title": "Antibody Drugs Aim to Fill Covid-19 Treatment Gap", "date": "2020-08-23 05:30", "summary": "Companies including Regeneron and Eli Lilly are testing drugs to help protect people infected with the virus from developing serious cases. A kind of drug that takes a page from a body's natural antibody defenses may be able to give many people early protection against the coronavirus, ahead of vaccines.", "categories": [["Business", "Health Care", "Health"]], "category_links": ["https://www.wsj.com/news/business?mod=breadcrumb", "https://www.wsj.com/news/business/health-industry?mod=breadcrumb", "https://www.wsj.com/news/types/health?mod=breadcrumb"]}, {"link": "https://www.wsj.com/articles/many-companies-planned-to-reopen-offices-after-labor-day-with-coronavirus-still-around-theyre-rethinking-that-11598175001", "title": "Many Companies Postpone Office Reopening Plans", "date": "2020-08-23 05:30", "summary": "Most Popular News. This summer, executives at health-care-technology firm Epic Systems announced a plan: Most of the 9,500 employees at its 1,000-acre campus in Wisconsin would be expected back in the office in September.", "categories": [[]], "category_links": []}, {"link": "https://www.wsj.com/articles/two-tropical-storms-pose-double-threat-to-u-s-gulf-coast-11598116937", "title": "Two Tropical Storms Pose Double Threat to U.S. Gulf Coast", "date": "2020-08-23 23:39", "summary": "Laura and Marco are both projected to approach Louisiana at or close to hurricane force. SAN JUAN, Puerto Rico-Two tropical storms advanced across the Caribbean Saturday as potentially historic threats to the U.S. Gulf Coast, one dumping rain on Puerto Rico and the Virgin Islands while the other was pushing through the gap between Mexico's Yucat\u00e1n Peninsula and Cuba.", "categories": [["U.S."]], "category_links": ["https://www.wsj.com/news/us?mod=breadcrumb"]}, {"link": "https://www.wsj.com/articles/even-with-a-strong-crop-this-year-u-s-farmers-are-suffering-11598088601", "title": "Even With a Strong Crop This Year, U.S. Farmers Are Suffering", "date": "2020-08-23 21:43", "summary": "Many Midwestern states are recording abundant crop yields, but the economic picture for U.S. farmers remains fragile. Following a growing season last year filled with battering rainfall and bitter trade wars, U.S. farmers hoped 2020 would provide them an opportunity to make up some ground. Instead, the situation has grown worse for many as prices remain depressed.", "categories": [["Markets", "Commodities"]], "category_links": ["https://www.wsj.com/news/markets?mod=breadcrumb", "https://www.wsj.com/market-data/commodities?mod=breadcrumb"]}, {"link": "https://www.wsj.com/articles/house-passes-emergency-funding-to-halt-immigration-agency-cuts-11598141852", "title": "House Passes Emergency Bill to Halt Immigration-Agency Cuts", "date": "2020-08-23 21:02", "summary": "U.S. Citizenship and Immigration Services is set to furlough 70% of its employees at end of August. The House on Saturday unanimously passed a bill to provide emergency funding to U.S. Citizenship and Immigration Services, the primary agency running the nation's immigration system that is set to furlough roughly two-thirds of its employees at the end of this month.", "categories": [["U.S."]], "category_links": ["https://www.wsj.com/news/us?mod=breadcrumb"]}, {"link": "https://www.wsj.com/articles/house-set-to-vote-on-bill-barring-postal-service-cuts-11598088602", "title": "House Passes Bill Bolstering Postal Service With $25 Billion", "date": "2020-08-23 20:48", "summary": "Senate majority leader won't bring up measure that would prevent cutbacks through at least January 2021. The Democratic-led House on Saturday passed legislation preventing U.S. Postal Service cutbacks at least through January and providing it with $25 billion in additional funding, reflecting Democrats' concerns that delivery delays affecting basic mail service would spill over into an election being held during the coronavirus pandemic.", "categories": [["Politics", "Election 2020"]], "category_links": ["https://www.wsj.com/news/politics?mod=breadcrumb", "https://www.wsj.com/news/types/election-2020?mod=breadcrumb"]}, {"link": "https://www.wsj.com/articles/tiktok-plans-to-challenge-president-trumps-executive-order-11598140583", "title": "TikTok Plans to Challenge President Trump's Executive Order", "date": "2020-08-23 20:07", "summary": "The planned lawsuit represents TikTok's most public pushback yet to the series of U.S. government actions. TikTok plans to challenge President Trump's executive order that would effectively ban the popular short-video app from the U.S. if it doesn't quickly find an American buyer, setting up a high-profile showdown with the U.S. government.", "categories": [["Tech"]], "category_links": ["https://www.wsj.com/news/technology?mod=breadcrumb"]}]