[{"link": "https://www.wsj.com/articles/astrazeneca-defends-dosing-error-in-covid-19-vaccine-trial-11606358805", "title": "AstraZeneca Defends Dosing Error in Covid-19 Vaccine Trial", "date": "2020-11-25 21:46", "summary": "The company says its vaccine will meet regulatory approval thresholds despite snafu. A top executive at AstraZeneca PLC pushed back on Wednesday against criticism that the company failed to disclose enough data from a clinical trial of its Covid-19 vaccine earlier this week, and acknowledged skepticism about the vaccine's 90% effectiveness in a group of patients who were accidentally given a lower dose than intended.", "categories": [["Business", "Health Care", "Health"]], "category_links": ["https://www.wsj.com/news/business?mod=breadcrumb", "https://www.wsj.com/news/business/health-industry?mod=breadcrumb", "https://www.wsj.com/news/types/health?mod=breadcrumb"]}, {"link": "https://www.wsj.com/articles/joe-biden-kamala-harris-to-get-full-intelligence-briefings-starting-monday-11606334467", "title": "Biden, Harris to Get Full Intelligence Briefings Starting Monday", "date": "2020-11-25 20:40", "summary": "President-elect will start receiving president's daily brief as his team focuses on handling coronavirus pandemic. WASHINGTON-President-elect Joe Biden is expected to receive the president's daily intelligence brief starting Monday and is putting a particular emphasis on preparing to deal with the coronavirus pandemic, his transition team said.", "categories": [["Politics"]], "category_links": ["https://www.wsj.com/news/politics?mod=breadcrumb"]}, {"link": "https://www.wsj.com/articles/james-d-wolfensohn-former-world-bank-chief-dies-at-age-86-11606351164", "title": "James D. Wolfensohn, Ex-World Bank Chief, Dies at Age 86", "date": "2020-11-25 20:05", "summary": "Australian-born investment banker helped rescue Chrysler and played the cello with Yo-Yo Ma. James D. Wolfensohn, an Australian-born investment banker who helped arrange a bailout of Chrysler Corp. in 1980 and was president of the World Bank for a decade starting in 1995, died early Wednesday at his home in Manhattan.", "categories": [["World", "Obituaries"]], "category_links": ["https://www.wsj.com/news/world?mod=breadcrumb", "https://www.wsj.com/news/types/obituaries?mod=breadcrumb"]}, {"link": "https://www.wsj.com/articles/pebble-mine-proposal-in-alaska-rejected-over-environmental-concerns-11606327066", "title": "Army Corps Rejects Huge Alaskan Mine Project", "date": "2020-11-25 20:04", "summary": "Move likely ends the possibility of a massive gold and copper operation in pristine wilderness. WASHINGTON-The Army Corps of Engineers rejected environmental permits for the massive Pebble Mine in Alaska, a likely death blow for plans to excavate hundreds of billions of dollars worth of gold and copper in a pristine wilderness.", "categories": [["Politics"]], "category_links": ["https://www.wsj.com/news/politics?mod=breadcrumb"]}, {"link": "https://www.wsj.com/articles/cia-officer-is-killed-in-fighting-in-somalia-11606352304", "title": "CIA Officer Is Killed in Fighting in Somalia", "date": "2020-11-25 19:58", "summary": "Death comes as Trump considers moving U.S. troops out of Somalia; no details from CIA on how or when officer died. WASHINGTON-A CIA officer was killed recently in combat in Somalia, according to current and former U.S. officials, his death coming as the Trump administration debates a plan to move hundreds of troops out of the country and reposition them in neighboring countries.", "categories": [["U.S."]], "category_links": ["https://www.wsj.com/news/us?mod=breadcrumb"]}, {"link": "https://www.wsj.com/articles/hindu-nationalists-crazy-crackdown-on-love-jihad-11606349657", "title": "Hindu Nationalists' Crazy Crackdown on 'Love Jihad'", "date": "2020-11-25 19:14", "summary": "Converts will need special permission to marry someone of a different religious background.. The pandemic is raging in India, economic growth is cratering, and Chinese troops are squatting on land India also claims-and the ruling Bharatiya Janata Party has odd priorities. It is determined to fight \"Love Jihad,\" embracing a conspiracy theory that views Muslim men marrying Hindu women as an act of religious warfare.", "categories": [["Opinion", "East is East"]], "category_links": ["https://www.wsj.com/news/opinion?mod=breadcrumb", "https://www.wsj.com/news/types/east-is-east?mod=breadcrumb"]}, {"link": "https://www.wsj.com/articles/blessings-in-a-hard-year-11606349509", "title": "Blessings in a Hard Year", "date": "2020-11-25 19:11", "summary": "Among the unexpected gifts of 2020 is a newfound appreciation for people who keep America running.. It's been a fairly gruesome year-pandemic, lockdowns, economic woe, death and illness. We've done a column in past years asking friends and acquaintances what they're thankful for. This year we emailed a dozen people whom we respect and who know a lot, asking what they'd seen, experienced or realized this annus horribilis that left them moved or grateful. It could be personal or galactic in scope, concrete or abstract, but not political, and it had to be particular to this year.", "categories": [["Opinion", "Declarations"]], "category_links": ["https://www.wsj.com/news/opinion?mod=breadcrumb", "https://www.wsj.com/news/types/declarations?mod=breadcrumb"]}, {"link": "https://www.wsj.com/articles/justice-for-michael-flynn-11606349462", "title": "Justice for Michael Flynn", "date": "2020-11-25 19:11", "summary": "Trump's pardon for his onetime national security adviser rights a grievous wrong.. Chief Justice John Marshall once described the presidential pardon as \"an act of grace.\" In the case of Mike Flynn, Donald Trump's pardon was something more. It was a requirement of justice.", "categories": [["Opinion", "Potomac Watch"]], "category_links": ["https://www.wsj.com/news/opinion?mod=breadcrumb", "https://www.wsj.com/news/types/potomac-watch?mod=breadcrumb"]}, {"link": "https://www.wsj.com/articles/a-progressive-assault-on-selective-high-schools-11606349353", "title": "A Progressive Assault on Selective High Schools", "date": "2020-11-25 19:09", "summary": "Instead of fixing public education, the left tries to end testing at schools it deems inequitable.. Virginia Attorney General Mark Herring has fired the latest salvo in America's assault on meritocracy: a 61-page opinion holding that the suburban Loudoun County school system discriminated against black and Hispanic youngsters because its selective-admission high school, the Academies of Loudon, hadn't admitted enough of them. Never mind that-as Mr. Herring acknowledged-the school's test-based admissions process is open to all and fairly managed. Because its results have a \"disparate impact,\" the school system must scrap it.", "categories": [["Opinion", "Commentary"]], "category_links": ["https://www.wsj.com/news/opinion?mod=breadcrumb", "https://www.wsj.com/news/types/commentary-u-s?mod=breadcrumb"]}, {"link": "https://www.wsj.com/articles/covid-lockdown-at-the-north-pole-11606349305", "title": "Covid Lockdown at the North Pole", "date": "2020-11-25 19:08", "summary": "I met Santa once in a Wisconsin hotel. Now kids won't be able to find him at Macy's.. I can see him now, sitting by himself in the cramped but clean breakfast buffet area of a roadside hotel near the Fox River in eastern Wisconsin. Baggy red trousers with suspenders, full white beard, big belly, he would sometimes read the morning paper, sometimes glance at the television set bolted to the wall above the miniboxes of cereal.", "categories": [["Opinion", "Commentary"]], "category_links": ["https://www.wsj.com/news/opinion?mod=breadcrumb", "https://www.wsj.com/news/types/commentary-u-s?mod=breadcrumb"]}, {"link": "https://www.wsj.com/articles/gm-drives-in-political-reverse-11606348737", "title": "GM Drives in Political Reverse", "date": "2020-11-25 18:59", "summary": "Mary Barra drops support for a Trump suit against California.. CEOs are offering alms to win favor with their future federal regulators. This week's aim-to-please prize goes to CEO Mary Barra, who pulled the plug on GM's support for the Trump Administration in its legal challenge to California's electric car mandate.", "categories": [["Opinion", "Review & Outlook"]], "category_links": ["https://www.wsj.com/news/opinion?mod=breadcrumb", "https://www.wsj.com/news/types/review-outlook-u-s?mod=breadcrumb"]}, {"link": "https://www.wsj.com/articles/a-pardon-for-general-flynn-11606348768", "title": "A Pardon for General Flynn", "date": "2020-11-25 18:59", "summary": "Finally an end to a disgraceful case of politicized prosecution.. President Trump's decision Wednesday to pardon former national security adviser Michael Flynn is an overdue act of justice that ends four years of political harassment, unjustified prosecution and judicial abuse. If it sounds like we feel strongly about this one, you're right.", "categories": [["Opinion", "Review & Outlook"]], "category_links": ["https://www.wsj.com/news/opinion?mod=breadcrumb", "https://www.wsj.com/news/types/review-outlook-u-s?mod=breadcrumb"]}, {"link": "https://www.wsj.com/articles/swashbuckler-swordplay-on-film-hits-100-from-mark-of-zorro-to-pirates-of-the-caribbean-11606347505", "title": "'Swashbuckler': Swordplay on Film Hits the Hundred-Year Mark", "date": "2020-11-25 18:38", "summary": "The genre of romantic swashbuckling movies began with Douglas Fairbanks in 1920, but the term was once meant as an insult to violent braggarts. Linguist and lexicographer Ben Zimmer analyzes the origins of words in the news. Read previous columns here.", "categories": [["Life & Work", "Ideas", "Word on the Street"]], "category_links": ["https://www.wsj.com/news/life-work?mod=breadcrumb", "https://www.wsj.com/news/life-work/ideas?mod=breadcrumb", "https://www.wsj.com/news/types/word-on-the-street?mod=breadcrumb"]}, {"link": "https://www.wsj.com/articles/facebooks-latest-error-shakes-advertisers-confidence-11606346927", "title": "Facebook's Latest Error Shakes Advertisers' Confidence", "date": "2020-11-25 18:28", "summary": "Company quietly told advertisers earlier this month that its 'conversion lift' tool, used to measure outcomes, overestimated some campaign results. Facebook Inc. is offering millions of dollars in credits to some advertisers after discovering a glitch in a tool that tells advertisers how effective their ads may be in driving results, such as getting consumers to download an app or purchase a product.", "categories": [["CMO Today"]], "category_links": ["https://www.wsj.com/news/types/cmo-today?mod=breadcrumb"]}, {"link": "https://www.wsj.com/articles/weekly-jobless-claims-coronavirus-11-25-2020-11606249439", "title": "U.S. Unemployment Claims Rose to 778,000 Last Week", "date": "2020-11-25 18:25", "summary": "Worker filings for jobless benefits are down sharply from a peak of nearly seven million in late March. Jobless claims rose for the second straight week, to 778,000, a sign the nationwide surge in virus cases was starting to weigh on the labor-market recovery.", "categories": [["Economy", "U.S. Economy"]], "category_links": ["https://www.wsj.com/news/economy?mod=breadcrumb", "https://www.wsj.com/news/types/u-s-economy?mod=breadcrumb"]}, {"link": "https://www.wsj.com/articles/ahead-of-black-friday-retailers-race-to-navigate-surge-in-covid-19-cases-11606313124", "title": "Ahead of Black Friday, Retailers Brace for an Exceptional Holiday Season", "date": "2020-11-25 18:22", "summary": "While sales are expected to rise, companies remain worried about restrictions meant to slow coronavirus infections. Retailers are bracing for an unprecedented holiday shopping season, starting with the annual Black Friday ritual, set against the backdrop of a still-raging pandemic.", "categories": [["Business"]], "category_links": ["https://www.wsj.com/news/business?mod=breadcrumb"]}, {"link": "https://www.wsj.com/articles/consumer-spending-personal-income-coronavirus-october-2020-11606261923", "title": "U.S. Consumer Spending Grows for Sixth Straight Month", "date": "2020-11-25 18:16", "summary": "Consumer spending rose 0.5% in October while household income fell sharply. The U.S. economy is recovering at a sturdy but slowing pace heading into the holidays.", "categories": [["Economy", "U.S. Economy"]], "category_links": ["https://www.wsj.com/news/economy?mod=breadcrumb", "https://www.wsj.com/news/types/u-s-economy?mod=breadcrumb"]}, {"link": "https://www.wsj.com/articles/recent-grads-and-current-students-offer-early-career-advice-11606256482", "title": "Career Advice from Recent Grads and Current Students", "date": "2020-11-25 17:51", "summary": "Students and young professionals share what they wish they knew about career development in their early college years. As we near the end of the year, students are considering where to apply for summer internships, or how to start plotting their first career moves after graduation in the spring. Given that this has been an academic year like no other, making plans for the future can be complicated. We asked a few WSJ Noted Advisers-our community made up primarily of aspiring journalists and young professionals, many of whom are recent grads or upper-class students, to reflect on what they learned or wish they had learned at college about developing a career. Advice from a career counselor can be useful, but it can also be helpful to hear...", "categories": [["Jobs"]], "category_links": ["https://www.wsj.com/news/types/noted-jobs?mod=breadcrumb"]}, {"link": "https://www.wsj.com/articles/maradonas-death-prompts-outpouring-of-grief-in-argentina-world-11606344640", "title": "Maradona's Death Prompts Outpouring of Grief in Argentina, World", "date": "2020-11-25 17:50", "summary": "Soccer star was revered in his native land. Argentina declared three days of mourning as soccer fans across the nation poured into the streets to remember their fallen hero, the star striker Diego Maradona, after his death from a heart attack.", "categories": [["World", "Latin America"]], "category_links": ["https://www.wsj.com/news/world?mod=breadcrumb", "https://www.wsj.com/news/types/latin-america-news?mod=breadcrumb"]}, {"link": "https://www.wsj.com/articles/u-s-blacklists-militia-leader-for-alleged-human-rights-abuse-in-libya-11606344560", "title": "U.S. Blacklists Militia, Leader for Alleged Human Rights Abuse in Libya", "date": "2020-11-25 17:49", "summary": "The sanctions come as the U.S. uses sanctions as a tool to target corruption and alleged human rights abusers-a trend likely to continue under Biden. The U.S. imposed sanctions on a militia and its leader, alleging the group was responsible for torturing and murdering civilians in Libya, the U.S. Treasury Department said.", "categories": [["Risk & Compliance Journal"]], "category_links": ["https://www.wsj.com/news/types/risk-compliance-journal?mod=breadcrumb"]}, {"link": "https://www.wsj.com/articles/fed-officials-discussed-asset-purchase-program-at-november-meeting-11606330877", "title": "Fed Signals New Guidance Coming on Asset-Purchase Program", "date": "2020-11-25 17:26", "summary": "Ways that purchases could be changed to provide more stimulus to the economy, if needed, were discussed. Federal Reserve officials this month discussed plans to provide more information about how long they will keep purchasing Treasury and mortgage-backed securities by linking the time frame for the stimulus program to economic conditions.", "categories": [["Economy", "U.S. Economy"]], "category_links": ["https://www.wsj.com/news/economy?mod=breadcrumb", "https://www.wsj.com/news/types/u-s-economy?mod=breadcrumb"]}, {"link": "https://www.wsj.com/articles/tiktok-granted-extension-on-divestiture-order-11606342218", "title": "TikTok Granted Extension on Divestiture Order", "date": "2020-11-25 17:10", "summary": "The decision is another delay of the Trump administration's effort to turn the social-media app into an American company. WASHINGTON-Federal officials have granted TikTok and its Chinese parent ByteDance Ltd. a weeklong extension of a deadline for completing a divestiture deal, in another delay of the Trump administration's effort to turn the social-media app into an American company.", "categories": [["Tech"]], "category_links": ["https://www.wsj.com/news/technology?mod=breadcrumb"]}, {"link": "https://www.wsj.com/articles/global-stock-markets-dow-update-11-25-2020-11606299947", "title": "Stocks Pause After Dow's 30000 Milestone", "date": "2020-11-25 17:09", "summary": "Blue chips decline following mixed economic readings, but Nasdaq marches to a fresh record. The Dow Jones Industrial retreated Wednesday, sliding back below 30000 after mixed economic data and the continued rise in Covid-19 cases.", "categories": [["Markets", "U.S. Markets"]], "category_links": ["https://www.wsj.com/news/markets?mod=breadcrumb", "https://www.wsj.com/news/types/today-s-markets?mod=breadcrumb"]}, {"link": "https://www.wsj.com/articles/nra-acknowledges-improper-executive-benefits-in-new-tax-filing-11606341481", "title": "NRA Acknowledges Improper Executive Benefits in New Tax Filing", "date": "2020-11-25 16:58", "summary": "Gun-rights organization says CEO Wayne LaPierre has repaid $300,000 related to travel expenses. The National Rifle Association disclosed that current and former top executives received at least $1.4 million in improper or excessive benefits from the organization in violation of nonprofit rules, the first time the group has publicly admitted the lapses.", "categories": [["U.S."]], "category_links": ["https://www.wsj.com/news/us?mod=breadcrumb"]}, {"link": "https://www.wsj.com/articles/justice-department-clears-intuit-to-buy-credit-karma-11606341143", "title": "Justice Department Clears Intuit to Buy Credit Karma", "date": "2020-11-25 16:52", "summary": "Credit Karma agreed to sell its tax-preparation business to Square to win antitrust approval. The Justice Department cleared Credit Karma Inc.'s pending $7.1 billion sale to TurboTax maker Intuit Inc. after the two companies agreed to divest Credit Karma's burgeoning tax-preparation business to satisfy antitrust concerns.", "categories": [["Markets", "Finance"]], "category_links": ["https://www.wsj.com/news/markets?mod=breadcrumb", "https://www.wsj.com/news/types/finance?mod=breadcrumb"]}, {"link": "https://www.wsj.com/articles/new-york-city-traffic-picks-up-but-it-still-isnt-what-it-once-was-11606341117", "title": "New York City Traffic Picks Up, but It Still Isn't What It Once Was", "date": "2020-11-25 16:52", "summary": "Overall volume is lower, particularly in Manhattan's central business district; trucking and delivery companies are as busy as ever. The empty roads of early pandemic-era New York City have filled back up, and traffic has returned across the metropolitan region. But the gridlocked \"carpocalypse\" that people feared for this fall has failed to materialize and not all road trips today are as bad as they once were.", "categories": [["U.S.", "New York"]], "category_links": ["https://www.wsj.com/news/us?mod=breadcrumb", "https://www.wsj.com/news/types/new-york?mod=breadcrumb"]}, {"link": "https://www.wsj.com/articles/empires-of-new-york-review-big-apple-bigger-characters-11606340514", "title": "'Empires of New York' Review: Big Apple, Bigger Characters", "date": "2020-11-25 16:41", "summary": "A docuseries looks at the outsize and era-defining personalities of Ivan Boesky, Donald Trump, John Gotti, Leona Helmsley and Rudolph Giuliani in 1980s New York.. It comes as no small relief when \"Empires of New York\" dispatches the fevered imagery of its opening comments on New York City of the 1970s, and goes on to better things. We proceed, thus, from \"a city on its knees in a country that was losing its mind\" to one largely revived. This recovery had occurred, according to the filmmakers, thanks to the election of Ronald Reagan, who inspired enterprise and brought a new sense of life to the economy. So it's in the New York of the 1980s-prosperous, pulsating with drive and deal making of one kind or another-that the five renowned figures at the center of this six-part docuseries are shown making their marks on history. They are, to put it mildly, a varied lot: Ivan Boesky (stockbroker), Donald Trump (real-estate mogul), John Gotti (mobster), Leona Helmsley (hotel magnate), and Rudolph Giuliani, who left a significant position in Washington in 1983 to become U.S. Attorney for the Southern District of New York.", "categories": [["Books & Arts", "Television Review"]], "category_links": ["https://www.wsj.com/news/books-arts?mod=breadcrumb", "https://www.wsj.com/news/types/television-review?mod=breadcrumb"]}, {"link": "https://www.wsj.com/articles/zappa-review-a-rock-star-savant-11606340068", "title": "'Zappa' Review: A Rock Star Savant", "date": "2020-11-25 16:34", "summary": "A compelling documentary delivers a comprehensive portrait of provocative musical polymath Frank Zappa.. ", "categories": [["Books & Arts", "Film Review"]], "category_links": ["https://www.wsj.com/news/books-arts?mod=breadcrumb", "https://www.wsj.com/news/types/film-review?mod=breadcrumb"]}, {"link": "https://www.wsj.com/articles/the-flight-attendant-review-taking-off-from-reality-11606339970", "title": "'The Flight Attendant' Review: Taking Off From Reality", "date": "2020-11-25 16:32", "summary": "A flight attendant struggles to return to the real world after waking up in a hotel room in Thailand and discovering a grisly scene.. It's not hard to see potential in \"The Flight Attendant\" (begins Thursday, HBO Max), which opens with Cassie (Kaley Cuoco), the stewardess of the title, waking up in a hotel room in Bangkok to discover a blood-drenched male corpse on the other bed. Terrified, she calls a close friend in New York to gasp out hysterical questions about the famous Amanda Knox case, and about the perils of facing a murder trial in a foreign country-Thailand, no less-whose justice system and standards of evidence bear small resemblance to the sort Americans are accustomed to. She has reason for her panic, especially since she was moved to clean up the blood and otherwise blindly push things around in what would certainly appear to police as evidence-tampering.", "categories": [["Books & Arts", "Television Review"]], "category_links": ["https://www.wsj.com/news/books-arts?mod=breadcrumb", "https://www.wsj.com/news/types/television-review?mod=breadcrumb"]}, {"link": "https://www.wsj.com/articles/my-psychedelic-love-story-review-tales-of-the-high-life-11606339732", "title": "'My Psychedelic Love Story' Review: Tales of the High Life", "date": "2020-11-25 16:28", "summary": "Errol Morris focuses his latest documentary on Joanna Harcourt-Smith, hippie socialite extraordinaire and girlfriend of LSD-advocate Timothy Leary.. ", "categories": [["Books & Arts", "Film Review"]], "category_links": ["https://www.wsj.com/news/books-arts?mod=breadcrumb", "https://www.wsj.com/news/types/film-review?mod=breadcrumb"]}, {"link": "https://www.wsj.com/articles/smart-people-review-prisoners-of-their-politics-11606339223", "title": "'Smart People' Review: Prisoners of Their Politics", "date": "2020-11-25 16:20", "summary": "Lydia R. Diamond's play, given a webcast reading by American Players Theatre, is a sharp satire of the progressive intelligentsia.. Lydia R. Diamond's \"Smart People,\" a hard-edged satire of life among the academic multiculturati, was first performed off Broadway in 2016 in a production directed by Kenny Leon. I praised the play at the time as \"intelligent and provocative enough to put you in mind of Tom Stoppard,\" and I wasn't even slightly surprised to see it taken up in short order by regional theaters. A four-character play with minimal scenic requirements, it also lends itself to small-scale bare-bones production, which makes it ideally suited to webcasting. Accordingly, Wisconsin's American Players Theatre, America's finest classical theater festival, has now put \"Smart People\" online as part of the company's \"Out of the Woods\" series of Zoom-based play readings.", "categories": [["Opinion", "Theater Review"]], "category_links": ["https://www.wsj.com/news/opinion?mod=breadcrumb", "https://www.wsj.com/news/types/theater-review?mod=breadcrumb"]}, {"link": "https://www.wsj.com/articles/trump-campaign-tries-to-throw-out-votes-in-wisconsin-recount-11606327239", "title": "Trump Campaign Tries to Throw Out Votes in Wisconsin Recount", "date": "2020-11-25 15:56", "summary": "Election officials have largely rejected claims in latest GOP push to overturn Biden's victory in several states. MILWAUKEE-The Trump campaign and its supporters are attempting to invalidate tens of thousands of Wisconsin mail-in ballots that they say were cast illegally, their latest push to reverse a battleground state's election results favoring President-elect Joe Biden.", "categories": [["Politics", "Election 2020"]], "category_links": ["https://www.wsj.com/news/politics?mod=breadcrumb", "https://www.wsj.com/news/types/election-2020?mod=breadcrumb"]}, {"link": "https://www.wsj.com/articles/new-york-city-drafting-plan-to-set-coronavirus-criteria-for-school-reopening-11606335287", "title": "New York City Crafting Plan to Reopen Schools", "date": "2020-11-25 15:35", "summary": "Mayor Bill de Blasio says he will release a plan next week outlining how in-person instruction can resume. New York City will release a plan next week showing the requirements public schools will need to meet to reopen, Mayor Bill de Blasio said Wednesday.", "categories": [["U.S.", "Schools"]], "category_links": ["https://www.wsj.com/news/us?mod=breadcrumb", "https://www.wsj.com/news/types/ny-schools?mod=breadcrumb"]}, {"link": "https://www.wsj.com/articles/a-musical-cure-for-covid-pandemic-related-stress-and-sadness-11606335960", "title": "A Musical Cure for Covid-Related Stress and Sadness", "date": "2020-11-25 15:26", "summary": "New research shows that playing or listening to music is the most effective way to cope with the lockdown blues.. Psychologist Susan Pinker explores new discoveries in the science of human nature. Read previous columns here.", "categories": [["Life & Work", "Ideas", "Mind and Matter: Susan Pinker"]], "category_links": ["https://www.wsj.com/news/life-work?mod=breadcrumb", "https://www.wsj.com/news/life-work/ideas?mod=breadcrumb", "https://www.wsj.com/news/types/mind-and-matter-susan-pinker?mod=breadcrumb"]}, {"link": "https://www.wsj.com/articles/salesforce-has-held-talks-to-buy-slack-technologies-11606326392", "title": "Salesforce Is in Talks to Acquire Slack Technologies", "date": "2020-11-25 15:25", "summary": "A deal would likely value Slack at more than $17 billion and mark Salesforce's largest acquisition ever. Salesforce.com Inc. is in advanced talks to buy Slack Technologies Inc., according to people familiar with the matter, a deal that would unite a giant in business software with a buzzy newcomer on a mission to replace office email.", "categories": [["WSJ News Exclusive", "Deals"]], "category_links": ["https://www.wsj.com/news/types/deals-deal-makers?mod=breadcrumb"]}, {"link": "https://www.wsj.com/articles/walmart-grocers-can-avoid-new-mexico-shutdowns-with-covid-19-testing-11606335710", "title": "Walmart, Grocers Can Avoid New Mexico Shutdowns With Covid-19 Testing", "date": "2020-11-25 15:21", "summary": "State officials offer plan for essential businesses to avoid temporary closures from infected workers. New Mexico officials are offering grocery stores, retailers and other essential businesses a way to avoid shutdowns when workers become infected with Covid-19: regularly test all employees.", "categories": [["Business"]], "category_links": ["https://www.wsj.com/news/business?mod=breadcrumb"]}, {"link": "https://www.wsj.com/articles/what-to-watch-on-thanksgiving-11606335092", "title": "What to Watch on Thanksgiving", "date": "2020-11-25 15:11", "summary": "Catch up on HBO's 'The Undoing' ahead of its finale, HBO Max premieres 'The Flight Attendant' and other series and movies to binge over the holiday weekend. Thanksgiving is a time for bingeing. And since we're told that the healthiest way we can celebrate the holiday this year is to sit alone on the couch with a bottle of bourbon, it's the perfect time to catch up on some shows and movies-for the first time and otherwise.", "categories": [["Books & Arts", "Entertainment", "Screen Time"]], "category_links": ["https://www.wsj.com/news/books-arts?mod=breadcrumb", "https://www.wsj.com/news/types/arts-entertainment?mod=breadcrumb", "https://www.wsj.com/news/types/screen-time?mod=breadcrumb"]}, {"link": "https://www.wsj.com/articles/covid-19-deaths-top-100-000-in-u-s-long-term-care-facilities-11606333186", "title": "Covid-19 Deaths Top 100,000 in U.S. Long-Term Care Facilities", "date": "2020-11-25 14:39", "summary": "The disease is particularly risky for elderly people with underlying health conditions, and nursing homes house them in close confines. The Covid-19 death toll linked to U.S. nursing homes and other long-term care facilities has surpassed 100,000, according to a Wall Street Journal tally of data from around the U.S.", "categories": [["WSJ News Exclusive", "U.S."]], "category_links": ["https://www.wsj.com/news/us?mod=breadcrumb"]}, {"link": "https://www.wsj.com/articles/netflixs-queens-gambit-sparks-a-chess-boomheres-how-to-get-in-on-it-11606332062", "title": "Netflix's 'Queen's Gambit' Sparks a Chess Boom-Here's How to Get Started", "date": "2020-11-25 14:21", "summary": "A drama about a fictional prodigy has newcomers signing up to play online and in real life. \"The Queen's Gambit,\" Netflix 's fictional drama about a female chess prodigy, has pulled off an unlikely gambit of its own: It's prompted one of the biggest surges in the popularity of chess among Americans since the days of Bobby Fischer's dominance in the 1970s.", "categories": [["Books & Arts", "Arts", "Arts & Entertainment"]], "category_links": ["https://www.wsj.com/news/books-arts?mod=breadcrumb", "https://www.wsj.com/news/books-arts/arts?mod=breadcrumb", "https://www.wsj.com/news/types/arts-entertainment?mod=breadcrumb"]}, {"link": "https://www.wsj.com/articles/biden-cabinet-picks-face-scrutiny-over-ties-to-westexec-firm-11606331281", "title": "Biden Cabinet Picks Face Scrutiny Over Ties to WestExec Firm", "date": "2020-11-25 14:08", "summary": "The Senate Foreign Relations Committee's Republicans are examining the firm's work as the panel prepares to consider Mr. Biden's national-security choices. WASHINGTON-President-elect Joe Biden's choices to lead his administration on foreign policy and intelligence both hail from a Washington advisory firm that touts its high-level connections, creating a potential stumbling block for both as they seek Senate confirmation.", "categories": [["Politics"]], "category_links": ["https://www.wsj.com/news/politics?mod=breadcrumb"]}, {"link": "https://www.wsj.com/articles/propane-is-cheap-go-ahead-buy-a-patio-heater-11606300203", "title": "Go Ahead, Buy a Patio Heater. Propane Is Cheap.", "date": "2020-11-25 14:06", "summary": "Fortunately for those heating outdoor spaces during the Covid-19 pandemic, the U.S. has an ample propane supply. The coronavirus pandemic has made propane a hot commodity among Americans heating outdoor spaces and hunkering down in Covid cabins. Fortunately for them, the country is flooded with the fuel, and prices have rarely been lower heading into winter.", "categories": [["Markets", "Commodities"]], "category_links": ["https://www.wsj.com/news/markets?mod=breadcrumb", "https://www.wsj.com/market-data/commodities?mod=breadcrumb"]}, {"link": "https://www.wsj.com/articles/delta-pilots-strike-deal-to-save-jobs-11606330101", "title": "Delta, Pilots Strike Deal to Save Jobs", "date": "2020-11-25 13:48", "summary": "Pilots accept lower pay to prevent over 1,700 furloughs as pandemic roils airline industry. Delta Air Lines Inc. pilots agreed to accept reduced pay in exchange for job security until 2022, as the industry continues to grapple with reduced travel demand due to the coronavirus pandemic.", "categories": [["Business"]], "category_links": ["https://www.wsj.com/news/business?mod=breadcrumb"]}, {"link": "https://www.wsj.com/articles/for-homeowners-during-covid-its-whats-on-the-outside-that-counts-11606329932", "title": "For Homeowners During Covid, It's What's On the Outside That Counts", "date": "2020-11-25 13:45", "summary": "Large, landscaped outdoor spaces have become a top priority during coronavirus. Covid-19 and long stretches at home have turned owners' attention to creating expansive, landscaped outdoor spaces. Keith Williams, co-owner of Nievera Williams, a landscape architecture firm in Palm Beach, Fla., says his business has been very busy. \"Clients are focusing more on their gardens and how they use their exterior spaces, and just want a better and more functional experience altogether,\" he says.", "categories": [["Real Estate", "Homes"]], "category_links": ["https://www.wsj.com/news/realestate?mod=breadcrumb", "https://www.wsj.com/news/types/homes?mod=breadcrumb"]}, {"link": "https://www.wsj.com/articles/u-s-puts-tariffs-on-chinese-twist-ties-11606329434", "title": "U.S. Puts Tariffs on Chinese Twist-Ties", "date": "2020-11-25 13:37", "summary": "Commerce Department rules that China manipulated its currency to boost its sales of plastic ties. WASHINGTON-The Trump administration has imposed a small but groundbreaking set of tariffs, penalizing Chinese twist-ties on grounds that Beijing undervalued its currency to gain market share for the products.", "categories": [["Politics"]], "category_links": ["https://www.wsj.com/news/politics?mod=breadcrumb"]}, {"link": "https://www.wsj.com/articles/purdue-pharma-pleads-guilty-to-felonies-over-oxycontin-sales-11606243071", "title": "Purdue Pharma Pleads Guilty to Felonies Over OxyContin Sales", "date": "2020-11-25 13:35", "summary": "Formal plea follows the approval by a bankruptcy-court judge of an $8 billion settlement with the U.S. government. Purdue Pharma LP pleaded guilty to three federal felonies related to the marketing and distribution of its powerful opioid painkiller OxyContin, ending the bankrupt company's exposure to U.S. government action but leaving other liabilities to state and local governments looming.", "categories": [["U.S."]], "category_links": ["https://www.wsj.com/news/us?mod=breadcrumb"]}, {"link": "https://www.wsj.com/articles/why-a-savory-pie-might-be-the-best-move-this-thanksgiving-11604052361", "title": "A Savory Pie Might Be the Best Move This Thanksgiving", "date": "2020-11-25 13:33", "summary": "Wrapped up in comforting carbs, these main-course pastries make any occasion cozier. You don't have to wait for dessert.. IN MANY WAYS, this holiday season will be different from other holiday seasons. We won't be cooking the same feasts we would have in years past, because we won't be gathering in groups as we have in years past. But we still need that feeling of festivity, familiarity and togetherness that the holidays and the foods that go with them provide. So what can take the place of the turkeys and hams that feed multitudes, of tables groaning with sides and a battery of baked goods? What one dish can accomplish what all those others do in aggregate? My answer: the savory pie.", "categories": [["Life & Work", "Food & Drink"]], "category_links": ["https://www.wsj.com/news/life-work?mod=breadcrumb", "https://www.wsj.com/news/life-work/food-cooking-drink?mod=breadcrumb"]}, {"link": "https://www.wsj.com/articles/coronavirus-aid-whats-expiring-soon-and-whats-in-the-works-11606311697", "title": "Covid-19 Aid and Stimulus: What's Expiring Soon and What's in the Works", "date": "2020-11-25 13:33", "summary": "Congress faces pressure to act as extended unemployment benefits and eviction moratorium wind down- and coronavirus cases surge. Since approving a raft of coronavirus relief legislation in the spring, Congress has been unable to come together on a new aid package. The Trump administration took a number of executive actions to provide further aid during the impasse. With the end of the year approaching, several of the legislative and executive measures are set to expire, putting pressure on Congress to agree to further relief as cases of the virus set records and businesses face new restrictions.", "categories": [["Politics"]], "category_links": ["https://www.wsj.com/news/politics?mod=breadcrumb"]}, {"link": "https://www.wsj.com/articles/covid-wont-steal-christmas-11606329052", "title": "Covid Won't Steal Christmas", "date": "2020-11-25 13:30", "summary": "This holiday shopping season will be different, but there will be shopping. This holiday season will be different from any other, including what people choose to spend money on.", "categories": [["Markets", "Heard on the Street"]], "category_links": ["https://www.wsj.com/news/markets?mod=breadcrumb", "https://www.wsj.com/news/heard-on-the-street?mod=breadcrumb"]}, {"link": "https://www.wsj.com/articles/thanksgiving-dessert-recipe-so-much-simpler-than-pumpkin-pie-11604521697", "title": "Thanksgiving Dessert Recipe: So Much Simpler Than Pumpkin Pie", "date": "2020-11-25 13:24", "summary": "Iconoclastic though it may be to oust the Thanksgiving classic in favor of a French recipe, one taste of this silky, souffl\u00e9ed pumpkin dessert and you'll never go back. IN AMERICA, pumpkin pie is nearly as entrenched a ritual as apple pie-despite the fact that so many people don't actually like it. Most of my family falls squarely in that camp, so I've experimented with alternatives over the years. Finally I stumbled upon an old Burgundian cookbook with a recipe for a \"flamusse\" of pumpkin. This looked promising.", "categories": [["Life & Work", "Food & Drink", "A Little Something Sweet"]], "category_links": ["https://www.wsj.com/news/life-work?mod=breadcrumb", "https://www.wsj.com/news/life-work/food-cooking-drink?mod=breadcrumb", "https://www.wsj.com/news/types/a-little-something-sweet?mod=breadcrumb"]}, {"link": "https://www.wsj.com/articles/dont-judge-this-english-home-by-its-traditional-facade-11606328532", "title": "Don't Judge This English Home by Its Traditional Facade", "date": "2020-11-25 13:22", "summary": "A glass wall at the back of the Surrey property helped expand the estate while giving it a modern, contemporary look. Behind a very traditional facade, Rob and Cath Shrimplin's house is hiding a contemporary surprise.", "categories": [["Real Estate"]], "category_links": ["https://www.wsj.com/news/realestate?mod=breadcrumb"]}, {"link": "https://www.wsj.com/articles/dol-fiduciary-regulation-for-retirement-plans-is-now-in-limbo-11606312803", "title": "Fiduciary Regulation for Retirement Plans Is Now in Limbo", "date": "2020-11-25 13:20", "summary": "Delays on proposed fiduciary rule have made it vulnerable to being scrapped under Biden administration. In June, the U.S. Department of Labor proposed a regulation to change the rules governing advice in retirement accounts to align with another Trump administration standard. But delays in completing the proposal, likely due in part to financial-industry opposition, have left it vulnerable to being scrapped after President-elect Joe Biden takes office.", "categories": [["Markets", "Personal Finance"]], "category_links": ["https://www.wsj.com/news/markets?mod=breadcrumb", "https://www.wsj.com/news/types/personal-finance?mod=breadcrumb"]}, {"link": "https://www.wsj.com/articles/turkeys-truly-worth-celebrating-11604596462", "title": "Turkeys Truly Worth Celebrating", "date": "2020-11-25 13:19", "summary": "On a Georgia farm, a group of veterans is acquiring unexpected skills while raising heritage-breed turkeys beloved by cooks. Plus, how to find and roast a heritage bird from a farm near you for the holiday table.. THE TUESDAY before Thanksgiving will be among the busiest days of the year at Comfort Farms in Milledgeville, Ga. Local families will visit to collect their holiday turkeys, a total of roughly 40 Bourbon Reds, raised on site. For some, claiming the bird is a simple pick-up-and-go process. But others will actually partake in harvesting it themselves, from slaughter to shrink-wrapping.", "categories": [["Life & Work", "Food & Drink"]], "category_links": ["https://www.wsj.com/news/life-work?mod=breadcrumb", "https://www.wsj.com/news/life-work/food-cooking-drink?mod=breadcrumb"]}, {"link": "https://www.wsj.com/articles/deere-posts-higher-4q-profit-expects-higher-earnings-in-fiscal-2021-11606306691", "title": "Deere Expects More Machinery Sales as Crop Prices Rise", "date": "2020-11-25 13:18", "summary": "Higher food sales to pandemic-bound consumers and China are boosting demand for tractors and combines. Deere & Co. raised expectations for profits next year, anticipating that higher crop prices will lead to improving demand from U.S. farmers for its tractors and harvesting combines.", "categories": [["Business"]], "category_links": ["https://www.wsj.com/news/business?mod=breadcrumb"]}, {"link": "https://www.wsj.com/articles/saudi-womens-rights-activist-championed-in-the-west-to-face-terrorism-charges-11606328249", "title": "Saudi Women's Rights Activist Championed in the West to Face Terrorism Charges", "date": "2020-11-25 13:17", "summary": "Loujain al-Hathloul became a focus of Western attention after her arrest in 2017. RIYADH-Saudi Arabia transferred the case of women's rights activist Loujain al-Hathloul to a terrorism court, raising fears among supporters that she could remain in prison longer despite international pressure to release her.", "categories": [["World", "Middle East"]], "category_links": ["https://www.wsj.com/news/world?mod=breadcrumb", "https://www.wsj.com/news/types/middle-east-news?mod=breadcrumb"]}, {"link": "https://www.wsj.com/articles/there-are-more-female-ceos-than-ever-and-many-of-them-are-in-retail-11606328235", "title": "There Are More Female CEOs Than Ever, and Many of Them Are in Retail", "date": "2020-11-25 13:17", "summary": "Lauren Hobart's appointment to helm of Dick's Sporting Goods brings number of women running Fortune 500 companies to a record. In a year especially hard on many working women, the corporate world can hail one major milestone: A record 41 female CEOs are slated to be soon running Fortune 500 companies.", "categories": [["Business", "Management", "Management & Careers"]], "category_links": ["https://www.wsj.com/news/business?mod=breadcrumb", "https://www.wsj.com/news/business/management?mod=breadcrumb", "https://www.wsj.com/news/types/management-careers?mod=breadcrumb"]}, {"link": "https://www.wsj.com/articles/thanksgiving-baking-strategy-one-recipe-two-desserts-11605330000", "title": "Thanksgiving Baking Strategy: One Recipe, Two Desserts", "date": "2020-11-25 13:14", "summary": "Be smart when it comes to the sweets and get more bang for your bake. Each of these recipes produces a stunning tart or cake for the holiday table plus a bonus treat for the next day.. OVERWHELMED by coordinating the usual Thanksgiving spread this year? You are not alone. As a professional pastry chef, I'm used to fancy equipment, plenty of space and skilled staff to help me execute my dishes. So when I lost my service-industry job earlier this year due to the pandemic, I fretted over how I would make my favorite desserts out of my tiny Brooklyn kitchen. (First step: Buy whisk.)", "categories": [["Life & Work", "Food & Drink"]], "category_links": ["https://www.wsj.com/news/life-work?mod=breadcrumb", "https://www.wsj.com/news/life-work/food-cooking-drink?mod=breadcrumb"]}, {"link": "https://www.wsj.com/articles/former-j-crew-ceo-mickey-drexler-sells-idaho-home-for-11-million-11606327860", "title": "Former J. Crew CEO Mickey Drexler Sells Idaho Home for $11 Million", "date": "2020-11-25 13:11", "summary": "The Thierry W. Despont-designed ski property includes two adjacent lots. Former J.Crew chief Mickey Drexler has sold his Ketchum, Idaho, home and two adjacent lots for $11 million, according to people familiar with the transaction.", "categories": [["Real Estate", "Private Properties"]], "category_links": ["https://www.wsj.com/news/realestate?mod=breadcrumb", "https://www.wsj.com/news/types/private-properties?mod=breadcrumb"]}, {"link": "https://www.wsj.com/articles/cottage-meets-contemporary-in-surrey-11606327716", "title": "Cottage Meets Contemporary in Surrey", "date": "2020-11-25 13:08", "summary": "A glass wall at the back of the property brings in lots of light while giving the home a modern edge.. We are delighted that you'd like to resume your subscription.", "categories": [[]], "category_links": []}, {"link": "https://www.wsj.com/articles/chinas-xi-congratulates-biden-weeks-after-other-leaders-11606327689", "title": "China's Xi Congratulates Biden Weeks After Other Leaders", "date": "2020-11-25 13:08", "summary": "Message, coming after Trump said administration will cooperate with transition, underlines Beijing's desire to stabilize the relationship. HONG KONG-President Xi Jinping congratulated U.S. President-elect Joe Biden on his election victory, marking the Chinese leader's first formal outreach to the incoming administration weeks after many other world leaders sent well wishes.", "categories": [["World", "Asia", "China"]], "category_links": ["https://www.wsj.com/news/world?mod=breadcrumb", "https://www.wsj.com/news/types/asia-news?mod=breadcrumb", "https://www.wsj.com/news/types/china-news?mod=breadcrumb"]}, {"link": "https://www.wsj.com/articles/indian-state-law-curbs-interfaith-marriages-11606327522", "title": "Indian State Tries to Stop Marriages That Hindu Nationalists Say Are Part of 'Love Jihad' Conspiracy", "date": "2020-11-25 13:05", "summary": "Critics say the new law opens the door to harassment of interfaith couples and Muslims. NEW DELHI-India's most populous state approved legislation requiring interfaith couples to give two-months notice before getting married, in the latest example of a policy backed by the Hindu right becoming law.", "categories": [["World", "Asia", "India"]], "category_links": ["https://www.wsj.com/news/world?mod=breadcrumb", "https://www.wsj.com/news/types/asia-news?mod=breadcrumb", "https://www.wsj.com/news/types/india-news?mod=breadcrumb"]}, {"link": "https://www.wsj.com/articles/recipes-for-a-smaller-holiday-meal-with-big-flavor-11606327488", "title": "Recipes for a Smaller Holiday Meal With Big Flavor", "date": "2020-11-25 13:04", "summary": "Even scaled-down celebrations call for exceptional spice and color. Paprika-rubbed roast chicken, pomegranate-flecked wheat berry pudding and more will satisfy a small gathering with outsize expectations.. I ARRIVED in the U.S. as a 17-year-old university student. And while I usually traveled home to Jerusalem for Christmas, I learned to navigate other holidays-from Eid to Easter-without my family. Now, my husband, two daughters and I make it to Jerusalem from our home in Philadelphia at least once a year, but we celebrate the majority of holidays with my husband's family here. As much as I enjoy those feasts, I am still keenly aware of the absence of my own parents, brother and extended family.", "categories": [["Life & Work", "Food & Drink"]], "category_links": ["https://www.wsj.com/news/life-work?mod=breadcrumb", "https://www.wsj.com/news/life-work/food-cooking-drink?mod=breadcrumb"]}, {"link": "https://www.wsj.com/articles/scotland-to-provide-tampons-and-pads-free-of-charge-11606327265", "title": "Scotland to Provide Tampons and Pads Free of Charge", "date": "2020-11-25 13:01", "summary": "Some women and girls have found it difficult to access sanitary products during Covid-19 lockdowns. Scotland has launched one of the biggest efforts yet to make tampons and sanitary pads free for anyone who needs them as lockdowns around the world have made it harder for women and girls to obtain period products.", "categories": [["World", "Europe", "U.K."]], "category_links": ["https://www.wsj.com/news/world?mod=breadcrumb", "https://www.wsj.com/news/types/europe-news?mod=breadcrumb", "https://www.wsj.com/news/types/u-k-news?mod=breadcrumb"]}, {"link": "https://www.wsj.com/articles/former-priest-offered-guidance-on-dilemmas-of-dying-11606327046", "title": "Former Priest Offered Guidance on Dilemmas of Dying", "date": "2020-11-25 12:57", "summary": "Albert Jonsen, who has died at age 89, helped shape the field of bioethics. In the late 1960s, when medical ethics began emerging as a distinct field of study, Albert Jonsen was ready to contribute.", "categories": [["World", "Obituaries"]], "category_links": ["https://www.wsj.com/news/world?mod=breadcrumb", "https://www.wsj.com/news/types/obituaries?mod=breadcrumb"]}, {"link": "https://www.wsj.com/articles/ge-appliances-turns-up-the-speed-on-supply-chain-upgrade-11606326996", "title": "GE Appliances Turns Up the Speed on Supply-Chain Upgrade", "date": "2020-11-25 12:56", "summary": "Coronavirus-driven disruptions in demand and production added urgency to an effort aimed at building visibility and flexibility. GE Appliances was in the midst of a digital supply-chain upgrade when the coronavirus pandemic hit, disrupting global supply lines while consumer demand soared for the company's refrigerators and washing machines.", "categories": [["Logistics Report"]], "category_links": ["https://www.wsj.com/news/types/logistics-report?mod=breadcrumb"]}, {"link": "https://www.wsj.com/articles/can-radioshack-be-the-right-type-of-retro-11606326908", "title": "Can RadioShack Be the Right Type of Retro?", "date": "2020-11-25 12:55", "summary": "The doomed retailer has a new online presence but appears off to a mixed start. The Shack is back! Well, sort of.", "categories": [["Markets", "Overheard"]], "category_links": ["https://www.wsj.com/news/markets?mod=breadcrumb", "https://www.wsj.com/news/types/overheard?mod=breadcrumb"]}, {"link": "https://www.wsj.com/articles/penguin-random-house-parent-near-deal-to-buy-simon-schuster-from-viacomcbs-11606268232", "title": "Penguin Random House Parent to Buy Simon & Schuster From ViacomCBS", "date": "2020-11-25 12:54", "summary": "A $2 billion-plus deal would consolidate largest and third-largest book publishers in the U.S.. ViacomCBS Inc. is selling book publisher Simon & Schuster to German media giant Bertelsmann SE for almost $2.18 billion, ViacomCBS said Wednesday, in a deal that would create a publishing behemoth accounting for about a third of all books sold in the U.S.", "categories": [["Business", "Media & Marketing"]], "category_links": ["https://www.wsj.com/news/business?mod=breadcrumb", "https://www.wsj.com/news/business/media-marketing?mod=breadcrumb"]}, {"link": "https://www.wsj.com/articles/diego-maradona-soccers-flawed-genius-dies-at-60-11606326745", "title": "Diego Maradona, Soccer's Flawed Genius, Dies at 60", "date": "2020-11-25 12:53", "summary": "Resume Subscription. Diego Maradona, the outlandish and dazzling Argentine soccer star considered among the greatest of all time on the field and the most outrageous off of it, died on Wednesday following a cardiac arrest. He was 60.", "categories": [[]], "category_links": []}, {"link": "https://www.wsj.com/articles/soaring-covid-19-hospitalizations-again-put-traveling-nurses-in-demand-11606326781", "title": "Soaring Covid-19 Hospitalizations Again Put Traveling Nurses in Demand", "date": "2020-11-25 12:53", "summary": "Hospitals pay as much as double to staff up as nurses move from one hot spot to another. As the number of people hospitalized due to the coronavirus rises across the U.S., hospitals are turning to a tactic they used in earlier surges: hiring more traveling nurses.", "categories": [["Business", "Health Care", "Health"]], "category_links": ["https://www.wsj.com/news/business?mod=breadcrumb", "https://www.wsj.com/news/business/health-industry?mod=breadcrumb", "https://www.wsj.com/news/types/health?mod=breadcrumb"]}, {"link": "https://www.wsj.com/articles/can-north-korea-control-its-nuclear-weapons-11606326630", "title": "Can North Korea Control Its Nuclear Weapons?", "date": "2020-11-25 12:50", "summary": "Now that Pyongyang's missiles can hit the U.S. mainland, avoiding calamity means grappling with the nuclear command systems of Kim Jong Un's monolithic regime. As Americans mark Thanksgiving this year amid the pandemic, North Korea will be recalling a special anniversary of its own. On Nov. 28, 2017, dictator Kim Jong Un oversaw the launch of the largest missile ever flight-tested by the world's last Stalinist country. Called the Hwasong (or \"Mars\") 15, the missile showed that North Korea is capable of striking any part of the continental U.S.-from Los Angeles to New York-with a thermonuclear weapon.", "categories": [["Life & Work", "Ideas", "Essay"]], "category_links": ["https://www.wsj.com/news/life-work?mod=breadcrumb", "https://www.wsj.com/news/life-work/ideas?mod=breadcrumb", "https://www.wsj.com/news/types/essay?mod=breadcrumb"]}, {"link": "https://www.wsj.com/articles/thanksgiving-and-the-american-character-11606326409", "title": "Thanksgiving and the American Character", "date": "2020-11-25 12:46", "summary": "A former colleague's exploration of the great holiday.. Covid will not stop Americans from embracing their annual Thanksgiving traditions involving charity, family, faith, food and football. And they might want to consider adding a new tradition this year as they gather around the dinner table-sharing a few passages from our former colleague Melanie Kirkpatrick's delightful 2016 book, \"Thanksgiving: The Holiday at the Heart of the American Experience.\"", "categories": [["Opinion", "Best of the Web"]], "category_links": ["https://www.wsj.com/news/opinion?mod=breadcrumb", "https://www.wsj.com/news/types/best-of-the-web-today?mod=breadcrumb"]}, {"link": "https://www.wsj.com/articles/european-powers-won-t-push-biden-for-swift-u-s-return-to-iranian-nuclear-deal-11606314800", "title": "Europe Won't Push Biden for Swift U.S. Return to Iranian Nuclear Deal", "date": "2020-11-25 09:33", "summary": "There is growing concern about Iran's nuclear research, but European diplomats say they don't want to rush new U.S. president to re-enter pact. European powers are looking to the incoming Biden administration to swiftly reduce nuclear tensions with Tehran but won't press Washington to re-enter the 2015 nuclear accord with Iran quickly, according to senior diplomats.", "categories": [["World", "Europe"]], "category_links": ["https://www.wsj.com/news/world?mod=breadcrumb", "https://www.wsj.com/news/types/europe-news?mod=breadcrumb"]}, {"link": "https://www.wsj.com/articles/global-trade-stages-rapid-recovery-11606314229", "title": "Global Trade Stages Rapid Recovery", "date": "2020-11-25 09:23", "summary": "Led by China, the rebound in exports and imports of goods has been much quicker than in the aftermath of the global financial crisis. Global trade flows bounced back strongly in the summer, marking the largest rise in two decades as air and sea transport channels reopened while demand for consumer goods surged.", "categories": [["Economy", "Economic Data"]], "category_links": ["https://www.wsj.com/news/economy?mod=breadcrumb", "https://www.wsj.com/news/types/economic-data?mod=breadcrumb"]}, {"link": "https://www.wsj.com/articles/todays-logistics-report-building-vaccine-supply-chains-deliverys-uphill-climb-farming-looks-up-11606314018", "title": "Today's Logistics Report: Building Vaccine Supply Chains; Delivery's Uphill Climb; Farming Looks Up", "date": "2020-11-25 09:20", "summary": "Today's Top Supply Chain & Logistics News from WSJ. Sign up: With one click, get this newsletter delivered to your inbox.", "categories": [["WSJ Logistics Report"]], "category_links": ["https://www.wsj.com/news/types/wsj-logistics-report-newsletter?mod=breadcrumb"]}, {"link": "https://www.wsj.com/articles/gap-deere-hp-dell-what-to-watch-when-the-market-opens-today-11606305660", "title": "Gap, Deere, HP, Dell: What to Watch When the Market Opens Today", "date": "2020-11-25 09:10", "summary": "U.S. stocks wavered a day after the Dow breached 30000 for the first time.. Here's what we are watching as markets kick into gear Wednesday:", "categories": [["Markets", "U.S. Markets"]], "category_links": ["https://www.wsj.com/news/markets?mod=breadcrumb", "https://www.wsj.com/news/types/today-s-markets?mod=breadcrumb"]}, {"link": "https://www.wsj.com/articles/he-used-to-guard-the-door-now-he-takes-names-and-temperatures-too-11606312800", "title": "He Used to Guard the Door. Now He Takes Names and Temperatures, Too.", "date": "2020-11-25 09:00", "summary": "As the pandemic rages on, a Madison Avenue security worker's job has expanded: keep merchandise safe, and protect shoppers and staff from the virus. Francisco Teran has been a security guard at a luxury watch store in Manhattan's Upper East Side for almost two years. These days it feels like a totally new job.", "categories": [["U.S.", "New York"]], "category_links": ["https://www.wsj.com/news/us?mod=breadcrumb", "https://www.wsj.com/news/types/new-york?mod=breadcrumb"]}, {"link": "https://www.wsj.com/articles/playlist-thanksgiving-miley-cyrus-kylie-minogue-spotify-11606311309", "title": "From Miley Cyrus to Kylie Minogue, the Best Songs You Should Be Listening to Right Now", "date": "2020-11-25 08:38", "summary": "Not ready for 24/7 Christmas songs yet? Here's WSJ.'s monthly roundup of new pop releases: Everything that's grabbing our attention, making us think or getting us dancing.. South Korean boy band BTS, WSJ. Magazine's 2020 Music Innovators, released their highly anticipated new album BE this month, featuring their new single \"Life Goes On.\" The song, which combines a hip-hop beat with the loop of an acoustic guitar, is about moving forward in the face of hardship. \"I first study the topic and think about what story I need to tell and what kind of content it should encompass,\" band member J-Hope told WSJ. about his songwriting process. \"Sometimes the type of stories I'm dealing with are light, but sometimes they aren't, so it's important that I'm knowledgeable about what I'm working on.\"", "categories": [["Magazine - Culture"]], "category_links": ["https://www.wsj.com/news/types/magazine-culture?mod=breadcrumb"]}, {"link": "https://www.wsj.com/articles/covid-scrambles-college-basketball-season-before-it-starts-11606310267", "title": "Covid Scrambles College Basketball Season Before It Starts", "date": "2020-11-25 08:17", "summary": "'DM or call me,' one coach tweeted in search of a new opponent after the original foe canceled. Dozens of games have been canceled or postponed.. It was Monday when Jeff Walz, coach of the No. 5 Louisville women's basketball team, heard the Cardinals' season opener Wednesday against Middle Tennessee State was off because of Covid-19 infections and contact tracing among the Blue Raiders. So Walz did what any responsible coach would do in 2020: He took to Twitter .", "categories": [["Sports", "College Basketball"]], "category_links": ["https://www.wsj.com/news/sports?mod=breadcrumb", "https://www.wsj.com/news/types/college-basketball?mod=breadcrumb"]}, {"link": "https://www.wsj.com/articles/split-ticket-voters-helped-biden-republicans-in-nebraska-maine-11606309200", "title": "Split-Ticket Voters Helped Biden, Republicans in Nebraska, Maine", "date": "2020-11-25 08:00", "summary": "Dividing votes between parties has been declining, but 2020 election saw enough people vote that way to matter in places. On evening walks with his wife in the suburbs of Omaha, Neb., Jay Jackson, a registered Republican and an Air Force veteran, made the decision to vote for Democrat Joe Biden for president and support Republicans for all other offices.", "categories": [["Politics", "Election 2020"]], "category_links": ["https://www.wsj.com/news/politics?mod=breadcrumb", "https://www.wsj.com/news/types/election-2020?mod=breadcrumb"]}, {"link": "https://www.wsj.com/articles/new-covid-19-vaccines-stir-hope-for-the-worlds-poor-11606309201", "title": "New Covid-19 Vaccines Stir Hope for the World's Poor", "date": "2020-11-25 08:00", "summary": "Promising trial results inspire optimism in the developing world, which could yet become a reservoir for the virus for years to come. ", "categories": [["World"]], "category_links": ["https://www.wsj.com/news/world?mod=breadcrumb"]}, {"link": "https://www.wsj.com/articles/china-drugmakers-face-pressure-to-prove-their-covid-19-vaccines-work-11606309143", "title": "China Drugmakers Face Pressure to Prove Their Covid-19 Vaccines Work", "date": "2020-11-25 07:59", "summary": "The companies haven't released results of late-stage trials while data from Western drugmakers show three candidates to be highly promising. TAIPEI-Pressure is mounting on Chinese drugmakers to show clinical evidence that their leading Covid-19 vaccines work, after early data on three Western-developed shots showed promising effectiveness against the disease.", "categories": [["World", "Asia", "China"]], "category_links": ["https://www.wsj.com/news/world?mod=breadcrumb", "https://www.wsj.com/news/types/asia-news?mod=breadcrumb", "https://www.wsj.com/news/types/china-news?mod=breadcrumb"]}, {"link": "https://www.wsj.com/articles/dows-rise-to-30000-heralds-a-broader-stock-rally-11606300201", "title": "Dow's Milestone Heralds Broader Stock Rally", "date": "2020-11-25 07:55", "summary": "Gains in cyclical stocks will test whether a new group of companies can lead major indexes higher. The Dow Jones Industrial Average's ascent to 30000 Tuesday signals more companies are beginning to participate in the new bull market, offering hope to investors who have long waited for the rally to widen.", "categories": [["Markets", "Stocks"]], "category_links": ["https://www.wsj.com/news/markets?mod=breadcrumb", "https://www.wsj.com/news/markets/stocks?mod=breadcrumb"]}, {"link": "https://www.wsj.com/articles/exxon-documents-reveal-more-pessimistic-outlook-for-oil-prices-11606307763", "title": "Exxon Documents Reveal More Pessimistic Outlook for Oil Prices", "date": "2020-11-25 07:36", "summary": "The oil giant has lowered its expectations for prices for much of the next decade, internal documents reviewed by The Wall Street Journal show. Exxon Mobil Corp. has lowered its outlook on oil prices for much of the next decade, according to internal company documents reviewed by The Wall Street Journal.", "categories": [["WSJ News Exclusive", "Business"]], "category_links": ["https://www.wsj.com/news/business?mod=breadcrumb"]}, {"link": "https://www.wsj.com/articles/under-shadow-of-corruption-perus-congress-fuels-crisis-11606307649", "title": "Under Shadow of Corruption, Peru's Congress Fuels Crisis", "date": "2020-11-25 07:34", "summary": "Majority of Peruvian lawmakers are under investigation for bribery and other crimes, stirring anger and destabilizing the country's leadership. LIMA, Peru-Peruvian politician Humberto Acu\u00f1a was convicted of bribery committed while he was governor of a northern Peruvian state from 2011 to 2018, and still faces several other charges, including abuse of authority and criminal conspiracy.", "categories": [["World", "Latin America"]], "category_links": ["https://www.wsj.com/news/world?mod=breadcrumb", "https://www.wsj.com/news/types/latin-america-news?mod=breadcrumb"]}, {"link": "https://www.wsj.com/articles/the-stock-market-keeps-rising-but-millennials-arent-reaping-the-benefits-11606305600", "title": "The Stock Market Keeps Rising, but Millennials Aren't Reaping the Benefits", "date": "2020-11-25 07:00", "summary": "Resume Subscription. Many millennials, having suffered through two nasty bear markets in the first years of their working lives, are missing out on some of the gains from the rally that brought the Dow Jones Industrial Average to 30,000.", "categories": [[]], "category_links": []}, {"link": "https://www.wsj.com/articles/most-americans-object-to-government-tracking-of-their-activities-through-cellphones-11606305601", "title": "Most Americans Worry Government Is Tracking Them With Location Data", "date": "2020-11-25 07:00", "summary": "Quarter of poll respondents say they will change behavior to avoid surveillance. A new survey found widespread concern among Americans about government tracking of their whereabouts through their digital devices, with an overwhelming majority saying that a warrant should be required to obtain such data.", "categories": [["Politics", "National Security"]], "category_links": ["https://www.wsj.com/news/politics?mod=breadcrumb", "https://www.wsj.com/news/types/national-security?mod=breadcrumb"]}, {"link": "https://www.wsj.com/articles/big-oils-lessons-for-the-new-green-supermajors-11606304399", "title": "Big Oil's Lessons for the New Green Supermajors", "date": "2020-11-25 06:40", "summary": "Once humble utility companies, Enel and Iberdrola have emerged as global clean-energy giants. The decline of oil-and-gas supermajors over the past two years has been matched by the rise of previously obscure utility companies. In Europe, Enel and Iberdrola have emerged as green-energy giants, in part by taking leaves out of the big-oil playbook.", "categories": [["Markets", "Heard on the Street"]], "category_links": ["https://www.wsj.com/news/markets?mod=breadcrumb", "https://www.wsj.com/news/heard-on-the-street?mod=breadcrumb"]}, {"link": "https://www.wsj.com/articles/in-singapore-bargains-for-luxury-homes-are-few-and-far-between-11606303800", "title": "In Singapore, Bargains for Luxury Homes Are Few and Far Between", "date": "2020-11-25 06:30", "summary": "Resume Subscription. Priyesh Shah looked at more than a dozen high-end apartments in Singapore as he searched recently for a permanent home for his young family. The New Jersey native has worked in Singapore for eight years and, like many others, hoped the coronavirus-triggered economic downturn would be a good buying opportunity.", "categories": [[]], "category_links": []}, {"link": "https://www.wsj.com/articles/regulatory-pressure-mounts-on-coal-miner-that-rattled-chinas-bond-market-11606303492", "title": "Regulatory Pressure Mounts on Coal Miner that Rattled China's Bond Market", "date": "2020-11-25 06:24", "summary": "Investigation into state-owned Yongcheng Coal is escalated to country's securities regulator. An investigation into a troubled Chinese state-owned coal miner was escalated to the country's securities regulator, as authorities pile pressure on the company whose recent default rattled the bond market.", "categories": [["Markets", "Credit Markets"]], "category_links": ["https://www.wsj.com/news/markets?mod=breadcrumb", "https://www.wsj.com/news/types/credit-markets?mod=breadcrumb"]}, {"link": "https://www.wsj.com/articles/dow-30000-covid-economy-market-buy-and-hold-11606238819", "title": "Behind Dow 30000: A Self-Perpetuating Upward Spiral", "date": "2020-11-25 05:40", "summary": "Low interest rates and a buy-the-dip mantra have put stocks in an ascending pattern, defying the pandemic and economic woes. The U.S. stock boom has its roots in tactics that fund managers, small savers and Robinhood traders alike have applied over the past decade:", "categories": [["Markets"]], "category_links": ["https://www.wsj.com/news/markets?mod=breadcrumb"]}, {"link": "https://www.wsj.com/articles/europe-doubles-down-on-data-protection-to-ward-off-silicon-valley-chinese-influence-11606300456", "title": "Europe Doubles Down on Data Protection to Ward Off Silicon Valley, Chinese Influence", "date": "2020-11-25 05:34", "summary": "New EU proposal aims to offer protections for corporate and public-service data as GDPR covers individuals. The European Union wants to take control of its own data, part of a broader effort to wrest digital influence from large companies in the U.S. and China.", "categories": [["World", "Europe"]], "category_links": ["https://www.wsj.com/news/world?mod=breadcrumb", "https://www.wsj.com/news/types/europe-news?mod=breadcrumb"]}, {"link": "https://www.wsj.com/articles/europe-covid-surge-holidy-travel-11606238690", "title": "Lessons From Europe's Covid Surge: Control Is Fragile and Losing It Is Easy", "date": "2020-11-25 05:30", "summary": "Resume Subscription. Europe seemed to have Covid-19 under control this summer, enough so that authorities let residents travel more freely among the region's countries again. Then tourists flew home from vacations with the pathogen, seeding fresh outbreaks.", "categories": [[]], "category_links": []}, {"link": "https://www.wsj.com/articles/hbo-max-hopes-flight-attendant-will-land-viewers-11606300203", "title": "HBO Max Hopes 'Flight Attendant' Will Land Viewers", "date": "2020-11-25 05:30", "summary": "Streaming service's new boss sees shows targeting women and younger viewers as way to stand out in cluttered video market. Casey Bloys was hunting for a hit that could help the new HBO Max streaming service stand out in an increasingly fragmented video market-and help differentiate it from HBO, the premium cable home to \"Succession\" and \"Game of Thrones.\"", "categories": [["Business", "Media & Marketing"]], "category_links": ["https://www.wsj.com/news/business?mod=breadcrumb", "https://www.wsj.com/news/business/media-marketing?mod=breadcrumb"]}, {"link": "https://www.wsj.com/articles/climate-researchers-enlist-big-cloud-providers-for-big-data-challenges-11606300202", "title": "Climate Researchers Enlist Big Cloud Providers for Big Data Challenges", "date": "2020-11-25 05:30", "summary": "Amazon, Google and Microsoft increasingly are providing the computing muscle scientists need to glean insights from vast stores of climate data. The cloud's ability to chew through vast amounts of data using machine-learning algorithms is drawing in more researchers from the data-intensive world of climate science.", "categories": [["CIO Journal"]], "category_links": ["https://www.wsj.com/news/types/cio-journal?mod=breadcrumb"]}, {"link": "https://www.wsj.com/articles/coca-cola-cfo-helps-company-make-cuts-operational-changes-11606300200", "title": "Coca-Cola CFO Helps Company Make Cuts, Operational Changes", "date": "2020-11-25 05:30", "summary": "The beverage giant is reducing the number of its brands and shrinking head count. Coca-Cola Co. 's finance chief John Murphy is helping the company shrink its product portfolio along with its head count as part of a restructuring effort responding to the coronavirus pandemic.", "categories": [["CFO Journal"]], "category_links": ["https://www.wsj.com/news/types/cfo-journal?mod=breadcrumb"]}, {"link": "https://www.wsj.com/articles/dow-30-000-and-the-problem-with-long-term-capitalism-11606298569", "title": "Dow 30000 and the Problem With Long-Term Capitalism", "date": "2020-11-25 05:02", "summary": "Unprecedented economic support and the rapid development of vaccines have helped investors look far beyond the horizon, but that carries risks of its own. The Dow Jones Industrial Average hit 30000 for the first time on Tuesday, after a rally of more than 60% from its March lows.", "categories": [["Markets", "Heard on the Street"]], "category_links": ["https://www.wsj.com/news/markets?mod=breadcrumb", "https://www.wsj.com/news/heard-on-the-street?mod=breadcrumb"]}, {"link": "https://www.wsj.com/articles/jd-health-ipo-adds-to-hale-and-hearty-hong-kong-market-11606298376", "title": "JD Health IPO Adds to Hale and Hearty Hong Kong Market", "date": "2020-11-25 04:59", "summary": "The deal will help lift proceeds from Hong Kong IPOs and secondary listings to a 10-year high. Hong Kong is having a standout year for stock listings, despite political turmoil and the derailment of the world's largest initial public offering.", "categories": [["Markets"]], "category_links": ["https://www.wsj.com/news/markets?mod=breadcrumb"]}, {"link": "https://www.wsj.com/articles/eu-official-raises-vetting-concerns-over-blackrock-contract-11606295834", "title": "EU Official Raises Vetting Concerns Over BlackRock Contract", "date": "2020-11-25 04:17", "summary": "European Commission is urged to update guidance on hiring contractors with potential conflicts of interest. A European Union watchdog said Wednesday the bloc's executive branch failed to properly consider potential conflicts of interest when it chose BlackRock Inc. to advise the EU on future banking regulations.", "categories": [["Markets"]], "category_links": ["https://www.wsj.com/news/markets?mod=breadcrumb"]}, {"link": "https://www.wsj.com/articles/pepper-and-salt-11606246658", "title": "Pepper...and Salt", "date": "2020-11-25 00:01", "summary": "Resume Subscription. We are delighted that you'd like to resume your subscription.", "categories": [["Opinion", "Pepper & Salt"]], "category_links": ["https://www.wsj.com/news/opinion?mod=breadcrumb", "https://www.wsj.com/news/types/pepper-salt?mod=breadcrumb"]}]