[{"link": "https://www.wsj.com/articles/fracking-services-company-fts-international-files-for-bankruptcy-11600816282", "title": "Fracking-Services Company FTS International Files for Bankruptcy", "date": "2020-09-22 19:11", "summary": "Texas-based company enters chapter 11 with prepackaged plan that swaps $440 million in debt for majority of its equity. Fracking-services company FTS International Inc. filed for bankruptcy protection Tuesday after reaching an agreement with creditors on a debt-for-equity swap following a downturn in the energy sector and lower demand for its services.", "categories": [["Pro Bankruptcy"]], "category_links": ["https://www.wsj.com/pro/bankruptcy?mod=breadcrumb"]}, {"link": "https://www.wsj.com/articles/new-york-city-council-introduces-bills-to-aid-restaurants-in-coronavirus-recovery-11600816257", "title": "N.Y. City Council Introduces Bills to Aid Restaurants in Coronavirus Recovery", "date": "2020-09-22 19:10", "summary": "The most prominent bill would establish a permanent outdoor-dining program. The New York City Council is considering several bills that would aid restaurants as they try to recover from the economic hit brought on by the new coronavirus pandemic, including one that would make sidewalk and curbside street dining permanent.", "categories": [["U.S.", "Politics"]], "category_links": ["https://www.wsj.com/news/us?mod=breadcrumb", "https://www.wsj.com/news/types/ny-politics?mod=breadcrumb"]}, {"link": "https://www.wsj.com/articles/biden-and-the-supreme-court-11600816122", "title": "Biden and the Supreme Court", "date": "2020-09-22 19:08", "summary": "He refuses to say if he'd go along with his party's court-packing scheme.. 'The voters of this country should be heard,\" Joe Biden said this weekend as he exhorted Senate Republicans to block a vote on President Trump's Supreme Court nominee. That might be clever messaging-who doesn't want voters to be heard? But there's one problem: Unlike Mr. Trump and Senate Republicans, Mr. Biden has given so few details about his Supreme Court vision that voters are left guessing at what a vote for him means for the judiciary.", "categories": [["Opinion", "Review & Outlook"]], "category_links": ["https://www.wsj.com/news/opinion?mod=breadcrumb", "https://www.wsj.com/news/types/review-outlook-u-s?mod=breadcrumb"]}, {"link": "https://www.wsj.com/articles/the-xinjiang-model-comes-to-tibet-11600816095", "title": "The Xinjiang Model Comes to Tibet", "date": "2020-09-22 19:08", "summary": "Beijing denies ill-treatment but bars unmonitored visitors.. The Communist Party's oppression of Uighur Muslims in Xinjiang has tarnished China's image and complicated its relationship with countless countries. Yet a report from the Jamestown Foundation published Tuesday says Beijing is extending this repression by bringing some of the same coercive tactics to Tibet.", "categories": [["Opinion", "Review & Outlook"]], "category_links": ["https://www.wsj.com/news/opinion?mod=breadcrumb", "https://www.wsj.com/news/types/review-outlook-u-s?mod=breadcrumb"]}, {"link": "https://www.wsj.com/articles/will-a-blue-shift-swing-wisconsin-11600816062", "title": "Will a 'Blue Shift' Swing Wisconsin?", "date": "2020-09-22 19:07", "summary": "A judge orders ballots counted until Nov. 9, nixing timely results.. Here we go again: Absentee votes in Wisconsin are due by Election Day, state law says. But on Monday a federal judge ordered the counting of ballots that arrive by Nov. 9, provided their postmarks say Nov. 3. After similar rulings in Pennsylvania and Michigan, none of the big three swing states from 2016 seems likely to have solid results on election night. It's no accident that the lawsuits in all three states have been backed by Democrats.", "categories": [["Opinion", "Review & Outlook"]], "category_links": ["https://www.wsj.com/news/opinion?mod=breadcrumb", "https://www.wsj.com/news/types/review-outlook-u-s?mod=breadcrumb"]}, {"link": "https://www.wsj.com/articles/sheldon-whitehouse-goes-dark-11600816031", "title": "Sheldon Whitehouse Goes Dark", "date": "2020-09-22 19:07", "summary": "The Senator refuses to take questions about his own dark-money ties.. We didn't know Sheldon Whitehouse scared so easily. Our editorial Tuesday laid out questions to ask the Rhode Island Senator about his own dark-money ties when he testified before a House Judiciary subcommittee. At the event he refused to answer, and Democratic Chairman Hank Johnsonlet him get away with it.", "categories": [["Opinion", "Review & Outlook"]], "category_links": ["https://www.wsj.com/news/opinion?mod=breadcrumb", "https://www.wsj.com/news/types/review-outlook-u-s?mod=breadcrumb"]}, {"link": "https://www.wsj.com/articles/avianca-nets-2-billion-in-bankruptcy-loans-from-chairman-united-airlines-and-investors-11600814547", "title": "Avianca Nets $2 Billion in Bankruptcy Loans", "date": "2020-09-22 18:42", "summary": "The financing package is backed by LifeMiles, Avianca's valuable loyalty program. Avianca Holdings SA, one of Latin America's largest airlines, lined up a $2 billion bankruptcy-loan package to finance its stay in chapter 11 from a group of investors and lenders including United Airlines Inc. and Chairman Roberto Kriete.", "categories": [["Pro Bankruptcy"]], "category_links": ["https://www.wsj.com/pro/bankruptcy?mod=breadcrumb"]}, {"link": "https://www.wsj.com/articles/whats-happening-with-tiktok-and-wechat-11600813752", "title": "What's Happening With TikTok and WeChat?", "date": "2020-09-22 18:36", "summary": "TikTok and WeChat users in the U.S. were granted a reprieve from potential bans of the apps, but uncertainty remains. TikTok and WeChat users in the U.S. have been granted a reprieve from potential bans of the apps, but for different reasons. TikTok, owned by Beijing-based ByteDance Ltd., will partner with Oracle Corp. and Walmart Inc. to become a U.S.-based company.", "categories": [["Culture"]], "category_links": ["https://www.wsj.com/news/types/noted-culture?mod=breadcrumb"]}, {"link": "https://www.wsj.com/articles/xinjiang-is-no-disneyland-11600813958", "title": "Xinjiang Is No Disneyland", "date": "2020-09-22 18:32", "summary": "Students debate the responsibility of Big Business to stand up to China.. Editor's note: In this Future View, students discuss the duty of companies that do business in China, in light of the controversy over Disney 's \"Mulan.\" Next week we'll launch a series of election-themed questions, beginning with the big picture: \"What one issue does the U.S. election boil down to?\" Students should click here to submit opinions of fewer than 250 words before Sept. 29. The best responses will be published that night.", "categories": [["Opinion", "Future View"]], "category_links": ["https://www.wsj.com/news/opinion?mod=breadcrumb", "https://www.wsj.com/news/types/future-view?mod=breadcrumb"]}, {"link": "https://www.wsj.com/articles/coronavirus-latest-news-09-22-2020-11600750066", "title": "U.S. Coronavirus Death Toll Tops 200,000", "date": "2020-09-22 18:32", "summary": "Grim milestone is reached as some guidelines and practices for stopping disease's spread have been questioned. More than 200,000 people in the U.S. have died from Covid-19, a grim milestone as Americans enter another new season with a pandemic that continues to shape every facet of life.", "categories": [["World"]], "category_links": ["https://www.wsj.com/news/world?mod=breadcrumb"]}, {"link": "https://www.wsj.com/articles/china-backslides-on-economic-reform-11600813771", "title": "China Backslides on Economic Reform", "date": "2020-09-22 18:29", "summary": "Under Xi Jinping, Beijing hasn't liberalized. It's doubled down on politically directed state capitalism.. China is the only major world economy reporting any economic growth today. It went first into Covid-19 and was first out, grinding out 3.2% growth in the most recent quarter while the U.S. shrank 9.5% and other advanced economies endured double-digit declines. High-tech monitoring, comprehensive testing and aggressive top-down containment measures enabled China to get the virus under control while others struggled. The Middle Kingdom may even deliver a modest year-over-year economic expansion in 2020.", "categories": [["Opinion", "Commentary"]], "category_links": ["https://www.wsj.com/news/opinion?mod=breadcrumb", "https://www.wsj.com/news/types/commentary-u-s?mod=breadcrumb"]}, {"link": "https://www.wsj.com/articles/stand-on-precedent-thats-a-good-boy-11600813733", "title": "Stand on Precedent. That's a Good Boy!", "date": "2020-09-22 18:28", "summary": "In 1870 a Missouri lawyer delivered 'A Tribute to a Dog.'. Among the portraits of former justices that hang in the Missouri Supreme Court building in Jefferson City stands the bust of a hound dog named Old Drum. The sculpture isn't meant as a homage to a canine. Rather, it is a tribute to a lawyer.", "categories": [["Opinion", "Commentary"]], "category_links": ["https://www.wsj.com/news/opinion?mod=breadcrumb", "https://www.wsj.com/news/types/commentary-u-s?mod=breadcrumb"]}, {"link": "https://www.wsj.com/articles/hispanic-voters-may-provide-the-margin-in-november-11600813698", "title": "Hispanic Voters May Provide the Margin in November", "date": "2020-09-22 18:28", "summary": "Will Trump's improving poll numbers be enough to neutralize Biden's natural advantage?. President Trump has said he will nominate a replacement for Justice Ruth Bader Ginsburg later this week, and it's no surprise that Judge Barbara Lagoa is high on his short list.", "categories": [["Opinion", "Upward Mobility"]], "category_links": ["https://www.wsj.com/news/opinion?mod=breadcrumb", "https://www.wsj.com/news/types/upward-mobility?mod=breadcrumb"]}, {"link": "https://www.wsj.com/articles/the-bloody-flag-review-seas-of-unrest-11600813670", "title": "'The Bloody Flag' Review: Seas of Unrest", "date": "2020-09-22 18:27", "summary": "In the fraught late 18th century, mutiny was a constant threat to the British, French and Dutch fleets of the North Atlantic and the Caribbean.. The 1789 mutiny aboard the Bounty in the course of its scientific expedition in the South Pacific remains the most famous maritime uprising of its era, and perhaps of all time. But in \"The Bloody Flag: Mutiny in the Age of Atlantic Revolution,\" Niklas Frykman portrays an era of lower-deck turbulence of far greater magnitude. In the midst of the French Revolutionary Wars (1792-1802), mutiny was a constant threat to the British, French and Dutch fleets of the North Atlantic and the Caribbean. Mr. Frykman, an assistant professor of history at the University of Pittsburgh, estimates that by the early 1800s, from one-third to one-half of seamen in the North Atlantic had been involved in at least one mutiny.", "categories": [["Books & Arts", "Books", "Bookshelf"]], "category_links": ["https://www.wsj.com/news/books-arts?mod=breadcrumb", "https://www.wsj.com/news/books-arts/books?mod=breadcrumb", "https://www.wsj.com/news/types/bookshelf?mod=breadcrumb"]}, {"link": "https://www.wsj.com/articles/notable-quotable-mitt-romney-on-the-supreme-court-11600813622", "title": "Notable & Quotable: Mitt Romney on the Supreme Court", "date": "2020-09-22 18:27", "summary": "'My liberal friends have over many decades gotten very used to the idea of having a liberal court, and that's not written in the stars.'. Sen. Mitt Romney (R., Utah) speaking Sept. 22 on the Supreme Court vacancy:", "categories": [["Opinion", "Commentary", "Notable & Quotable"]], "category_links": ["https://www.wsj.com/news/opinion?mod=breadcrumb", "https://www.wsj.com/news/types/commentary-u-s?mod=breadcrumb", "https://www.wsj.com/news/types/notable-quotable?mod=breadcrumb"]}, {"link": "https://www.wsj.com/articles/patriots-vote-in-person-11600813576", "title": "Patriots Vote in Person", "date": "2020-09-22 18:26", "summary": "And your Senate vote can lower the stakes of a presidential recount however long it takes.. Time is needed to exchange pieces of paper through the mail, as Congress understood in the Credit Card Act of 2009. It set a 21-day grace period before interest accrues to your account. It set clear rules for when your payment is complete: when received, not when postmarked. Even so, one voting-like risk doesn't exist: None of us is ever likely to be victimized by a stranger paying off our credit-card bill in our name.", "categories": [["Opinion", "Business World"]], "category_links": ["https://www.wsj.com/news/opinion?mod=breadcrumb", "https://www.wsj.com/news/types/business-world?mod=breadcrumb"]}, {"link": "https://www.wsj.com/articles/nikes-sales-bounce-back-from-coronavirus-slide-11600809973", "title": "Nike's Sales Bounce Back From Coronavirus Slide", "date": "2020-09-22 18:09", "summary": "Sneaker giant posts flat quarterly revenue as jump in digital sales offsets in-store declines. Nike Inc.'s sales rebounded in the summer quarter after slumping earlier during the coronavirus pandemic, as rising digital sales offset declining revenue at traditional stores.", "categories": [["Business", "Earnings"]], "category_links": ["https://www.wsj.com/news/business?mod=breadcrumb", "https://www.wsj.com/news/types/earnings?mod=breadcrumb"]}, {"link": "https://www.wsj.com/articles/powell-mnuchin-testify-in-congress-on-impact-of-coronavirus-relief-efforts-11600781340", "title": "Mnuchin, Powell Urge More Spending to Help Economy Recover", "date": "2020-09-22 18:04", "summary": "Officials suggest many would-be borrowers need grants, which would require new funding from Congress. The two top U.S. economic officials told lawmakers that emergency loan programs to support the coronavirus-stricken economy were largely working as intended and that more government spending would be needed to sustain the recovery.", "categories": [["Economy"]], "category_links": ["https://www.wsj.com/news/economy?mod=breadcrumb"]}, {"link": "https://www.wsj.com/articles/trump-criticizes-china-for-covid-19-response-in-united-nations-speech-11600784687", "title": "U.S.-China Rift Worries World Leaders at the United Nations", "date": "2020-09-22 17:47", "summary": "Rising tensions leave other countries caught in the middle; 'when elephants fight, it is the grass that gets trampled flat'. World leaders sounded alarms Tuesday over the widening rift between the U.S. and China, warning that a lack of cooperation could worsen the coronavirus pandemic, slow a global economic recovery or even lead to outright conflict.", "categories": [["World"]], "category_links": ["https://www.wsj.com/news/world?mod=breadcrumb"]}, {"link": "https://www.wsj.com/articles/cdc-advisory-panel-to-delay-vote-on-initial-covid-19-vaccine-roll-out-11600772401", "title": "CDC Advisory Panel to Delay Vote on Initial Vaccine Rollout", "date": "2020-09-22 17:36", "summary": "Committee may wait until government authorizes specific vaccine or vaccines before voting on prioritization plan for recipients. A federal vaccine advisory committee will put off a vote on recommending who should get initial limited doses of any Covid-19 vaccine in the U.S. until committee members learn more about the vaccines that could become available first, according to people familiar with the matter.", "categories": [["WSJ News Exclusive", "Politics"]], "category_links": ["https://www.wsj.com/news/politics?mod=breadcrumb"]}, {"link": "https://www.wsj.com/articles/whos-protesting-now-11600810390", "title": "Who's Protesting Now?", "date": "2020-09-22 17:33", "summary": "The New York Times discovers antifa in the suburbs, where another movement is also making noise.. Former Vice President Joe Bidenlikes to pretend that this year's violent protests are largely the work of right-wingers and white supremacists. He'll get another chance to cling to this fantasy in the first presidential debate against Donald Trump, next week in Cleveland.", "categories": [["Opinion", "Best of the Web"]], "category_links": ["https://www.wsj.com/news/opinion?mod=breadcrumb", "https://www.wsj.com/news/types/best-of-the-web-today?mod=breadcrumb"]}, {"link": "https://www.wsj.com/articles/louisville-police-brace-for-decision-in-breonna-taylor-shooting-case-11600793015", "title": "Louisville Police Brace for Decision in Breonna Taylor Shooting Case", "date": "2020-09-22 16:56", "summary": "Kentucky attorney general expected to announce whether to bring charges against city officers. Louisville police restricted access to the city's downtown ahead of an expected decision by the Kentucky attorney general on whether to bring charges against police officers involved in Breonna Taylor's killing.", "categories": [["U.S."]], "category_links": ["https://www.wsj.com/news/us?mod=breadcrumb"]}, {"link": "https://www.wsj.com/articles/an-art-museum-sells-its-soul-11600808127", "title": "An Art Museum Sells Its Soul", "date": "2020-09-22 16:55", "summary": "The Everson Museum of Art, which plans to auction off its prize Pollock painting, is using the laudable aim of funding a more diverse collection as an excuse to betray the public trust.. ", "categories": [["Books & Arts", "Arts & Entertainment"]], "category_links": ["https://www.wsj.com/news/books-arts?mod=breadcrumb", "https://www.wsj.com/news/types/sightings?mod=breadcrumb"]}, {"link": "https://www.wsj.com/articles/a-wilderness-of-errors-review-the-absence-of-absolutes-11600807990", "title": "'A Wilderness of Error' Review: The Absence of Absolutes", "date": "2020-09-22 16:53", "summary": "A nuanced documentary series on FX revisits the tangled history of the Jeffrey MacDonald murder case.. The only concrete conclusion reached by the engrossing/frustrating \"A Wilderness of Error\" is that even a guilty man can be deprived of a fair trial. And that when a crime defies logic, the search for the absolute truth about it is, at best, quixotic.", "categories": [["Books & Arts", "Television Review"]], "category_links": ["https://www.wsj.com/news/books-arts?mod=breadcrumb", "https://www.wsj.com/news/types/television-review?mod=breadcrumb"]}, {"link": "https://www.wsj.com/articles/french-foreign-minister-says-lvmh-query-led-to-letter-on-tiffany-deal-11600807877", "title": "French Foreign Minister Says LVMH Query Led to Letter on Tiffany Deal", "date": "2020-09-22 16:51", "summary": "His remark calls into question earlier statements by the luxury conglomerate about backing out of the deal. PARIS-French Foreign Minister Jean-Yves Le Drian said he was responding to a query from LVMH Mo\u00ebt Hennessy Louis Vuitton SE when he wrote a letter to the luxury conglomerate asking it to delay its acquisition of Tiffany & Co.", "categories": [["Business"]], "category_links": ["https://www.wsj.com/news/business?mod=breadcrumb"]}, {"link": "https://www.wsj.com/articles/ford-to-build-electric-cars-in-canada-as-part-of-labor-deal-11600793594", "title": "Ford to Build Electric Cars in Canada as Part of Labor Deal", "date": "2020-09-22 16:45", "summary": "Ford and union set three-year pact that includes $1.5 billion investment in Canadian plants. OTTAWA- Ford Motor Co. has reached a tentative labor deal with its 5,400 unionized employees in Canada that also secures a nearly $1.5 billion investment in two plants and a commitment to build electric cars in suburban Toronto.", "categories": [["Business", "Autos & Transportation", "Autos Industry"]], "category_links": ["https://www.wsj.com/news/business?mod=breadcrumb", "https://www.wsj.com/news/business/transportation?mod=breadcrumb", "https://www.wsj.com/news/types/autos?mod=breadcrumb"]}, {"link": "https://www.wsj.com/articles/global-stock-markets-dow-update-9-22-2020-11600764354", "title": "U.S. Stocks End Higher as S&P 500 Snaps Losing Streak", "date": "2020-09-22 16:43", "summary": "The recovery follows a bout of volatility that has tested investors' confidence in the market's monthslong rebound. U.S. stocks rose Tuesday, stabilizing after a bout of volatility that had tested investors' confidence in the market's monthslong rebound.", "categories": [["Markets", "U.S. Markets"]], "category_links": ["https://www.wsj.com/news/markets?mod=breadcrumb", "https://www.wsj.com/news/types/today-s-markets?mod=breadcrumb"]}, {"link": "https://www.wsj.com/articles/rouhani-trump-rebuke-one-anothers-nations-on-u-n-s-virtual-stage-11600806980", "title": "Rouhani, Trump Rebuke One Another's Nations on U.N.'s Virtual Stage", "date": "2020-09-22 16:36", "summary": "Iranian leader says U.S. 'humiliated' itself with failed sanctions effort; Trump boasts of quitting 'terrible' U.N.-blessed nuclear pact. The U.S. and Iranian presidents on Tuesday took their nations' dispute to the virtual world stage, trading attacks over the 2015 multilateral nuclear deal, the U.S. \"maximum pressure\" campaign, Iran's role in regional security and the U.S. killing of a prominent Iranian military commander in January.", "categories": [["World"]], "category_links": ["https://www.wsj.com/news/world?mod=breadcrumb"]}, {"link": "https://www.wsj.com/articles/nikolas-finance-chief-defends-business-model-11600792783", "title": "Nikola Executive Defends Business Model", "date": "2020-09-22 16:24", "summary": "Electric-truck firm's partners are staying the course despite allegations by short seller, CFO says. A Nikola Corp. executive defended the electric-truck firm's technology and business plan, telling an investor conference that its partners are staying the course following the departure of its high-profile founder and executive chairman.", "categories": [["Business", "Autos & Transportation", "Autos Industry"]], "category_links": ["https://www.wsj.com/news/business?mod=breadcrumb", "https://www.wsj.com/news/business/transportation?mod=breadcrumb", "https://www.wsj.com/news/types/autos?mod=breadcrumb"]}, {"link": "https://www.wsj.com/articles/this-breakthrough-blondie-recipe-will-make-you-forget-all-about-brownies-11600805356", "title": "This Breakthrough Blondie Recipe Will Make You Forget All About Brownies", "date": "2020-09-22 16:09", "summary": "The topping of caramel almonds sells it, but it's the rich, complex flavor of brown butter in the base that makes this update on classic blondies unforgettable. PRESENTED WITH a blondie and a brownie, most people will reach for the brownie. Top the blondie with a thick layer of sliced almonds suspended in rich caramel, and the odds will tilt sharply in the other direction.", "categories": [["Life & Work", "Food & Drink", "A Little Something Sweet"]], "category_links": ["https://www.wsj.com/news/life-work?mod=breadcrumb", "https://www.wsj.com/news/life-work/food-cooking-drink?mod=breadcrumb", "https://www.wsj.com/news/types/a-little-something-sweet?mod=breadcrumb"]}, {"link": "https://www.wsj.com/articles/teslas-battery-day-why-elon-musk-and-other-car-makers-are-fighting-over-batteries-11600772401", "title": "Tesla's Battery Day: Why Elon Musk and Other Car Makers Are Fighting Over Batteries", "date": "2020-09-22 16:03", "summary": "Race is on for power cells that provide greater vehicle range at lower cost. Tesla Inc. Chief Executive Elon Musk on Tuesday will spell out his vision for the future of the company's car batteries. The Silicon Valley electric vehicle maker-along with automotive suppliers and rivals such as General Motors Co.-are on the hunt for batteries that are better and cheaper. Here is what you need to know:", "categories": [["Tech"]], "category_links": ["https://www.wsj.com/news/technology?mod=breadcrumb"]}, {"link": "https://www.wsj.com/articles/why-business-will-miss-ruth-bader-ginsburg-11600804792", "title": "Ruth Bader Ginsburg and American Business", "date": "2020-09-22 15:59", "summary": "Here's what the Supreme Court vacancy could mean for U.S. corporations. Editor's note: This is an excerpt from our newsletter, \"2020 Election+Business,\" a weekly dive into the intersection of business, finance and the 2020 election. You can sign up here.", "categories": [["Business"]], "category_links": ["https://www.wsj.com/news/business?mod=breadcrumb"]}, {"link": "https://www.wsj.com/articles/schools-drop-an-online-curriculum-after-teacher-parent-complaints-11600804539", "title": "'G is for Gun': Online Curriculum Outrages Parents", "date": "2020-09-22 15:55", "summary": "Racist, inaccurate content in lessons stirs backlash; Acellus founder denies claims about alleged religious sect. Paige Kemerer opened her school's new online program and saw a lesson that used an image of beer to teach about St. Patrick's Day. Another used the wrong picture for St. Augustine, Fla. And one inaccurately said Rosa Parks was arrested because she didn't sit in the Blacks only section on a bus, instead of correctly noting that she refused to give up her seat to a white man, said Ms. Kemerer, a third-grade teacher at Kapa'a Elementary School on the island of Kauai in Hawaii.", "categories": [["U.S.", "Education"]], "category_links": ["https://www.wsj.com/news/us?mod=breadcrumb", "https://www.wsj.com/news/types/education?mod=breadcrumb"]}, {"link": "https://www.wsj.com/articles/how-covid-19-lockdowns-have-boosted-mother-daughter-bonds-11600804296", "title": "How Covid-19 Lockdowns Have Boosted Mother-Daughter Bonds", "date": "2020-09-22 15:51", "summary": "Some relationships have deepened in the American family during the pandemic, a broad survey suggests; 'We got so much closer'. Instead of going to summer camp this year, Ava Littman hiked on trails with her mother, Tara Cook-Littman, listening to stories about her mom's childhood and opening up about how much she missed her friends.", "categories": [["Life & Work", "Turning Points"]], "category_links": ["https://www.wsj.com/news/life-work?mod=breadcrumb", "https://www.wsj.com/news/types/turning-points?mod=breadcrumb"]}, {"link": "https://www.wsj.com/articles/new-york-city-deals-legal-blow-in-plan-to-close-rikers-island-11600803801", "title": "New York City Dealt Legal Blow in Plan to Close Rikers Island", "date": "2020-09-22 15:43", "summary": "Supreme Court judge sides with residents who oppose new Manhattan jail; city will appeal. A Manhattan judge sided with residents who seek to block construction of a new jail in Chinatown, potentially dealing a blow to Mayor Bill de Blasio's plan to replace the Rikers Island jail complex with smaller detention centers in other boroughs.", "categories": [["U.S.", "New York"]], "category_links": ["https://www.wsj.com/news/us?mod=breadcrumb", "https://www.wsj.com/news/types/new-york?mod=breadcrumb"]}, {"link": "https://www.wsj.com/articles/online-classes-in-new-york-could-reach-nearly-70-students-11600800407", "title": "New York's Online Class Sizes Could Reach Nearly 70 Students", "date": "2020-09-22 15:35", "summary": "As more families choose remote learning and teacher shortage looms, district allows larger class sizes online. New York Public Schools teacher Kirk Schneider is teaching six online geometry classes, each meeting twice a week. He is also teaching a remote social emotional learning class three times a week, which helps students address personal challenges during the pandemic, with about 25 children in each class.", "categories": [["U.S.", "Schools"]], "category_links": ["https://www.wsj.com/news/us?mod=breadcrumb", "https://www.wsj.com/news/types/ny-schools?mod=breadcrumb"]}, {"link": "https://www.wsj.com/articles/modern-minimalist-living-spaces-prove-you-cant-judge-this-houston-tudor-by-its-cover-11600803024", "title": "Modern, Minimalist Living Spaces Prove You Can't Judge This Houston Tudor by Its Cover", "date": "2020-09-22 15:30", "summary": "Behind the design of the home's dining and living rooms, which cost roughly $534,600 to create. It's hard to believe that the modern minimalist dining and living rooms pictured here exist in a 12,263-square-foot French Tudor-style home in Memorial Villages, an affluent section of Houston. \"This was an $8 million spec house that we came in and fixed,\" said Nina Magon, principal and creative director of Contour Interior Design in Houston. The owners, the co-head of an energy investment company and a rheumatologist with two young children, love to entertain and asked Ms. Magon to incorporate \"stand-out pieces that look like art\" from \"top designer brands\" in the design of the two rooms. Which she did, at a total cost of about $534,600. \"It's a little different for this area. You generally don't see spaces designed like this,\" said Ms. Magon of the results. \"The rest of Houston will have to catch up to this design.\" Here are some of the rooms' costs.", "categories": [["Real Estate", "Homes"]], "category_links": ["https://www.wsj.com/news/realestate?mod=breadcrumb", "https://www.wsj.com/news/types/homes?mod=breadcrumb"]}, {"link": "https://www.wsj.com/articles/boris-johnson-introduces-new-covid-19-restrictions-to-curb-second-wave-in-the-u-k-11600780834", "title": "U.K. Introduces New Covid-19 Restrictions to Curb Second Wave", "date": "2020-09-22 15:26", "summary": "Government urges people to work from home, limits pub hours, reverses plan to open sporting events to public. LONDON-British Prime Minister Boris Johnson announced a series of new coronavirus restrictions for England, including earlier pub-closing times, as his government tries to quell a second wave of infections while avoiding another economically damaging nationwide lockdown.", "categories": [["World", "Europe", "U.K."]], "category_links": ["https://www.wsj.com/news/world?mod=breadcrumb", "https://www.wsj.com/news/types/europe-news?mod=breadcrumb", "https://www.wsj.com/news/types/u-k-news?mod=breadcrumb"]}, {"link": "https://www.wsj.com/articles/two-n-y-men-accused-of-trading-on-inside-information-from-s-p-dow-jones-indices-11600734328", "title": "Two N.Y. Men Accused of Trading on Inside Information From S&P Dow Jones Indices", "date": "2020-09-22 15:26", "summary": "Yinghang 'James' Yang, a senior index manager, and his friend, Yuanbiao Chen, were accused of running the scheme for several months last year. Two New York men are accused of making more than $900,000 in an insider-trading scheme, using confidential information on publicly traded companies from the S&P Dow Jones Indices, the company that manages the S&P 500 benchmark and other indexes.", "categories": [["Risk & Compliance Journal"]], "category_links": ["https://www.wsj.com/news/types/risk-compliance-journal?mod=breadcrumb"]}, {"link": "https://www.wsj.com/articles/u-n-general-assembly-world-leaders-address-covid-19-crisis-11600790237", "title": "World Leaders Address Covid-19 Crisis at U.N. General Assembly", "date": "2020-09-22 15:15", "summary": "President Trump blames China for the pandemic while Beijing and others implore nations to work together to fight the virus. Heads of state and United Nations leaders addressed the U.N. General Assembly on Tuesday on the Covid-19 pandemic, laying blame and finding fault -and imploring the body to work together to fight the virus. Here are some excerpts:", "categories": [["World"]], "category_links": ["https://www.wsj.com/news/world?mod=breadcrumb"]}, {"link": "https://www.wsj.com/articles/getting-the-census-right-a-bipartisan-issue-11600801458", "title": "Getting the Census Right: A Bipartisan Issue", "date": "2020-09-22 15:04", "summary": "The Census Bureau itself has indicated there is the potential for \"serious errors\" in the data if it is forced to deliver its findings by Dec. 31.. Your editorial \"The Next Census Brawl\" (Sept. 14) implies that Democrats are the only ones concerned with a shortened Census count, but the Census Bureau itself has indicated there is the potential for \"serious errors\" in the data if it is forced to deliver its findings by Dec. 31.", "categories": [["Opinion", "Letters"]], "category_links": ["https://www.wsj.com/news/opinion?mod=breadcrumb", "https://www.wsj.com/news/types/letters?mod=breadcrumb"]}, {"link": "https://www.wsj.com/articles/aluminum-tariff-hurt-u-s-manufacturing-11600801409", "title": "Aluminum Tariff Hurt U.S. Manufacturing", "date": "2020-09-22 15:03", "summary": "Aluminum from Canada is critically important to U.S. manufacturing and defense capabilities, as the U.S. doesn't have the domestic production capacity to fulfill demand.. Your editorial \"An Aluminum Tariff Reprieve\" (Sept. 17) makes good note of the political motives of the U.S. Trade Representative's substitution of the highly unpopular aluminum tariffs on Canada with arbitrary quotas that will not impact Americans until after Election Day. However, while the USTR's announcement may have kicked the political can further down the road, the notion that the \"tariff reprieve spares manufacturers and consumers for now,\" unfortunately neglects the long-term effects the tariffs have already inflicted on U.S. manufacturers. Aluminum from Canada is critically important to U.S. manufacturing and defense capabilities, as the U.S. doesn't have the domestic production capacity to fulfill demand, especially during a global pandemic that has strained supply chains.", "categories": [["Opinion", "Letters"]], "category_links": ["https://www.wsj.com/news/opinion?mod=breadcrumb", "https://www.wsj.com/news/types/letters?mod=breadcrumb"]}, {"link": "https://www.wsj.com/articles/rittenhouse-facebook-and-president-trump-11600801372", "title": "Rittenhouse, Facebook and President Trump", "date": "2020-09-22 15:02", "summary": "Assuming President Trump's assertions that Facebook is full of fake news and slam pieces, why shouldn't Facebook be actively working on its censorship algorithms and policies?. Regarding your editorial \"Facebook's Rittenhouse Mistake\" (Sept. 5): By tweeting his thoughts on guilt versus innocence in the Kyle Rittenhouse case, the president of our un-United States has done more to tamper with potential jury pools than Facebook ever could by censoring content about the case.", "categories": [["Opinion", "Letters"]], "category_links": ["https://www.wsj.com/news/opinion?mod=breadcrumb", "https://www.wsj.com/news/types/letters?mod=breadcrumb"]}, {"link": "https://www.wsj.com/articles/remote-classes-need-good-internet-service-11600801310", "title": "Remote Classes Need Good Internet Service", "date": "2020-09-22 15:01", "summary": "Community Networks can serve as a viable solution for expanding internet access in the U.S. and around the world.. The lack of broadband internet access in West Virginia is a microcosm of a global issue (\"Online Classes Are Offline for Many,\" U.S. News, Sept. 14). Almost half of the world's population lacks access to the internet, but many people are unaware of the extent of the digital divide.", "categories": [["Opinion", "Letters"]], "category_links": ["https://www.wsj.com/news/opinion?mod=breadcrumb", "https://www.wsj.com/news/types/letters?mod=breadcrumb"]}, {"link": "https://www.wsj.com/articles/apartment-startup-common-bets-on-expansion-despite-pandemic-11600801230", "title": "Apartment Startup Common Bets on Expansion Despite Pandemic", "date": "2020-09-22 15:00", "summary": "The co-living and rental-apartment management company completed the raising of $50 million in new venture capital. Apartment rents in big cities are dropping, but some entrepreneurs and venture investors are still making long-term bets on the housing industry.", "categories": [["Real Estate", "Property Report"]], "category_links": ["https://www.wsj.com/news/realestate?mod=breadcrumb", "https://www.wsj.com/news/types/property-report?mod=breadcrumb"]}, {"link": "https://www.wsj.com/articles/stock-valuation-tool-loses-accuracy-at-very-low-rates-11600801176", "title": "Stock Valuation Tool Loses Accuracy at Very Low Rates", "date": "2020-09-22 14:59", "summary": "As the capitalization/discount rate approaches zero, the present value approaches infinity.. \"Bond Yields Encourage Risk Taking\" (Business & Finance, Sept. 15) says that one reason for the stock rally is that \"in formulas used to estimate what stock prices should be, lower yields help pull down the so-called discount rate . . . [which] makes future corporate earnings more valuable.\"", "categories": [["Opinion", "Letters"]], "category_links": ["https://www.wsj.com/news/opinion?mod=breadcrumb", "https://www.wsj.com/news/types/letters?mod=breadcrumb"]}, {"link": "https://www.wsj.com/articles/is-there-life-after-a-tiktok-ban-a-nation-goes-into-withdrawal-11600801008", "title": "Is There Life After a TikTok Ban? A Nation Goes Into Withdrawal", "date": "2020-09-22 14:56", "summary": "Bereft fans in India, where TikTok was banned this summer, say other apps just aren't the same. NEW DELHI - American fans of TikTok have recently been left pondering a possible future without their favorite short-video sharing app. India knows what that future looks like, and it isn't pretty.", "categories": [["A-hed"]], "category_links": ["https://www.wsj.com/news/types/a-hed?mod=breadcrumb"]}, {"link": "https://www.wsj.com/articles/will-working-from-home-kill-the-bra-forever-11600800918", "title": "Will Working From Home Kill the Bra Forever?", "date": "2020-09-22 14:55", "summary": "A historical perspective on the underpinning that is losing traction during the pandemic. WORN A BRA LATELY? Both anecdotal evidence and sagging sales figures suggest that, in the era of WFH and its corollary, a repudiation of any hint of containment, many women are answering \"no\" to that question. Which is why this column will focus not on a garment that's being worn but one that's been cast aside.", "categories": [["Life & Work", "Style & Fashion", "Fashion"]], "category_links": ["https://www.wsj.com/news/life-work?mod=breadcrumb", "https://www.wsj.com/news/life-work/fashion?mod=breadcrumb", "https://www.wsj.com/news/types/fashion?mod=breadcrumb"]}, {"link": "https://www.wsj.com/articles/oil-market-flies-blind-as-covid-19-clouds-demand-outlook-11600767600", "title": "Oil Market Flies Blind as Virus Clouds Demand Outlook", "date": "2020-09-22 14:53", "summary": "Lack of visibility has contributed to renewed turbulence in the market after prices rose over the summer. Predicting oil demand has rarely been more challenging, buffeting prices and muddying the outlook for traders, investors and energy producers.", "categories": [["Markets", "Commodities", "Oil Markets"]], "category_links": ["https://www.wsj.com/news/markets?mod=breadcrumb", "https://www.wsj.com/market-data/commodities?mod=breadcrumb", "https://www.wsj.com/news/types/oil-markets?mod=breadcrumb"]}, {"link": "https://www.wsj.com/articles/designed-for-the-digital-stage-11600800444", "title": "Designed for the Digital Stage", "date": "2020-09-22 14:47", "summary": "American opera companies, including Houston Grand Opera, have begun to create original content for virtual viewing.. ", "categories": [["Books & Arts", "Opera Review"]], "category_links": ["https://www.wsj.com/news/books-arts?mod=breadcrumb", "https://www.wsj.com/news/types/opera-review?mod=breadcrumb"]}, {"link": "https://www.wsj.com/articles/university-of-california-admitted-dozens-of-less-qualified-but-well-connected-students-state-auditor-finds-11600799458", "title": "University of California Admitted Less Qualified but Well-Connected Students", "date": "2020-09-22 14:31", "summary": "More than 20 of the students were inappropriately tagged as athletic recruits; report says admissions controls were particularly weak at Berkeley. The University of California system admitted dozens of applicants with connections to donors and employees over better qualified candidates in recent years, the state's auditor said Tuesday.", "categories": [["U.S."]], "category_links": ["https://www.wsj.com/news/us?mod=breadcrumb"]}, {"link": "https://www.wsj.com/articles/explosion-rocks-hezbollah-stronghold-in-southern-lebanon-11600789454", "title": "Explosion Rocks Hezbollah Stronghold in Lebanon", "date": "2020-09-22 14:25", "summary": "Blast comes as nation is still recovering from deadly explosion last month that destroyed parts of Beirut. BEIRUT-A large explosion shook a Hezbollah stronghold in southern Lebanon on Tuesday, sending a thick plume of smoke over a country still reeling from the deadly Beirut explosion last month that devastated parts of the capital.", "categories": [["World", "Middle East"]], "category_links": ["https://www.wsj.com/news/world?mod=breadcrumb", "https://www.wsj.com/news/types/middle-east-news?mod=breadcrumb"]}, {"link": "https://www.wsj.com/articles/new-york-regulator-pushes-insurers-on-climate-change-11600798837", "title": "New York Regulator Pushes Insurers on Climate Change", "date": "2020-09-22 14:20", "summary": "The effort comes amid concerns that severe weather related to climate change is spurring more losses for insurance companies. One of New York state's top financial watchdogs urged insurers to better manage the risks they face from climate change, joining other regulators world-wide raising alarms about the shocks severe weather could cause the financial system.", "categories": [["Risk & Compliance Journal"]], "category_links": ["https://www.wsj.com/news/types/risk-compliance-journal?mod=breadcrumb"]}, {"link": "https://www.wsj.com/articles/u-s-existing-home-sales-continued-to-climb-in-august-11600784199", "title": "U.S. Home Sales Extended Powerful Rebound Into August", "date": "2020-09-22 14:08", "summary": "Sales rose 10.5% on annual basis, putting the summer's housing market well ahead of last year's sales levels. Home sales rose in August for the third consecutive month, fueled by robust demand for luxury homes and a pickup in Northeast sales that kept the housing market hot.", "categories": [["Economy", "U.S. Economy"]], "category_links": ["https://www.wsj.com/news/economy?mod=breadcrumb", "https://www.wsj.com/news/types/u-s-economy?mod=breadcrumb"]}, {"link": "https://www.wsj.com/articles/after-postponing-davos-because-of-covid-19-meeting-seeks-new-site-11600797599", "title": "Davos Organizers Seek New Site After Postponing Meeting", "date": "2020-09-22 13:59", "summary": "World Economic Forum says the annual gathering is still on for next summer, but will take place elsewhere in Switzerland. The World Economic Forum won't be meeting in Davos at all in 2021 after initially postponing its annual session in January because of the coronavirus crisis, and it is now looking at other locations elsewhere in Switzerland for the gathering.", "categories": [["World"]], "category_links": ["https://www.wsj.com/news/world?mod=breadcrumb"]}, {"link": "https://www.wsj.com/articles/looking-for-a-new-couch-on-the-cheap-welcome-to-stooping-instagram-11600792876", "title": "Looking for a New Couch on the Cheap? Welcome to 'Stooping' Instagram", "date": "2020-09-22 13:41", "summary": "Scavengers looking for free furniture are following postings on the platform to find items, but they have to act fast. As the coronavirus pandemic has prompted some residents to leave big cities-and their furniture-behind, more people are using Instagram to seek out abandoned curbside items, from couches to houseplants. People working from home, eager for a change of desk-front scenery and out-of-work residents on tight budgets have added to the \"stooping\" competition. Instagram accounts dedicated to aggregating pictures and locations of discarded furniture are popping up in cities like New York City, Philadelphia, Richmond, Va., and Amsterdam. Savvy users can find pieces that would be worth thousands of dollars new-if they act fast. \"I got there 35 minutes after multiple items had been posted and every single thing was gone,\" said \"stooper\" Natasha Lekwa, 32, a Williamsburg business consultant. \"I was like OK, 'I gotta get on my game.' \"", "categories": [["Money"]], "category_links": ["https://www.wsj.com/news/types/noted-money?mod=breadcrumb"]}, {"link": "https://www.wsj.com/articles/nbcuniversal-chief-takes-aim-at-cable-channel-fiefdoms-in-entertainment-overhaul-11600794819", "title": "NBCUniversal's Cable Channels Were a Crown Jewel. Now They're an 'Albatross.'", "date": "2020-09-22 13:13", "summary": "With channels like E!, Oxygen and Syfy on borrowed time, media company pushes deep cuts and centralizes program decisions. For years, NBCUniversal's cable networks, channels like USA, Bravo and E!, were power centers in the media company, each with a mandate to promote their own programming and brands.", "categories": [["Business", "Media & Marketing"]], "category_links": ["https://www.wsj.com/news/business?mod=breadcrumb", "https://www.wsj.com/news/business/media-marketing?mod=breadcrumb"]}, {"link": "https://www.wsj.com/articles/most-republicans-back-trump-on-moving-forward-with-supreme-court-nominee-11600794075", "title": "Most Republicans Back Trump on Moving Forward With Supreme Court Nominee", "date": "2020-09-22 13:01", "summary": "With two exceptions, GOP senators fall in behind party leaders. Senate Republicans have largely lined up behind President Trump and Senate Majority Leader Mitch McConnell (R., Ky.) in moving ahead with a Supreme Court nomination ahead of Election Day.", "categories": [["Politics"]], "category_links": ["https://www.wsj.com/news/politics?mod=breadcrumb"]}, {"link": "https://www.wsj.com/articles/covid-19-can-keep-autozone-in-the-fast-lane-11600793457", "title": "Covid-19 Can Keep AutoZone in the Fast Lane", "date": "2020-09-22 12:50", "summary": "With more drivers sticking with older cars and taking on do-it-yourself repair projects, AutoZone is in the right place at the right time.. There are only a few places where investors seem to be driving defensively despite impressive growth. Auto-parts retail is one of them.", "categories": [["Markets", "Heard on the Street"]], "category_links": ["https://www.wsj.com/news/markets?mod=breadcrumb", "https://www.wsj.com/news/heard-on-the-street?mod=breadcrumb"]}, {"link": "https://www.wsj.com/articles/maine-to-use-ranked-choice-voting-in-presidential-race-11600791289", "title": "Maine to Use Ranked-Choice Voting in Presidential Race", "date": "2020-09-22 12:14", "summary": "State's highest court says GOP failed to get enough signatures for a 'people's veto' referendum. PORTLAND, Maine-Ranked-choice voting will be used for the first time in a presidential race under a ruling Tuesday by the Maine Supreme Court, which concluded a GOP petition drive came up short.", "categories": [["Politics", "Election 2020"]], "category_links": ["https://www.wsj.com/news/politics?mod=breadcrumb", "https://www.wsj.com/news/types/election-2020?mod=breadcrumb"]}, {"link": "https://www.wsj.com/articles/at-16-kim-cattrall-moved-alone-to-new-york-to-study-acting-11600790505", "title": "At 16, Kim Cattrall Moved Alone to New York to Study Acting", "date": "2020-09-22 12:01", "summary": "The 'Filthy Rich' star reflects on leaving Liverpool for Canada, discovering the theater and why 'Sex and the City' didn't appeal to her at first. Kim Cattrall, 64, is an actress best known for her role as Samantha in \"Sex and the City.\" She stars in Fox's satirical drama series \"Filthy Rich.\" She spoke with Marc Myers.", "categories": [["Real Estate", "House Call"]], "category_links": ["https://www.wsj.com/news/realestate?mod=breadcrumb", "https://www.wsj.com/news/types/house-call?mod=breadcrumb"]}, {"link": "https://www.wsj.com/articles/ralph-lauren-to-cut-15-of-workforce-after-coronavirus-lockdowns-reduced-demand-11600790209", "title": "Ralph Lauren to Cut 15% of Workforce After Coronavirus Lockdowns Reduced Demand", "date": "2020-09-22 11:56", "summary": "Steep revenue drop and $127 million quarterly loss reflect store closings during the pandemic. Ralph Lauren Corp. said it would cut its workforce by roughly 15%, reflecting a sharp drop in revenue tied to coronavirus-related store closures earlier this year and potential challenges ahead, as economies in different markets try to recover.", "categories": [["Business", "Earnings"]], "category_links": ["https://www.wsj.com/news/business?mod=breadcrumb", "https://www.wsj.com/news/types/earnings?mod=breadcrumb"]}, {"link": "https://www.wsj.com/articles/a-little-debate-on-plasma-is-healthy-for-science-11600790067", "title": "A Little Debate on Plasma Is Healthy for Science", "date": "2020-09-22 11:54", "summary": "The FDA says it's likely effective, while NIH urges caution. The answer: Get more data from trials.. By now many have heard about the debate over convalescent plasma as an effective treatment for Covid-19. On Aug. 23, the FDA issued an Emergency Use Authorization stating that convalescent plasma-extracted from the blood of recovered patients-\"may be effective\" in hospitalized patients and can be used in the current emergency. The agency stopped short of fully authorizing or licensing convalescent plasma. But on Sept. 1 a National Institutes of Health panel argued that the data were insufficient \"to recommend either for or against\" use of plasma.", "categories": [["Opinion", "Commentary"]], "category_links": ["https://www.wsj.com/news/opinion?mod=breadcrumb", "https://www.wsj.com/news/types/commentary-u-s?mod=breadcrumb"]}, {"link": "https://www.wsj.com/articles/republicans-play-with-fire-on-the-court-11600790025", "title": "Republicans Play With Fire on the Court", "date": "2020-09-22 11:53", "summary": "Most voters want the next president to fill the seat and may punish GOP senators.. The fight over replacing Justice Ruth Bader Ginsburg has added fuel to a raging political fire. President Trump evidently believes that swiftly announcing his choice and pushing for a vote will improve his re-election prospects; the opening is deflecting public attention from the Covid-19 pandemic. Senate Majority Leader Mitch McConnell, who regards a transformed federal judiciary as his principal legacy, is equally committed to replacing Justice Ginsburg.", "categories": [["Opinion", "Politics & Ideas"]], "category_links": ["https://www.wsj.com/news/opinion?mod=breadcrumb", "https://www.wsj.com/news/types/politics-ideas?mod=breadcrumb"]}, {"link": "https://www.wsj.com/articles/amazon-restricts-advertising-competitor-device-makers-roku-arlo-11600786638", "title": "Amazon Restricts Ad Buying by Rivals", "date": "2020-09-22 11:03", "summary": "Resume Subscription. Amazon.com Inc. is limiting the ability of some competitors to promote their rival smart speakers, video doorbells and other devices on its dominant e-commerce platform, according to Amazon employees and executives at rival companies and advertising firms.", "categories": [[]], "category_links": []}, {"link": "https://www.wsj.com/articles/soho-penthouse-breaks-neighborhood-record-11600786766", "title": "Soho Scores Its Priciest-Ever Deal With $35.14 Million Penthouse Sale", "date": "2020-09-22 11:00", "summary": "The transaction is one of the most expensive to close in New York City since the coronavirus pandemic hit. In one of the largest New York City deals to close since the pandemic, a Soho penthouse has sold for $35.14 million, setting a record for the neighborhood.", "categories": [["Real Estate", "Private Properties"]], "category_links": ["https://www.wsj.com/news/realestate?mod=breadcrumb", "https://www.wsj.com/news/types/private-properties?mod=breadcrumb"]}, {"link": "https://www.wsj.com/articles/a-swanky-triplex-in-soho-11600786713", "title": "A Swanky Triplex In Soho", "date": "2020-09-22 10:58", "summary": "Extensively renovated, the apartment features wood-burning fireplaces and lots of neutral tones. We are delighted that you'd like to resume your subscription.", "categories": [[]], "category_links": []}, {"link": "https://www.wsj.com/articles/reopening-colleges-likely-fueled-covid-19-significantly-study-finds-11600776001", "title": "Reopening Colleges Likely Fueled Covid-19 Significantly, Study Says", "date": "2020-09-22 10:52", "summary": "Research suggests in-person classes led to thousands of additional cases each day in the U.S.. Colleges and universities that reopened for face-to-face instruction might have caused tens of thousands of additional cases of Covid-19 in recent weeks, according to a new study conducted by researchers at the University of North Carolina at Greensboro, Indiana University, the University of Washington and Davidson College.", "categories": [["U.S.", "Education"]], "category_links": ["https://www.wsj.com/news/us?mod=breadcrumb", "https://www.wsj.com/news/types/education?mod=breadcrumb"]}, {"link": "https://www.wsj.com/articles/september-brings-a-reality-check-for-stocks-11600785740", "title": "September Brings a Reality Check for Stocks", "date": "2020-09-22 10:42", "summary": "Latest selloff has improved the balance between market performance and earnings expectations. September is living up to its well-known reputation as a poor month for stocks. Investors may grow to appreciate it.", "categories": [["Markets", "Heard on the Street"]], "category_links": ["https://www.wsj.com/news/markets?mod=breadcrumb", "https://www.wsj.com/news/heard-on-the-street?mod=breadcrumb"]}, {"link": "https://www.wsj.com/articles/an-airline-answers-to-a-higher-authority-11600785583", "title": "An Airline Answers to a Higher Authority", "date": "2020-09-22 10:39", "summary": "United Airlines made a scheduling change that conflicted with a Jewish holiday on a flight to Israel but, to a religious passenger's delight, fixed their schedule. Complaints about flying have been with us almost since Kitty Hawk, usually without results.", "categories": [["Markets", "Overheard"]], "category_links": ["https://www.wsj.com/news/markets?mod=breadcrumb", "https://www.wsj.com/news/types/overheard?mod=breadcrumb"]}, {"link": "https://www.wsj.com/articles/in-new-york-city-is-it-cheaper-to-hail-a-taxi-or-use-a-ride-share-app-11600783200", "title": "In New York City, Is It Cheaper to Hail a Taxi or Use a Ride-Share App?", "date": "2020-09-22 10:00", "summary": "Amid the pandemic, fares on Uber and Lyft often are the same or higher than a yellow cab. With the weather cooling off and pandemic numbers dropping, New York City is slowly getting back in action-and that means people are hopping back into taxis, Ubers and Lyfts. But as riders are discovering, a lot changed in the for-hire ride scene during the coronavirus lockdown. Some may want to rethink their habits.", "categories": [["U.S.", "Metro Money"]], "category_links": ["https://www.wsj.com/news/us?mod=breadcrumb", "https://www.wsj.com/news/types/metro-money?mod=breadcrumb"]}, {"link": "https://www.wsj.com/articles/wall-street-has-an-obamacare-problem-11600783179", "title": "Wall Street Has an Obamacare Problem", "date": "2020-09-22 09:59", "summary": "Health-care stocks could get hit hard if the Affordable Care Act is overturned by the Supreme Court. Uncertainty at the Supreme Court means a familiar and unwelcome risk has resurfaced for health-care stocks.", "categories": [["Markets", "Heard on the Street"]], "category_links": ["https://www.wsj.com/news/markets?mod=breadcrumb", "https://www.wsj.com/news/heard-on-the-street?mod=breadcrumb"]}, {"link": "https://www.wsj.com/articles/how-to-make-friends-in-a-new-place-during-the-covid-pandemic-11600782801", "title": "How to Make Friends in a New Place During the Covid-19 Pandemic", "date": "2020-09-22 09:53", "summary": "It can be especially hard to reach out to people with coronavirus in the background-here's how to clear those social hurdles. When Catherine Dorman packed up her Chicago apartment to start a remote job in Washington, D.C., in May, it was hard to make friends. Nearly everyone the 25-year-old knew who lived there had left the city to be with their families. Bars, gyms and art classes weren't options anymore. Most of the face-to-face interactions she has had in the past four months have been with her two rescue cats, Stevie and Louise.", "categories": [["Life & Work", "Life & Style"]], "category_links": ["https://www.wsj.com/news/life-work?mod=breadcrumb", "https://www.wsj.com/news/types/life-style?mod=breadcrumb"]}, {"link": "https://www.wsj.com/articles/a-classic-lamborghini-that-needs-its-own-talent-agent-11600782570", "title": "A Classic Lamborghini That Needs Its Own Talent Agent", "date": "2020-09-22 09:49", "summary": "Resume Subscription. Matt Farah, 38, co-creator of the automotive-enthusiast podcast and YouTube channel The Smoking Tire and owner of Westside Collector Car Storage in Los Angeles, on his 1988 Lamborghini Countach 5000 QV, as told to A.J. Baime.", "categories": [[]], "category_links": []}, {"link": "https://www.wsj.com/articles/photos-the-supercar-of-supercars-11600781882", "title": "Photos: 'The Supercar of Supercars'", "date": "2020-09-22 09:38", "summary": "Matt Farah shows off his 1988 Lamborghini Countach 5000 QV. We are delighted that you'd like to resume your subscription.", "categories": [[]], "category_links": []}, {"link": "https://www.wsj.com/articles/how-a-fortunate-few-airlines-profit-in-a-pandemic-lots-of-cargo-11600779463", "title": "How a Fortunate Few Airlines Profit in a Pandemic: Lots of Cargo", "date": "2020-09-22 09:30", "summary": "As Covid-19 eviscerates the travel business, airlines are swapping seats for freight space. SEOUL-The only major airlines making money these days are busy flying cargo, not passengers.", "categories": [["Business"]], "category_links": ["https://www.wsj.com/news/business?mod=breadcrumb"]}, {"link": "https://www.wsj.com/articles/what-you-need-to-know-about-herd-immunity-11600780490", "title": "What You Need to Know About Herd Immunity", "date": "2020-09-22 09:14", "summary": "The concept is at the heart of global vaccination efforts and discussions about next steps in fighting the Covid-19 pandemic. For the pandemic to end, the coronavirus has to run out of people to infect. When enough people in a population develop an immune response, either through previous infection or vaccination, herd immunity can be achieved. This makes it harder for the virus to spread and protects those who aren't immune.", "categories": [["Health"]], "category_links": ["https://www.wsj.com/news/types/noted-health?mod=breadcrumb"]}, {"link": "https://www.wsj.com/articles/americas-top-oil-field-was-desperate-for-pipelines-now-it-has-too-many-11600779603", "title": "Hot Oil Field Was Desperate for Pipelines. Now It Has Too Many.", "date": "2020-09-22 09:00", "summary": "Permian Basin has become a headache for pipeline operators, with the pandemic further damping demand for crude. America's hottest oil region has too many pipelines and not enough oil to fill them, bad news for pipeline operators.", "categories": [["Business"]], "category_links": ["https://www.wsj.com/news/business?mod=breadcrumb"]}, {"link": "https://www.wsj.com/articles/your-kids-a-picky-eater-apps-and-meal-services-can-help-11600779600", "title": "Your Kid's a Picky Eater? Apps and Meal Services Can Help", "date": "2020-09-22 09:00", "summary": "Subscription plans encourage children to try new foods and get involved in meal preparation. In many homes, the most challenging question of the day is: \"What's for dinner?\" And when you have picky eaters or children with food allergies, the nightly decision-making can be downright fraught.", "categories": [["Tech", "Family & Tech: Julie Jargon"]], "category_links": ["https://www.wsj.com/news/technology?mod=breadcrumb", "https://www.wsj.com/news/types/family-tech-julie-jargon?mod=breadcrumb"]}, {"link": "https://www.wsj.com/articles/tesla-peloton-nike-what-to-watch-when-the-stock-market-opens-11600773257", "title": "Tesla, Peloton, Nike: What to Watch When the Stock Market Opens", "date": "2020-09-22 09:00", "summary": "Tesla shares slid in premarket trading ahead of the much-anticipated Battery Day event.. Here's what we are watching as markets kick into gear Tuesday.", "categories": [["Markets", "U.S. Markets"]], "category_links": ["https://www.wsj.com/news/markets?mod=breadcrumb", "https://www.wsj.com/news/types/today-s-markets?mod=breadcrumb"]}, {"link": "https://www.wsj.com/articles/lvmh-is-readying-its-red-pen-for-tiffanys-books-11600779489", "title": "LVMH Is Readying Its Red Pen for Tiffany's Books", "date": "2020-09-22 08:58", "summary": "U.S. jewelry company can't put a foot wrong before the trial that will decide the fate of luxury's biggest deal. LVMH has gone quiet about the letter from the French government that was the original reason it cited for derailing the luxury sector's biggest-ever deal. As its focus shifts to Tiffany 's business performance, the U.S. jewelry company needs to tread carefully.", "categories": [["Markets", "Heard on the Street"]], "category_links": ["https://www.wsj.com/news/markets?mod=breadcrumb", "https://www.wsj.com/news/heard-on-the-street?mod=breadcrumb"]}, {"link": "https://www.wsj.com/articles/elopement-weddings-covid-lily-allen-11600778519", "title": "Elopement Makes a Major Comeback Amidst the Pandemic", "date": "2020-09-22 08:44", "summary": "Who needs a 200-person guest list? Couples are cancelling their big days and getting hitched in secret. One bride reflects: \"The best way to describe it-one of the most fun, memorable and stress-free days of our life.\". After completely ditching the big summer wedding she planned and eloping with her fiance, Sam Wannemacher is relieved. \"Once you've already spent a year and a half planning a 150-plus person wedding with tons of out-of-town guests and dozens of vendors to coordinate, planning a two-person elopement starts to feel shockingly simple, and a lot less expensive,\" she says. \"The best way to describe it-one of the most fun, memorable and stress-free days of our life.\"", "categories": [["Magazine - Culture"]], "category_links": ["https://www.wsj.com/news/types/magazine-culture?mod=breadcrumb"]}, {"link": "https://www.wsj.com/articles/china-fines-luckin-coffee-and-dozens-of-firms-that-helped-it-inflate-results-11600777935", "title": "China's Luckin Coffee Is Fined for Inflating Results", "date": "2020-09-22 08:32", "summary": "Commerce regulator imposes $9 million fine on two Luckin entities and 43 other companies that helped it falsify sales and expenses. China's top commerce regulator fined Luckin Coffee Inc. and dozens of companies that helped the coffee chain inflate its sales and expenses in 2019, wrapping up a monthslong investigation into the accounting misconduct at the once-highflying company.", "categories": [["Business"]], "category_links": ["https://www.wsj.com/news/business?mod=breadcrumb"]}, {"link": "https://www.wsj.com/articles/italian-bonds-rally-on-election-results-11600776873", "title": "Italian Bonds Rally on Election Results", "date": "2020-09-22 08:14", "summary": "Yield on Italy's 10-year debt fell to the lowest level since October 2019. Italian bonds rallied after the nation's latest election results soothed investors' worries about its historically volatile politics and their impact on the eurozone.", "categories": [["Markets", "Credit Markets"]], "category_links": ["https://www.wsj.com/news/markets?mod=breadcrumb", "https://www.wsj.com/news/types/credit-markets?mod=breadcrumb"]}, {"link": "https://www.wsj.com/articles/blackstone-ready-to-lend-after-raising-record-property-debt-fund-11600776000", "title": "Blackstone Ready to Lend After Raising Record Property Debt Fund", "date": "2020-09-22 08:00", "summary": "Investment firm raises $8 billion as falling rates help increase appeal of relatively high-yielding real estate debt. Blackstone Group Inc. closed this month on the largest real-estate debt fund ever, giving the investment firm plenty of cash to lend to property investors looking to go shopping during the coronavirus pandemic.", "categories": [["Real Estate", "Property Report"]], "category_links": ["https://www.wsj.com/news/realestate?mod=breadcrumb", "https://www.wsj.com/news/types/property-report?mod=breadcrumb"]}, {"link": "https://www.wsj.com/articles/real-estate-investors-buying-studio-home-of-the-sopranos-and-sex-and-the-city-11600776002", "title": "Real-Estate Investors Buying Studio Home of 'The Sopranos'", "date": "2020-09-22 08:00", "summary": "Hackman Capital leads group that has signed a contract to pay $500 million for New York's Silvercup Studios. A group of investors is acquiring the New York studios where \"The Sopranos,\" \"30 Rock\" and \"Sex and the City\" were filmed, the latest sign that real-estate owners are trying to capitalize on the growing popularity of streaming content.", "categories": [["Real Estate", "Property Report"]], "category_links": ["https://www.wsj.com/news/realestate?mod=breadcrumb", "https://www.wsj.com/news/types/property-report?mod=breadcrumb"]}, {"link": "https://www.wsj.com/articles/insurance-freeze-snarls-u-s-supply-chains-11600772974", "title": "Insurance Freeze Snarls U.S. Supply Chains", "date": "2020-09-22 07:45", "summary": "Trade-credit insurance, a financial tool that protects global trade, has been severely curtailed due to Covid-19. An obscure part of the insurance industry that helps commodities flow smoothly around the world is seizing up, presenting another obstacle to the U.S. economy's fitful recovery.", "categories": [["Markets"]], "category_links": ["https://www.wsj.com/news/markets?mod=breadcrumb"]}, {"link": "https://www.wsj.com/articles/tokyo-olympics-biggest-coronavirus-challenge-could-be-team-usa-11600773573", "title": "Tokyo Olympics' Biggest Coronavirus Challenge Could Be Team USA", "date": "2020-09-22 07:19", "summary": "Americans are usually the largest Games squad and the biggest winners. Their country also is among the most infected.. The U.S. has won more medals than any other nation in Olympic history. It usually has the largest contingent of athletes at the Summer Games. And it's the highest-value single market for Olympic broadcast rights, the International Olympic Committee's primary source of revenue.", "categories": [["Sports", "Olympics"]], "category_links": ["https://www.wsj.com/news/sports?mod=breadcrumb", "https://www.wsj.com/news/types/olympics?mod=breadcrumb"]}, {"link": "https://www.wsj.com/articles/macau-casino-stocks-still-face-long-odds-11600772901", "title": "Macau Casino Stocks Still Face Long Odds", "date": "2020-09-22 07:08", "summary": "Macau is open to Chinese gamblers again but it may have trouble bringing in high rollers. After a brutal downturn during the early months of the pandemic, Macau's casinos will likely see more visitors soon. That doesn't necessarily make casino stocks a winning bet-at least not for a while.", "categories": [["Markets", "Heard on the Street"]], "category_links": ["https://www.wsj.com/news/markets?mod=breadcrumb", "https://www.wsj.com/news/heard-on-the-street?mod=breadcrumb"]}, {"link": "https://www.wsj.com/articles/china-sentences-xi-critic-ren-zhiqiang-to-18-years-in-prison-11600755598", "title": "Critic of Chinese Leader Sentenced to 18 Years in Prison", "date": "2020-09-22 07:04", "summary": "Punishment of retired real-estate mogul is seen as a warning to others within Chinese elite. HONG KONG-A Beijing court sentenced an influential businessman known for his outspoken criticism of China's leader, Xi Jinping, to 18 years in prison, meting out harsh punishment in a corruption case that is likely to chill dissent within the Chinese political elite.", "categories": [["World", "Asia", "China"]], "category_links": ["https://www.wsj.com/news/world?mod=breadcrumb", "https://www.wsj.com/news/types/asia-news?mod=breadcrumb", "https://www.wsj.com/news/types/china-news?mod=breadcrumb"]}, {"link": "https://www.wsj.com/articles/as-covid-fatigue-fuels-infections-in-europe-italy-resists-the-second-wave-11600772400", "title": "As Covid-19 Fatigue Fuels Infections in Europe, Italy Resists Second Wave", "date": "2020-09-22 07:00", "summary": "Resume Subscription. Months after Italy's lockdown against the coronavirus ended, Enrica Grazioli still sanitizes everything that comes into her Milan apartment, wears face masks diligently and limits interactions between her sons and their grandparents.", "categories": [[]], "category_links": []}, {"link": "https://www.wsj.com/articles/covid-19-testing-is-hampered-by-shortages-of-critical-ingredient-11600772400", "title": "Covid-19 Testing Is Hampered by Shortages of Critical Ingredient", "date": "2020-09-22 07:00", "summary": "Lack of reagents is forcing health systems to limit who can get tested and end community testing programs. Supply shortages are forcing health systems across the country to limit who gets tested for Covid-19, hindering efforts to ramp up testing as flu season approaches.", "categories": [["U.S."]], "category_links": ["https://www.wsj.com/news/us?mod=breadcrumb"]}, {"link": "https://www.wsj.com/articles/thousands-of-american-troops-to-take-part-in-covid-19-early-detection-study-11600772402", "title": "Thousands of U.S. Troops to Take Part in Covid-19 Early-Detection Study", "date": "2020-09-22 07:00", "summary": "A 'check engine light' for people: Defense Department partnering with Philips to find barely perceptible changes in troops' health. ", "categories": [["WSJ News Exclusive", "National Security"]], "category_links": ["https://www.wsj.com/news/types/national-security?mod=breadcrumb"]}, {"link": "https://www.wsj.com/articles/vatican-pushes-back-against-spread-of-euthanasia-11600770386", "title": "Vatican Pushes Against Growing Acceptance of Euthanasia", "date": "2020-09-22 06:26", "summary": "Document approved by Pope Francis denounces legalized euthanasia as intrinsically evil. ROME-The Vatican condemned the spreading international acceptance of euthanasia and assisted suicide, including in some traditionally Catholic countries in Europe, in a strongly worded document that reasserts traditional teaching.", "categories": [["World", "Europe"]], "category_links": ["https://www.wsj.com/news/world?mod=breadcrumb", "https://www.wsj.com/news/types/europe-news?mod=breadcrumb"]}, {"link": "https://www.wsj.com/articles/chinas-attack-on-unreliable-entities-is-a-double-edged-sword-for-beijing-11600767713", "title": "China's Attack on 'Unreliable Entities' Is a Double-Edged Sword for Beijing", "date": "2020-09-22 05:44", "summary": "Country has been slow to retaliate against U.S. commercial restrictions, illustrating that its options aren't great. The announcement by China's Commerce Ministry that its \"unreliable entities\" list is near completion has rippled through markets this week. But Beijing has been treading carefully in deploying such tools, and for good reason: Most would harm China more than the U.S.", "categories": [["Markets", "Heard on the Street"]], "category_links": ["https://www.wsj.com/news/markets?mod=breadcrumb", "https://www.wsj.com/news/heard-on-the-street?mod=breadcrumb"]}, {"link": "https://www.wsj.com/articles/where-trump-and-biden-stand-on-china-11600767002", "title": "Where Trump and Biden Stand on China", "date": "2020-09-22 05:30", "summary": "Hard line on Beijing likely to continue regardless of U.S. election outcome. This article is part of a Wall Street Journal guide comparing President Donald Trump and former Vice President Joe Biden on issues from climate change to health care and jobs.", "categories": [["Politics", "Election 2020"]], "category_links": ["https://www.wsj.com/news/politics?mod=breadcrumb", "https://www.wsj.com/news/types/election-2020?mod=breadcrumb"]}, {"link": "https://www.wsj.com/articles/orlando-bravo-rides-software-deals-to-heights-of-private-equity-industry-11600767001", "title": "Orlando Bravo Rides Software Deals to Heights of Private-Equity Industry", "date": "2020-09-22 05:30", "summary": "As companies reel from the pandemic, revenue at software providers owned by the Puerto Rican billionaire's firm has largely remained steady. Orlando Bravo has argued for years that software is so essential to business that companies won't stop paying for it, even in a crisis. The coronavirus pandemic has proven him out.", "categories": [["WSJ News Exclusive", "Finance"]], "category_links": ["https://www.wsj.com/news/types/finance?mod=breadcrumb"]}, {"link": "https://www.wsj.com/articles/laid-off-workers-cut-spending-hunt-for-jobs-as-extra-unemployment-benefits-run-out-11600767001", "title": "Laid-Off Workers Cut Spending as Extra Unemployment Benefits Run Out", "date": "2020-09-22 05:30", "summary": "A short-term extension has been helpful but hasn't fully alleviated financial fears. When the coronavirus pandemic struck the U.S. in March, Caroline Mongillo lost her part-time job at a music venue and struggled to find new work in a labor market hampered by the health crisis. But like millions of other laid-off workers, she covered expenses with the $600 a week in extra unemployment benefits provided by the federal government.", "categories": [["Economy"]], "category_links": ["https://www.wsj.com/news/economy?mod=breadcrumb"]}, {"link": "https://www.wsj.com/articles/supreme-court-vacancy-leaves-many-voters-unmoved-11600767001", "title": "Supreme Court Vacancy Leaves Many Voters Unmoved", "date": "2020-09-22 05:30", "summary": "With most voters' political views entrenched this year, interviews found early signs that the fight over the Supreme Court vacancy isn't swaying many. WASHINGTON-As the partisan clash over replacing the late Supreme Court Justice Ruth Bader Ginsburg escalates, many voters around the country say the vacancy isn't influencing their choice for president or is just one of the issues they are weighing.", "categories": [["Politics", "Election 2020"]], "category_links": ["https://www.wsj.com/news/politics?mod=breadcrumb", "https://www.wsj.com/news/types/election-2020?mod=breadcrumb"]}, {"link": "https://www.wsj.com/articles/corporate-compliance-programs-hit-refresh-with-data-analytics-tools-11600767001", "title": "Corporate Compliance Programs Hit Refresh With Data-Analytics Tools", "date": "2020-09-22 05:30", "summary": "Authorities show leniency to companies with data-driven anticorruption systems. The slow shift toward data-driven corporate compliance programs has a new accelerant: the government. Now, companies are scrambling to figure out how to meet the latest expectations.", "categories": [["Risk & Compliance Journal"]], "category_links": ["https://www.wsj.com/news/types/risk-compliance-journal?mod=breadcrumb"]}, {"link": "https://www.wsj.com/articles/pepper-and-salt-11600730973", "title": "Pepper...and Salt", "date": "2020-09-22 00:01", "summary": "Resume Subscription. We are delighted that you'd like to resume your subscription.", "categories": [["Opinion", "Pepper & Salt"]], "category_links": ["https://www.wsj.com/news/opinion?mod=breadcrumb", "https://www.wsj.com/news/types/pepper-salt?mod=breadcrumb"]}, {"link": "https://www.wsj.com/articles/grand-chicago-hotel-in-foreclosure-making-it-one-of-covid-19s-biggest-victims-11600767000", "title": "Grand Chicago Hotel in Foreclosure, a Symbol of Covid-19's Toll on Hospitality Industry", "date": "2020-09-22 00:01", "summary": "Thor Equities, owner of the Palmer House Hilton, is in default on its $333.2 million first mortgage, court papers say. The Palmer House Hilton has been one of Chicago's grandest hotels for more than a century. Oscar Wilde was a guest. Frank Sinatra serenaded diners at its supper club. Over the past 15 years, the owner spent $173 million to overhaul the hotel, modernizing most of the 1,641 rooms.", "categories": [["Real Estate", "Property Report"]], "category_links": ["https://www.wsj.com/news/realestate?mod=breadcrumb", "https://www.wsj.com/news/types/property-report?mod=breadcrumb"]}, {"link": "https://www.wsj.com/articles/house-democrats-expected-monday-to-release-spending-bill-funding-government-through-dec-11-11600700650", "title": "House Democrats Introduce Bill Funding Government Through Dec. 11", "date": "2020-09-22 20:55", "summary": "Bill doesn't include farm aid sought by White House or an extension of Census deadlines. WASHINGTON-The House was expected to move Tuesday to pass a spending bill that would keep the government running through Dec. 11 but without farm-aid funds sought by the White House.", "categories": [["Politics"]], "category_links": ["https://www.wsj.com/news/politics?mod=breadcrumb"]}, {"link": "https://www.wsj.com/articles/former-police-chief-named-to-assist-probe-of-police-shooting-of-jacob-blake-11600735782", "title": "Former Police Chief Named to Assist Probe of Jacob Blake Shooting", "date": "2020-09-22 20:49", "summary": "Wisconsin attorney general turns to former Madison official to help the Kenosha County district attorney. Wisconsin Attorney General Josh Kaul said Monday that a former Madison police chief will review evidence and provide a report to the Kenosha County district attorney before the prosecutor decides whether to bring charges against the police officer who shot Jacob Blake seven times in the back.", "categories": [["U.S."]], "category_links": ["https://www.wsj.com/news/us?mod=breadcrumb"]}, {"link": "https://www.wsj.com/articles/trump-says-hell-make-supreme-court-nomination-friday-or-saturday-11600691095", "title": "Trump to Make Supreme Court Nomination Over the Weekend", "date": "2020-09-22 20:47", "summary": "President has five women under consideration to succeed Justice Ruth Bader Ginsburg. President Trump said he was considering five women for the vacant Supreme Court seat and likely would make public the pick on Saturday, as Senate Republicans largely lined up behind him and rejected Democrats' calls to let the winner of the presidential election choose the nominee.", "categories": [["Politics"]], "category_links": ["https://www.wsj.com/news/politics?mod=breadcrumb"]}, {"link": "https://www.wsj.com/articles/getting-covid-19-changed-this-new-york-city-familys-outlook-on-virtual-learning-11600729750", "title": "Getting Covid-19 Changed This New York City Family's Outlook on Virtual Learning", "date": "2020-09-22 20:17", "summary": "Their ordeal led them to lose faith in the city's plans to keep students safe during the coronavirus pandemic. Najib Craig, 16, is among the 46% of New York City students who won't be going back into classrooms when part-time in-person instruction begins Oct. 1.", "categories": [["U.S.", "New York"]], "category_links": ["https://www.wsj.com/news/us?mod=breadcrumb", "https://www.wsj.com/news/types/new-york?mod=breadcrumb"]}, {"link": "https://www.wsj.com/articles/coronavirus-can-spread-by-tiny-air-particles-cdc-now-says-11600700364", "title": "CDC Removes Guidelines Saying Coronavirus Can Spread From Tiny Air Particles", "date": "2020-09-22 20:09", "summary": "Health agency removed the language, which had gone up on its website, saying it had posted a draft version of proposed changes in error. The U.S. Centers for Disease Control and Prevention pulled new guidelines acknowledging the new coronavirus could be transmitted by tiny particles that linger in the air, saying a draft version of proposed changes was posted in error on the agency's website.", "categories": [["Business", "Health Care", "Health"]], "category_links": ["https://www.wsj.com/news/business?mod=breadcrumb", "https://www.wsj.com/news/business/health-industry?mod=breadcrumb", "https://www.wsj.com/news/types/health?mod=breadcrumb"]}]