[{"link": "https://www.wsj.com/articles/solarwinds-hack-pits-microsoft-against-dell-ibm-over-how-companies-store-data-11614456066", "title": "SolarWinds Hack Pits Microsoft Against Dell, IBM on Storing Data", "date": "2021-02-27 15:01", "summary": "Microsoft argues the cloud offers more protection; rivals point to the need of firms to hold, access their information on-premises. The cyberattack that compromised many U.S. government and corporate networks is fueling a debate among big tech companies over what the safest way is for customers to store critical data.", "categories": [["Tech"]], "category_links": ["https://www.wsj.com/news/technology?mod=breadcrumb"]}, {"link": "https://www.wsj.com/articles/mcdonalds-considers-partial-sale-of-digital-startup-dynamic-yield-11614390736", "title": "McDonald's Considers Partial Sale of Digital Startup Dynamic Yield", "date": "2021-02-27 13:58", "summary": "Fast-food chain says review of transactions found the company's technology had contributed to sales less than originally reported. McDonald's Corp. said it is considering selling part of digital startup Dynamic Yield Ltd., which it acquired less than two years ago in a bid to boost sales at drive-throughs and digital kiosks.", "categories": [["WSJ News Exclusive", "Business"]], "category_links": ["https://www.wsj.com/news/business?mod=breadcrumb"]}, {"link": "https://www.wsj.com/articles/biden-sees-no-time-to-waste-urges-senate-to-pass-1-9-trillion-covid-19-stimulus-package-11614445025", "title": "Biden Urges Fast Action on Covid-19 Stimulus Package", "date": "2021-02-27 12:03", "summary": "After the House passed the legislation, the president says, 'If we act quickly, decisively and boldly, we can finally get ahead of this virus'. WASHINGTON-President Biden urged the Senate to take quick action after the House passed his $1.9 trillion Covid-19 relief package, as Democrats faced intraparty rifts over the future of a worker-pay increase.", "categories": [["Politics"]], "category_links": ["https://www.wsj.com/news/politics?mod=breadcrumb"]}, {"link": "https://www.wsj.com/articles/new-york-theatre-workshop-marks-25th-anniversary-of-rent-11614445200", "title": "New York Theatre Workshop Marks 25th Anniversary of 'Rent'", "date": "2021-02-27 12:00", "summary": "Off-Broadway company is set to celebrate-with a March 2 streaming event-the hit 1990s musical that put the troupe on the map and filled its coffers. Long before Jonathan Larson's \"Rent\" became a Broadway sensation, the musical needed a home to help see it through development. So, in 1992, Mr. Larson, then a largely unknown composer and lyricist, reached out to Jim Nicola, artistic director of the New York Theatre Workshop, a nonprofit off-Broadway company that had recently moved into a new home in Manhattan's East Village neighborhood.", "categories": [["U.S.", "Culture"]], "category_links": ["https://www.wsj.com/news/us?mod=breadcrumb", "https://www.wsj.com/news/types/ny-culture?mod=breadcrumb"]}, {"link": "https://www.wsj.com/articles/inside-cpac-2020-what-ifs-covid-skepticism-unity-behind-trump-11614443108", "title": "Inside CPAC: 2020 What-Ifs, Covid Skepticism, Unity Behind Trump", "date": "2021-02-27 11:25", "summary": "Resume Subscription. ORLANDO, Fla.-One man walked around in a red, white and blue Uncle Sam-esque costume with a binder of photographs he wanted to present to former President Donald Trump.", "categories": [[]], "category_links": []}, {"link": "https://www.wsj.com/articles/warren-buffetts-berkshire-hathaway-sees-profit-rise-23-11614432815", "title": "Warren Buffett Defends Berkshire Hathaway's $25 Billion in Buybacks", "date": "2021-02-27 11:17", "summary": "The Omaha conglomerate's fourth-quarter profits rose nearly 23%. Warren Buffett's Berkshire Hathaway Inc. posted an increased fourth-quarter profit Saturday, with the billionaire investor using his annual missive to investors to explain a recent surge in stock buybacks.", "categories": [["Markets"]], "category_links": ["https://www.wsj.com/news/markets?mod=breadcrumb"]}, {"link": "https://www.wsj.com/articles/bts-and-k-pop-took-over-the-world-these-companies-say-j-pop-will-be-even-bigger-11614441600", "title": "These Companies Say J-Pop Will Be Even Bigger Than BTS and K-Pop", "date": "2021-02-27 11:00", "summary": "Resume Subscription. K-pop has become a global sensation, with acts like BTS and Blackpink amassing fans far beyond Asia.", "categories": [[]], "category_links": []}, {"link": "https://www.wsj.com/articles/how-harry-styles-verzuz-and-streaming-changed-the-merch-business-11614441600", "title": "Goodbye, Concert Tees? Verzuz, Harry Styles and Streaming Are Changing the Merch Game", "date": "2021-02-27 11:00", "summary": "After the pandemic killed music tours and their opportunities to sell concert T-shirts and other products, the industry pivoted to streaming. For some artists, that's only expanded the merch market.. IN THE SUMMER of 2018, Grace Hall-Ramsay attended a live Harry Styles concert in San Jose, Calif., and had a life-changing experience. The British pop star spotted the 18-year-old in the audience holding a sign that read \"I'm Gonna Come Out to My Parents Because of You!\" He asked for her mother's name and-told it was Tina-proceeded to goad a crowd of thousands to yell in unison, \"Tina, she's gay.\" The moment understandably went viral. Ms. Hall-Ramsey, an ardent Styler-as the singer's fans call themselves-had planned to attend 20 Harry Styles concerts in 2020.", "categories": [["Life & Work", "Style & Fashion", "Fashion"]], "category_links": ["https://www.wsj.com/news/life-work?mod=breadcrumb", "https://www.wsj.com/news/life-work/fashion?mod=breadcrumb", "https://www.wsj.com/news/types/fashion?mod=breadcrumb"]}, {"link": "https://www.wsj.com/articles/some-people-buy-vintage-corvettes-or-mustangs-he-collects-edsels-11614438001", "title": "Some People Buy Vintage Corvettes or Mustangs. He Collects Edsels.", "date": "2021-02-27 10:00", "summary": "Hank Davis owns 14 cars from Ford's famously doomed 1950s brand maligned for looking like an 'Oldsmobile sucking a lemon'. Hank Davis, 63, owner of Hank's Garage, an auto shop and used car dealership in Bucyrus, Ohio, on his Edsels, as told to A.J. Baime.", "categories": [["Life & Work", "Cars", "My Ride"]], "category_links": ["https://www.wsj.com/news/life-work?mod=breadcrumb", "https://www.wsj.com/news/life-work/automotive?mod=breadcrumb", "https://www.wsj.com/news/types/my-ride?mod=breadcrumb"]}, {"link": "https://www.wsj.com/articles/cold-war-era-defense-system-to-get-upgrade-to-counter-russia-china-11614438048", "title": "Cold War-Era Defense System to Get Upgrade to Counter Russia, China", "date": "2021-02-27 10:00", "summary": "The U.S. and Canada move to modernize a missile-surveillance system in the Arctic that officials say is outdated. TORONTO-The U.S. and Canada plan to modernize a network of defense satellites and radar in the Arctic, in a bid to counter a growing military presence in the north from Russia and China.", "categories": [["World", "Canada"]], "category_links": ["https://www.wsj.com/news/world?mod=breadcrumb", "https://www.wsj.com/news/types/canada-news?mod=breadcrumb"]}, {"link": "https://www.wsj.com/articles/15-minimum-wage-setback-tests-bidens-ability-to-unite-democrats-11614437810", "title": "$15 Minimum-Wage Setback Tests Biden's Ability to Unite Democrats", "date": "2021-02-27 09:56", "summary": "Progressive lawmakers and activists floated overturning parliamentarian's decision or abolishing 60-vote Senate threshold. A major setback this week to the administration's push for a $15 federal minimum wage could test President Biden's ability to keep Democrats united and shape his relationship with progressives.", "categories": [["Politics"]], "category_links": ["https://www.wsj.com/news/politics?mod=breadcrumb"]}, {"link": "https://www.wsj.com/articles/photos-a-unique-collection-11614437100", "title": "Photos: A Unique Collection", "date": "2021-02-27 09:45", "summary": "Hank Davis shows off his fleet of Edsels.. We are delighted that you'd like to resume your subscription.", "categories": [[]], "category_links": []}, {"link": "https://www.wsj.com/articles/declutter-the-filing-cabinet-what-to-save-move-to-the-cloud-or-shred-11614434400", "title": "Declutter the Filing Cabinet: What to Save, Move to the Cloud or Shred", "date": "2021-02-27 09:00", "summary": "With tax season under way, now is a good time to scan and purge those old files. When was the last time you cleaned up the family filing cabinet? Be honest. If you're like me, that unsightly metal rectangle is probably overstuffed with old utility bills, medical records and tax returns. With tax season under way and extra time at home, it isn't a bad time to do some spring cleaning.", "categories": [["Tech", "Family & Tech: Julie Jargon"]], "category_links": ["https://www.wsj.com/news/technology?mod=breadcrumb", "https://www.wsj.com/news/types/family-tech-julie-jargon?mod=breadcrumb"]}, {"link": "https://www.wsj.com/articles/congress-revives-push-for-equal-rights-amendment-11614434400", "title": "Congress Revives Push for Equal Rights Amendment", "date": "2021-02-27 09:00", "summary": "Resume Subscription. WASHINGTON-Almost 50 years after Congress passed the Equal Rights Amendment, the fight is intensifying over whether lawmakers can lift the decades-past deadline for states to ratify it and add it to the Constitution.", "categories": [[]], "category_links": []}, {"link": "https://www.wsj.com/articles/nigerian-schoolboys-freed-as-search-for-abducted-girls-continues-11614434330", "title": "Nigerian Schoolboys Freed as Search for Abducted Girls Continues", "date": "2021-02-27 08:58", "summary": "The 42 people released, including 27 schoolboys, had been taken last week from their boarding school. Gunmen in Nigeria released 42 people on Saturday, including 27 schoolboys, who were kidnapped from their boarding school last week in the north-central state of Niger, the state's governor said.", "categories": [["World", "Africa"]], "category_links": ["https://www.wsj.com/news/world?mod=breadcrumb", "https://www.wsj.com/news/types/africa-news?mod=breadcrumb"]}, {"link": "https://www.wsj.com/articles/dua-lipa-haim-best-playlist-spotify-11614381409", "title": "From Dua Lipa to Haim, the Best Songs You Should Be Listening to Right Now", "date": "2021-02-27 08:30", "summary": "Here's WSJ.'s monthly roundup of new pop releases: everything that's grabbing our attention, making us think or getting us dancing. Pop star Dua Lipa's \"We're Good\" leans in a more tropical direction than the disco-influenced tracks she released last year on her second album, Future Nostalgia. The track fantasizes about a cordial end to a relationship. \"Let's end it like we should and say we're good,\" Dua Lipa sings over laid-back, mid-tempo instrumentals, perhaps implying that a clean breakup is as dreamy as a seaside vacation.", "categories": [["Magazine - Culture"]], "category_links": ["https://www.wsj.com/news/types/magazine-culture?mod=breadcrumb"]}, {"link": "https://www.wsj.com/articles/the-u-s-has-a-national-help-line-for-pandemics-but-isnt-using-it-for-covid-19-11614430800", "title": "The U.S. Has a National Help Line for Pandemics but Isn't Using It", "date": "2021-02-27 08:00", "summary": "The CDC built and tested a telephone hotline with a vaccine-booking system, but it hasn't been used in the Covid-19 pandemic. The Centers for Disease Control and Prevention for years has had the ability to activate a nationwide telephone hotline and vaccine-appointment system during public-health emergencies.", "categories": [["U.S."]], "category_links": ["https://www.wsj.com/news/us?mod=breadcrumb"]}, {"link": "https://www.wsj.com/articles/road-to-the-sun-by-pat-metheny-review-a-bright-fusion-of-genres-11614427200", "title": "'Road to the Sun' by Pat Metheny Review: A Bright Fusion of Genres", "date": "2021-02-27 07:00", "summary": "The jazz guitarist experiments with classical composition on an album with the Los Angeles Guitar Quartet and Jason Vieaux.. ", "categories": [["Books & Arts", "Music Review"]], "category_links": ["https://www.wsj.com/news/books-arts?mod=breadcrumb", "https://www.wsj.com/news/types/music-review?mod=breadcrumb"]}, {"link": "https://www.wsj.com/articles/the-kimono-in-print-300-years-of-japanese-design-review-clothes-as-canvas-11614427201", "title": "'The Kimono in Print: 300 Years of Japanese Design' Review: Clothes as Canvas", "date": "2021-02-27 07:00", "summary": "The Worcester Art Museum highlights the iconic garment and its influence on three centuries of printmaking.. ", "categories": [["Books & Arts", "Art Review"]], "category_links": ["https://www.wsj.com/news/books-arts?mod=breadcrumb", "https://www.wsj.com/news/types/art-review?mod=breadcrumb"]}, {"link": "https://www.wsj.com/articles/proper-form-and-other-workout-advice-for-the-wall-street-journal-fitness-challenge-11614423600", "title": "Proper Form and Other Workout Advice for The Wall Street Journal Fitness Challenge", "date": "2021-02-27 06:00", "summary": "Experts answer readers' questions about the right technique for push-ups and other exercises.. We received tremendous feedback from participants in The Wall Street Journal Fitness Challenge, a six-week program developed by Arnie Kander, an NBA sports performance coach. Haven't signed up yet? You can start at any time here.", "categories": [["Life & Work", "Fitness"]], "category_links": ["https://www.wsj.com/news/life-work?mod=breadcrumb", "https://www.wsj.com/news/types/fitness?mod=breadcrumb"]}, {"link": "https://www.wsj.com/articles/covid-19-picture-brightens-in-u-s-but-virus-isnt-done-yet-11614421800", "title": "Covid-19 Picture Brightens in U.S., but Virus Isn't Done Yet", "date": "2021-02-27 05:30", "summary": "Case counts have fallen from records but remain high, and vaccination effort races against variants. Many infectious-disease experts in the U.S. are cautiously optimistic. Covid-19 cases, hospitalizations and deaths have all sharply dropped in recent weeks as the country comes down from its deadliest surge yet, and vaccination campaigns are getting more shots into people's arms. Warmer weather is around the corner.", "categories": [["U.S."]], "category_links": ["https://www.wsj.com/news/us?mod=breadcrumb"]}, {"link": "https://www.wsj.com/articles/robloxs-builderman-ceo-heads-to-wall-street-with-an-army-of-young-game-creators-11614421800", "title": "Roblox's CEO Heads to Wall Street With an Army of Young Game Creators", "date": "2021-02-27 05:30", "summary": "Resume Subscription. Roblox Corp. Chief Executive David Baszucki won the loyalty of tens of millions of videogamers with a do-it-yourself approach to play that defies the industry's typical formula for success.", "categories": [[]], "category_links": []}, {"link": "https://www.wsj.com/articles/house-set-to-pass-1-9-trillion-covid-aid-bill-11614357232", "title": "House Passes $1.9 Trillion Covid-Aid Bill", "date": "2021-02-27 03:10", "summary": "Parliamentarian said current minimum-wage proposal isn't allowed in package under Senate rules. WASHINGTON-The House passed President Biden's $1.9 trillion Covid-19 relief package, sending the legislation to the Senate as Democrats faced intraparty rifts over the future of a worker-pay increase.", "categories": [["Politics"]], "category_links": ["https://www.wsj.com/news/politics?mod=breadcrumb"]}, {"link": "https://www.wsj.com/articles/pepper-and-salt-11614372547", "title": "Pepper...and Salt", "date": "2021-02-27 00:01", "summary": "Resume Subscription. We are delighted that you'd like to resume your subscription.", "categories": [["Opinion", "Pepper & Salt"]], "category_links": ["https://www.wsj.com/news/opinion?mod=breadcrumb", "https://www.wsj.com/news/types/pepper-salt?mod=breadcrumb"]}, {"link": "https://www.wsj.com/articles/whats-missing-in-the-electric-vehicle-revolution-enough-places-to-plug-in-except-tesla-11614380406", "title": "What's Missing in the Electric-Vehicle Revolution: Enough Places to Plug In", "date": "2021-02-27 00:00", "summary": "As dozens of new battery-powered, plug-in car models come to market, roadtrippers who bought anything but a Tesla are discovering that America's charging infrastructure isn't ready for prime time. Bradley Wilkinson is the owner of a 2017 Chevrolet Bolt, and the kind of electric-vehicle diehard who knows how to squeeze every last mile of range out of his vehicle.", "categories": [["Tech", "Keywords: Christopher Mims"]], "category_links": ["https://www.wsj.com/news/technology?mod=breadcrumb", "https://www.wsj.com/news/types/keywords?mod=breadcrumb"]}, {"link": "https://www.wsj.com/articles/where-nextdoors-ceo-looks-for-neighborly-advice-11614402041", "title": "Where Nextdoor's CEO Looks for Neighborly Advice", "date": "2021-02-27 00:00", "summary": "Sarah Friar relies on family and friends as the foundation for her own social network. In Personal Board of Directors, top business leaders talk about the people they turn to for advice, and how those people have shaped their perspective and helped them succeed. Previous installments from the series are here.", "categories": [["Personal Board of Directors"]], "category_links": ["https://www.wsj.com/news/types/personal-board-of-directors?mod=breadcrumb"]}, {"link": "https://www.wsj.com/articles/supreme-court-sides-with-california-churches-on-covid-19-restrictions-11614398483", "title": "Supreme Court Sides With California Churches on Covid-19 Restrictions", "date": "2021-02-27 23:01", "summary": "Order blocks Santa Clara County from including churches in ban on indoor gatherings. WASHINGTON-The Supreme Court exempted five California churches from a county health directive intended to stem the coronavirus pandemic by prohibiting indoor gatherings.", "categories": [["Politics"]], "category_links": ["https://www.wsj.com/news/politics?mod=breadcrumb"]}, {"link": "https://www.wsj.com/articles/senate-democrats-look-for-back-up-plan-to-raise-minimum-wage-through-taxes-11614374434", "title": "Senate Democrats Look for Backup Plan to Raise Minimum Wage Through Taxes", "date": "2021-02-27 22:53", "summary": "Proponents craft a plan of tax penalties and incentives to prompt pay increases after parliamentarian rejects wage hike in relief plan. WASHINGTON-Senate Democrats began preparing a backup plan Friday for raising the minimum wage at some large companies as part of their coronavirus relief package, after the chamber's parliamentarian ruled out including a broader increase.", "categories": [["Politics"]], "category_links": ["https://www.wsj.com/news/politics?mod=breadcrumb"]}, {"link": "https://www.wsj.com/articles/global-stock-markets-dow-update-02-26-2021-11614314418", "title": "Stocks Cap Losing Week as Bond Yields Jump", "date": "2021-02-27 22:17", "summary": "Nasdaq bounces back, but still ends week down 4.9%, amid worries about monetary-policy response to growth. Rising bond yields blunted U.S. stocks' market momentum this week despite signs of an improving American economy.", "categories": [["Markets", "U.S. Markets"]], "category_links": ["https://www.wsj.com/news/markets?mod=breadcrumb", "https://www.wsj.com/news/types/today-s-markets?mod=breadcrumb"]}, {"link": "https://www.wsj.com/articles/fidelitys-charitable-arm-wins-in-hedge-fund-founders-lawsuit-11614391480", "title": "Fidelity's Charitable Arm Wins in Hedge-Fund Founders' Lawsuit", "date": "2021-02-27 21:04", "summary": "Judge says Fidelity didn't break promises or make negligent stock sales after donation tied to tax break. The charitable arm of Fidelity Investments on Friday won a lawsuit brought by a wealthy couple over the handling of stock sales tied to a tax break.", "categories": [["Markets"]], "category_links": ["https://www.wsj.com/news/markets?mod=breadcrumb"]}, {"link": "https://www.wsj.com/articles/nevada-governor-lays-out-plans-for-a-city-built-on-blockchain-11614389992", "title": "Nevada Governor Lays Out Plans for a City Built on Blockchain", "date": "2021-02-27 20:39", "summary": "Gov. Steve Sisolak proposes letting companies develop 'innovation zones' with their own cities and governments to boost state economy. Nevada Gov. Steve Sisolak on Friday unveiled details behind a plan to allow private industry to develop technology \"innovation zones\" that would include new cities with their own government.", "categories": [["U.S."]], "category_links": ["https://www.wsj.com/news/us?mod=breadcrumb"]}, {"link": "https://www.wsj.com/articles/arrests-of-unaccompanied-immigrant-children-at-southern-border-surge-11614375884", "title": "Arrests of Unaccompanied Immigrant Children at Southern Border Surge", "date": "2021-02-27 20:10", "summary": "Government projects about 9,000 children will be taken into custody by the end of February, complicating Biden administration's task. WASHINGTON-The number of unaccompanied immigrant children arrested for crossing the U.S. southern border illegally is on pace to rise more than 50% in February compared with the previous month, people familiar with the matter said, raising the prospect of a humanitarian crisis there.", "categories": [["U.S."]], "category_links": ["https://www.wsj.com/news/us?mod=breadcrumb"]}, {"link": "https://www.wsj.com/articles/washingtons-power-to-respond-to-texas-electric-disaster-is-limited-11614345010", "title": "Biden Visits Texas as Regulators Begin to Examine State's Electric Grid", "date": "2021-02-27 20:05", "summary": "Washington delivers emergency aid after winter storm knocked out power across Texas, but any federal moves to fix grid face obstacles. Federal officials are rushing emergency relief to Texas for its power crisis, though longer-term efforts to shore up the electric grid are likely to run into political obstacles and challenges to Washington's authority.", "categories": [["Politics"]], "category_links": ["https://www.wsj.com/news/politics?mod=breadcrumb"]}, {"link": "https://www.wsj.com/articles/home-depot-gamestop-johnson-johnson-stocks-that-defined-the-week-11614387124", "title": "Home Depot, GameStop, Johnson & Johnson: Stocks That Defined the Week", "date": "2021-02-27 19:52", "summary": "Here are seven major companies whose stocks moved on the week's news. Home Depot Inc.", "categories": [["Business"]], "category_links": ["https://www.wsj.com/news/business?mod=breadcrumb"]}, {"link": "https://www.wsj.com/articles/bidens-new-energy-secretary-eyes-big-investment-to-boost-clean-technologies-harden-electric-grid-11614375407", "title": "Energy Secretary Eyes Big Investments in Clean Technologies, Electric Grid", "date": "2021-02-27 19:50", "summary": "Jennifer Granholm looks to reinvigorate a $40 billion energy loan program left untouched under the Trump administration. WASHINGTON-The new U.S. energy secretary said Friday she plans to revive a $40 billion loan program for energy projects and to push for improvements to the country's electric grid in the aftermath of this month's deadly, widespread blackout.", "categories": [["Politics"]], "category_links": ["https://www.wsj.com/news/politics?mod=breadcrumb"]}, {"link": "https://www.wsj.com/articles/texas-power-market-is-short-2-1-billion-in-payments-after-freeze-11614386958", "title": "Texas Power Market Is Short $2.1 Billion in Payments After Freeze", "date": "2021-02-27 19:49", "summary": "Electric retailers failed to make payments for power purchased when prices skyrocketed during the freeze, state grid operator says. The financial consequences of the Texas blackouts are beginning to emerge in the state's electricity market, with some players failing to pay for power they purchased last week and others disclosing sizable losses.", "categories": [["U.S."]], "category_links": ["https://www.wsj.com/news/us?mod=breadcrumb"]}, {"link": "https://www.wsj.com/articles/biden-offers-words-of-comfort-and-aid-to-texans-after-winter-storms-11614386113", "title": "Biden Offers Words of Comfort and Aid to Texans After Winter Storms", "date": "2021-02-27 19:35", "summary": "Calling 2020 one of the most painful years in American history, the president cautioned that the coronavirus pandemic is far from over. HOUSTON-President Biden used a visit to Houston to reassure Texans struggling with the twin crises of recent winter storms and the coronavirus pandemic, saying Friday he would help the state \"recover and rebuild.\"", "categories": [["Politics"]], "category_links": ["https://www.wsj.com/news/politics?mod=breadcrumb"]}, {"link": "https://www.wsj.com/articles/oaktree-capital-draws-activist-ire-over-evictions-11614385002", "title": "Oaktree Capital Draws Activist Ire Over Evictions", "date": "2021-02-27 19:16", "summary": "An activist group claims evictions are occurring at Oaktree properties despite a federal moratorium during the coronavirus pandemic. Global investment firm Oaktree Capital Management came under fire during a public pension meeting Friday from an activist group demanding the firm's real estate unit halt evictions from residential properties it owns during the coronavirus pandemic.", "categories": [["Pro PE Limited Partners"]], "category_links": ["https://www.wsj.com/news/types/pro-pe-limited-partners?mod=breadcrumb"]}, {"link": "https://www.wsj.com/articles/republican-civil-war-over-trump-not-at-cpac-11614366303", "title": "No Republican Civil War Over Trump at CPAC", "date": "2021-02-27 19:14", "summary": "As Republicans in Washington debate the former president's role in the party, many GOP rising stars, activists and voters have made up their minds. ORLANDO, Fla.-The high-profile split among Republican officials in Washington over Donald Trump isn't on display here, as thousands of conservatives have flocked to CPAC to hear from the former president and some of his staunchest political disciples.", "categories": [["Politics", "Election 2020"]], "category_links": ["https://www.wsj.com/news/politics?mod=breadcrumb", "https://www.wsj.com/news/types/election-2020?mod=breadcrumb"]}]