[{"link": "https://www.wsj.com/articles/how-9-11-shaped-us-special-podcast-coverage-11631316143", "title": "How 9/11 Shaped Us: Special Podcast Coverage", "date": "2021-09-10 19:22", "summary": "Listen to Journal podcasts that explore the impact on data privacy, markets and survivors' health. The events of Sept. 11, 2001, fundamentally reshaped our relationship with the government, the international community, and each other.", "categories": [["U.S."]], "category_links": ["https://www.wsj.com/news/us?mod=breadcrumb"]}, {"link": "https://www.wsj.com/articles/disney-will-release-rest-of-2021-films-exclusively-in-theaters-11631314351", "title": "Disney Will Release Rest of 2021 Films Exclusively in Theaters", "date": "2021-09-10 18:52", "summary": "Animated film 'Encanto' will get a 30-day exclusive theatrical release starting Nov. 24. Walt Disney Co. said Friday that the remainder of its films set to be released this year-such as \"Encanto\" and \"West Side Story\"-will be shown exclusively in theaters first.", "categories": [["Business"]], "category_links": ["https://www.wsj.com/news/business?mod=breadcrumb"]}, {"link": "https://www.wsj.com/articles/twitch-targets-online-harassment-in-new-lawsuit-against-two-users-11631312578", "title": "Twitch Targets Online Harassment in New Lawsuit Against Two Users", "date": "2021-09-10 18:37", "summary": "Streaming platform says Black, LGBTQ users were sent racial slurs, descriptions of violence. Amazon.com Inc . 's Twitch Interactive sued two users for allegedly sending racist, antigay, sexist and violent messages and content to others, in its latest effort to eliminate harassment against users on the popular streaming platform.", "categories": [["Tech"]], "category_links": ["https://www.wsj.com/news/technology?mod=breadcrumb"]}, {"link": "https://www.wsj.com/articles/biden-partisan-punch-at-west-point-annapolis-military-academies-boards-11631302741", "title": "Biden's Partisan Punch at West Point", "date": "2021-09-10 18:28", "summary": "He purges Trump appointees from military academy boards.. The White House this week told Trump appointees to resign or be fired from boards overseeing military service academies, and that is President Biden's right. But the Biden Administration denies that the military has been compromised by politics even as the President now indulges in acts of petty partisanship in military education.", "categories": [["Opinion", "Review & Outlook"]], "category_links": ["https://www.wsj.com/news/opinion?mod=breadcrumb", "https://www.wsj.com/news/types/review-outlook-u-s?mod=breadcrumb"]}, {"link": "https://www.wsj.com/articles/joe-biden-vaccine-command-osha-mandate-employers-11631311326", "title": "Biden's Vaccine Command", "date": "2021-09-10 18:27", "summary": "Thou shalt be inoculated or risk losing your job.. How far President Biden has come from his campaign and inaugural pledges to unify the country and defeat Covid-19. On Thursday he blamed his fellow Americans and political opponents for the surge of Covid this summer, and he ordered them to be vaccinated or risk losing their jobs.", "categories": [["Opinion", "Review & Outlook"]], "category_links": ["https://www.wsj.com/news/opinion?mod=breadcrumb", "https://www.wsj.com/news/types/review-outlook-u-s?mod=breadcrumb"]}, {"link": "https://www.wsj.com/articles/doordash-amc-entertainment-gamestop-stocks-that-defined-the-week-11631312573", "title": "DoorDash, AMC Entertainment, GameStop: Stocks That Defined the Week", "date": "2021-09-10 18:22", "summary": "Here are seven major companies whose stocks moved on the week's news. DoorDash Inc.", "categories": [["Markets", "Stocks"]], "category_links": ["https://www.wsj.com/news/markets?mod=breadcrumb", "https://www.wsj.com/news/markets/stocks?mod=breadcrumb"]}, {"link": "https://www.wsj.com/articles/biden-defends-vaccine-mandates-as-gop-criticizes-new-rules-for-businesses-workers-11631287591", "title": "Biden Defends Vaccine Mandates in Face of GOP Attacks", "date": "2021-09-10 18:13", "summary": "Some Republicans threaten to sue over administration's latest plan; president calls them 'cavalier' about the health of children, communities. WASHINGTON-President Biden defended his sweeping new set of vaccination mandates to deal with the Covid-19 pandemic, as businesses worked to understand the rules and Republicans attacked them as government overreach.", "categories": [["Politics"]], "category_links": ["https://www.wsj.com/news/politics?mod=breadcrumb"]}, {"link": "https://www.wsj.com/articles/miami-condo-king-sells-coconut-grove-villa-to-n-y-based-cannabis-exec-11631311270", "title": "Miami 'Condo King' Sells Coconut Grove Villa to N.Y.-Based Cannabis Exec", "date": "2021-09-10 18:01", "summary": "Resume Subscription. Cannabis executive Jonathan Sandelman and his wife Alicia Bona Sandelman paid the full asking price of $33 million to buy a Miami mansion from billionaire real-estate developer Jorge P\u00e9rez.", "categories": [[]], "category_links": []}, {"link": "https://www.wsj.com/articles/inside-villa-cristina-11631310915", "title": "Inside Villa Cristina", "date": "2021-09-10 17:55", "summary": "Formerly owned by 'Condo King' Jorge P\u00e9rez, the home has sold for $33 million. We are delighted that you'd like to resume your subscription.", "categories": [[]], "category_links": []}, {"link": "https://www.wsj.com/articles/arizona-border-crisis-public-safety-health-crossings-illegal-alien-immigrant-covid-terrorist-11631304060", "title": "Arizona's Border Crisis Threatens Public Safety and Health", "date": "2021-09-10 17:53", "summary": "Migrants are still pouring by the thousands into the U.S. from Mexico. None are vetted or tested for Covid.. Tucson, Ariz.", "categories": [["Opinion", "Commentary", "Cross Country"]], "category_links": ["https://www.wsj.com/news/opinion?mod=breadcrumb", "https://www.wsj.com/news/types/commentary-u-s?mod=breadcrumb", "https://www.wsj.com/news/types/cross-country?mod=breadcrumb"]}, {"link": "https://www.wsj.com/articles/u-s-suspends-flights-of-afghans-after-four-test-positive-for-measles-11631308987", "title": "U.S. Halts Flights of Afghans After Four Test Positive for Measles", "date": "2021-09-10 17:52", "summary": "Individuals have been quarantined, and the CDC is conducting contact tracing, White House says. The Biden administration has suspended flights of Afghans to the U.S. after four previous arrivals tested positive for measles, officials said Friday.", "categories": [["Politics"]], "category_links": ["https://www.wsj.com/news/politics?mod=breadcrumb"]}, {"link": "https://www.wsj.com/articles/historical-latta-house-emancipation-juneteenth-june-19th-cancel-culture-identity-politics-11631301954", "title": "Another Historical Monument Sacrificed to the Forces of Unreason", "date": "2021-09-10 17:51", "summary": "Latta House, a home built around 1800, hosted historical tours and living-history events. No longer.. Never overestimate the ability of supposedly well-informed Americans to think rationally on the subject of race. That's the unhappy lesson of Latta House and its closing earlier this year.", "categories": [["Opinion", "Commentary"]], "category_links": ["https://www.wsj.com/news/opinion?mod=breadcrumb", "https://www.wsj.com/news/types/commentary-u-s?mod=breadcrumb"]}, {"link": "https://www.wsj.com/articles/biden-covid-19-vaccine-mandate-requirement-100-employee-federal-delta-variant-mask-11631306245", "title": "With Biden's Vaccine Plan, Politics Is Fully in Charge", "date": "2021-09-10 17:50", "summary": "Lumping 75 million unvaccinated Americans into one category is wedge partisanship, not science.. It's impossible for politics not to be paramount in a time like Covid, when voters are steeped in anxiety, when politicians know their career survival is at risk with every decision.", "categories": [["Opinion", "Business World"]], "category_links": ["https://www.wsj.com/news/opinion?mod=breadcrumb", "https://www.wsj.com/news/types/business-world?mod=breadcrumb"]}, {"link": "https://www.wsj.com/articles/cezanne-bathers-looking-to-the-past-diving-into-the-future-11631309895", "title": "Looking to the Past, Diving Into the Future", "date": "2021-09-10 17:39", "summary": "In his 'Les Grandes Baigneuses,' C\u00e9zanne combines the clarity of Old Master painting with his sense of the mobility of the natural world. ", "categories": [["Books & Arts", "Masterpiece"]], "category_links": ["https://www.wsj.com/news/books-arts?mod=breadcrumb", "https://www.wsj.com/news/types/masterpiece?mod=breadcrumb"]}, {"link": "https://www.wsj.com/articles/acting-out-cabinet-cards-and-the-making-of-modern-photography-18701900-review-where-people-got-their-closeups-11631309878", "title": "'Acting Out: Cabinet Cards and the Making of Modern Photography, 1870-1900' Review: Where People Got Their Closeups", "date": "2021-09-10 17:37", "summary": "An exhibition at LACMA looks at cabinet cards: small posed studio portraits that exploded in popularity in the 19th century thanks to their details and affordability.. ", "categories": [["Books & Arts", "Art Review"]], "category_links": ["https://www.wsj.com/news/books-arts?mod=breadcrumb", "https://www.wsj.com/news/types/art-review?mod=breadcrumb"]}, {"link": "https://www.wsj.com/articles/cruises-are-back-heres-what-you-need-to-know-about-safety-before-you-climb-aboard-11631290608", "title": "Cruises Are Back: Here's What You Need to Know About Safety", "date": "2021-09-10 17:33", "summary": "Major cruise lines are setting sail once more and trying to make a squeaky-clean break from the past. We offer the latest guidance from health experts and look at the big changes onboard and onshore.. AFTER ALMOST 18 dormant months in the age of Covid 19, cruise lines are increasingly beginning to sail again. American Cruise Lines launched from Florida in March. Crystal Cruises resumed operations, with two vessels sailing in the Bahamas, in July. The Norwegian Jade is cruising the Greek Isles, with many Americans on board. At the end of August, Oceania Cruises' Marina set sail from Copenhagen, and its sister ship, the Riviera, is scheduled to travel from Istanbul to Trieste in October. The 2022 itineraries on Viking Ocean Cruises are almost fully booked. Clearly there is demand, and passengers are willing to climb aboard. The question is: Is it safe to cruise now?", "categories": [["Life & Work", "Travel", "Off Duty Travel"]], "category_links": ["https://www.wsj.com/news/life-work?mod=breadcrumb", "https://www.wsj.com/news/magazine/travel?mod=breadcrumb", "https://www.wsj.com/news/types/off-duty-travel?mod=breadcrumb"]}, {"link": "https://www.wsj.com/articles/unvaccinated-people-11-times-as-likely-to-die-from-covid-19-11631308672", "title": "Unvaccinated People 11 Times as Likely to Die From Covid-19", "date": "2021-09-10 17:17", "summary": "Hospitalizations and infections were also far higher among the unvaccinated during Delta surge, CDC says. As the Delta variant became dominant in the U.S. this summer, data showed that unvaccinated Americans were 4.6 times as likely to be infected, 10 times as likely to be hospitalized and 11 times as likely to die from Covid-19 than vaccinated people.", "categories": [["U.S."]], "category_links": ["https://www.wsj.com/news/us?mod=breadcrumb"]}, {"link": "https://www.wsj.com/articles/global-stock-markets-dow-update-09-10-2021-11631259867", "title": "Stocks Fall for the Week as Investors Face Autumn Uncertainty", "date": "2021-09-10 17:16", "summary": "Oil and metals prices gain on hopes of reduced geopolitical tensions after a call between President Biden and China's Xi Jinping. ", "categories": [["Markets", "U.S. Markets"]], "category_links": ["https://www.wsj.com/news/markets?mod=breadcrumb", "https://www.wsj.com/news/types/today-s-markets?mod=breadcrumb"]}, {"link": "https://www.wsj.com/articles/how-to-become-a-morning-person-11631307025", "title": "How to Become a Morning Person", "date": "2021-09-10 16:50", "summary": "Sleep and productivity experts weigh in on how to get your morning mojo back; 'Whatever you do, don't log on to your work email'. It's time to take back our mornings. Many kids are returning to in-person learning. Some workers are being called to the office. And even if you don't have something making you get out of bed, now might still be the moment.", "categories": [["Culture"]], "category_links": ["https://www.wsj.com/news/types/noted-culture?mod=breadcrumb"]}, {"link": "https://www.wsj.com/articles/schools-reopen-covid-children-masks-vaccine-delta-surge-mandates-texas-california-florida-11631287882", "title": "School Is Back and the Covid Rules Keep Changing: 'It's as Chaotic as You Can Get.'", "date": "2021-09-10 16:47", "summary": "Resume Subscription. In Dallas public schools, mandatory temperature checks are out, while mask requirements are in. Seattle added more options for students to eat lunch together to promote socialization. And on Thursday, Los Angeles decided its eligible public-school students must be vaccinated for in-person classes.", "categories": [[]], "category_links": []}, {"link": "https://www.wsj.com/articles/libor-alternative-is-winning-over-derivatives-traders-11631271601", "title": "Libor Alternative Is Winning Over Derivatives Traders", "date": "2021-09-10 16:21", "summary": "Trading in financial contracts tied to Wall Street's preferred alternative, SOFR, has surged. Efforts to replace the troubled London interbank offered rate are showing signs of progress.", "categories": [["Markets"]], "category_links": ["https://www.wsj.com/news/markets?mod=breadcrumb"]}, {"link": "https://www.wsj.com/articles/apollo-taps-tinder-ceo-jim-lanzone-for-top-yahoo-job-11631274301", "title": "Apollo Taps Tinder CEO Jim Lanzone for Top Yahoo Job", "date": "2021-09-10 16:17", "summary": "Digital-media veteran joins legacy internet player bought by Apollo Global Management. Yahoo Inc. said it named Jim Lanzone as its new chief executive, turning to a digital-media veteran to jump-start growth and explore strategic opportunities for the legacy internet player.", "categories": [["WSJ News Exclusive", "Business"]], "category_links": ["https://www.wsj.com/news/business?mod=breadcrumb"]}, {"link": "https://www.wsj.com/articles/nasa-mars-rock-sample-11631124341", "title": "NASA Collects Mars Rock Samples in Historic First for Perseverance Rover", "date": "2021-09-10 16:11", "summary": "Pencil-sized samples were placed in airtight tubes and will eventually be brought back to Earth for analysis. NASA's Perseverance rover has successfully collected two samples of Martian rock and sealed them in airtight titanium tubes for eventual return to Earth.", "categories": [["Life & Work", "Science"]], "category_links": ["https://www.wsj.com/news/life-work?mod=breadcrumb", "https://www.wsj.com/news/types/science?mod=breadcrumb"]}, {"link": "https://www.wsj.com/articles/french-former-health-minister-charged-over-pandemic-management-11631304430", "title": "Former French Health Minister Charged Over Pandemic Management", "date": "2021-09-10 16:07", "summary": "Agn\u00e8s Buzyn charged with endangering lives, in probe of Macron government's handling of crisis. PARIS-French prosecutors brought preliminary charges against a former health minister over her actions during the first months of the coronavirus pandemic, part of a probe that is examining how the government of President Emmanuel Macron responded to the crisis.", "categories": [["World", "Europe"]], "category_links": ["https://www.wsj.com/news/world?mod=breadcrumb", "https://www.wsj.com/news/types/europe-news?mod=breadcrumb"]}, {"link": "https://www.wsj.com/articles/china-makes-sure-everyone-writes-taiwans-name-just-soeven-a-colorado-high-school-11631304386", "title": "China Makes Sure Everyone Writes Taiwan's Name Just So-Even a Colorado High School", "date": "2021-09-10 16:06", "summary": "No group is too small or obscure to escape the attention of Beijing bureaucrats scouring applications to attend United Nations functions. Trying to give some students a taste of foreign affairs, Colorado's Regis Jesuit High School applied for credentials to attend the United Nations Commission on the Status of Women.", "categories": [["A-hed"]], "category_links": ["https://www.wsj.com/news/types/a-hed?mod=breadcrumb"]}, {"link": "https://www.wsj.com/articles/thrift-saturday-crossword-september-11-11630621276", "title": "Thrift (Saturday Crossword, September 11)", "date": "2021-09-10 16:01", "categories": [["WSJ Puzzles", "Crossword"]], "category_links": ["https://www.wsj.com/news/puzzle?mod=breadcrumb", "https://www.wsj.com/news/types/crossword?mod=breadcrumb"]}, {"link": "https://www.wsj.com/articles/drop-ins-saturday-variety-puzzle-september-11-11630621417", "title": "Drop-Ins (Saturday Variety Puzzle, September 11)", "date": "2021-09-10 16:01", "categories": [["WSJ Puzzles", "Variety Puzzle"]], "category_links": ["https://www.wsj.com/news/puzzle?mod=breadcrumb", "https://www.wsj.com/news/types/variety-puzzle?mod=breadcrumb"]}, {"link": "https://www.wsj.com/articles/apple-trial-ends-in-mixed-verdict-after-fortnite-makers-monopoly-allegations-11631289792", "title": "Judge Orders Apple to Loosen App Store Restrictions in Mixed Verdict", "date": "2021-09-10 15:46", "summary": "Case pitted Steve Jobs's vision of a walled garden of Apple hardware against Epic co-founder Tim Sweeney's desire for an open ecosystem. Apple Inc. must loosen its restrictions on how developers can seek payment within their apps, a federal judge ruled Friday, but she left the tech giant's powerful App Store in place as the only way to download programs to iPhones and iPads.", "categories": [["Tech"]], "category_links": ["https://www.wsj.com/news/technology?mod=breadcrumb"]}, {"link": "https://www.wsj.com/articles/u-s-and-eu-advance-talks-to-preserve-data-transfers-11631302743", "title": "U.S., EU Advance Talks to Preserve Data Transfers", "date": "2021-09-10 15:39", "summary": "Facebook and many other companies might need a deal to continue operating across the Atlantic Ocean. BRUSSELS-U.S. and the European Union officials are making progress on keeping data flowing across the Atlantic, according to people familiar with negotiations that are vital to Facebook Inc. and thousands of other companies.", "categories": [["WSJ News Exclusive", "Tech"]], "category_links": ["https://www.wsj.com/news/technology?mod=breadcrumb"]}, {"link": "https://www.wsj.com/articles/5-ways-that-3-d-printers-can-make-you-cooler-11631302176", "title": "5 Ways That 3-D Printers Can Make You Cooler", "date": "2021-09-10 15:29", "summary": "The revolutionary machines can make your life easier and help you impress your friends (and kids). Skeptical? Read on.... AS REVOLUTIONARY technologies evolve, they shrink-once taking up entire rooms, they eventually fit on your kitchen counter. 3-D printers have made it to that stage. And at around $300 for high-tech machines, they're now affordable enough that almost anyone can have a go. If you still view them as irredeemably nerdy, it's time to rethink.", "categories": [["Tech", "Personal Tech", "Gear & Gadgets"]], "category_links": ["https://www.wsj.com/news/technology?mod=breadcrumb", "https://www.wsj.com/news/types/personal-technology-joanna-stern?mod=breadcrumb", "https://www.wsj.com/news/types/gear?mod=breadcrumb"]}, {"link": "https://www.wsj.com/articles/jasper-johnss-lifetime-of-making-and-breaking-rules-11631302028", "title": "Jasper Johns's Lifetime of Making and Breaking Rules", "date": "2021-09-10 15:27", "summary": "At 91, the American painter is the subject of a new retrospective spanning museums in two cities. Jasper Johns has been one of America's most famous artists since the 1950s, when he began to make his highly distinctive paintings of everyday images like flags. Those early works remain his best-known, but a new retrospective opening Sept. 29 shows that Mr. Johns, 91, has never stopped exploring new directions. It's a testimony to his long, productive career that \"Jasper Johns: Mind/Mirror\" needs two museums-the Whitney Museum of American Art in New York and the Philadelphia Museum of Art-to display approximately 550 artworks spanning seven decades.", "categories": [["Life & Work", "Ideas", "Icons"]], "category_links": ["https://www.wsj.com/news/life-work?mod=breadcrumb", "https://www.wsj.com/news/life-work/ideas?mod=breadcrumb", "https://www.wsj.com/news/types/icons?mod=breadcrumb"]}, {"link": "https://www.wsj.com/articles/apples-walled-garden-springs-a-leak-11631301916", "title": "Apple's Walled Garden Springs a Leak", "date": "2021-09-10 15:25", "summary": "Game stocks rally after Epic ruling costs Apple control of in-app payments in mixed verdict. So Apple will get to keep its walled garden, but will have to work a little harder to tend it.", "categories": [["Markets", "Heard on the Street"]], "category_links": ["https://www.wsj.com/news/markets?mod=breadcrumb", "https://www.wsj.com/news/heard-on-the-street?mod=breadcrumb"]}, {"link": "https://www.wsj.com/articles/apples-next-iphone-is-coming-soon-heres-what-to-expect-11629032400", "title": "Apple's Next iPhone Is Coming Soon. Here's What to Expect.", "date": "2021-09-10 15:23", "summary": "Analysts say camera improvements are the biggest changes hitting Apple's coming smartphones. Otherwise, expect modest upgrades.. About to buy a new iPhone? Don't. We expect Apple to announce new models at its Sept. 14 news event, which the company will once again stream virtually due to the coronavirus pandemic. And even if you aren't interested in the latest and greatest, the company generally drops the price of some older models along with the new crop.", "categories": [["Tech", "Personal Tech", "Personal Technology: Nicole Nguyen"]], "category_links": ["https://www.wsj.com/news/technology?mod=breadcrumb", "https://www.wsj.com/news/types/personal-technology-joanna-stern?mod=breadcrumb", "https://www.wsj.com/news/types/personal-technology-nicole-nguyen?mod=breadcrumb"]}, {"link": "https://www.wsj.com/articles/armory-show-review-new-york-art-fair-javits-center-11631300040", "title": "The Armory Show Review: Hey Good Lookin'", "date": "2021-09-10 14:56", "summary": "The marquee art fair was one of the last major New York events before Covid-19 hit the city; now it's back in a sparkling new venue.. New York", "categories": [["Books & Arts", "Art Review"]], "category_links": ["https://www.wsj.com/news/books-arts?mod=breadcrumb", "https://www.wsj.com/news/types/art-review?mod=breadcrumb"]}, {"link": "https://www.wsj.com/articles/what-to-read-this-week-nathaniel-philbrick-washington-water-joy-williams-scary-stories-11631298811", "title": "What to Read This Week", "date": "2021-09-10 14:34", "summary": "A road trip with George Washington, the civilization-shaping power of water, satire from Joy Williams and spooky tales for young readers.. ", "categories": [["Books & Arts", "Books", "Bookshelf"]], "category_links": ["https://www.wsj.com/news/books-arts?mod=breadcrumb", "https://www.wsj.com/news/books-arts/books?mod=breadcrumb", "https://www.wsj.com/news/types/bookshelf?mod=breadcrumb"]}, {"link": "https://www.wsj.com/articles/interior-designers-on-the-7-most-comfortable-chairs-to-buy-11631298600", "title": "Interior Designers on the 7 Most Comfortable Chairs to Buy", "date": "2021-09-10 14:30", "summary": "Seven seats waiting to give you a great big hug, as recommended by design pros who've done more than their share of sinking into furniture. WHILE WE anxiously wait to resume regular programming, comfort has become a high priority on the home front. With that in mind, we asked scores of interior designers to name the most sink-into-able chairs available today. Two respondents enthusiastically backed the Song Armchair from 3-year-old British company Maker&Son. New York designer Ghislaine Vi\u00f1as called it \"freakishly and deliciously comfortable...[it makes] you want to immediately curl up and snuggle.\" Who among us wouldn't welcome a hug from a chair these days? Here, six more designer-recommended seats waiting to embrace you.", "categories": [["Real Estate", "Design"]], "category_links": ["https://www.wsj.com/news/realestate?mod=breadcrumb", "https://www.wsj.com/news/types/design?mod=breadcrumb"]}, {"link": "https://www.wsj.com/articles/construction-of-nord-stream-2-pipeline-is-complete-russian-gas-company-says-11631298163", "title": "Construction of Nord Stream 2 Pipeline Is Complete, Russian Gas Company Says", "date": "2021-09-10 14:22", "summary": "Biden administration has maintained public opposition to pipeline but also removed obstacles to its completion. Russia's gas-export monopoly said Friday that construction had been completed on a controversial pipeline to Europe, marking the end of a multiyear geopolitical struggle that has strained U.S.-German relations and served as a test of U.S. resolve amid heightened tensions with the Kremlin.", "categories": [["Politics"]], "category_links": ["https://www.wsj.com/news/politics?mod=breadcrumb"]}, {"link": "https://www.wsj.com/articles/afghan-female-orchestras-escape-halted-100-yards-from-freedom-11631290248", "title": "Afghan Female Orchestra's Escape Halted 100 Yards From Freedom", "date": "2021-09-10 14:10", "summary": "U.S. effort to help members of Zohra flee were thwarted when Taliban guards refused to wake a commander at Kabul's airport. Members of an internationally renowned orchestra of Afghan women and girls remain stuck in Afghanistan after an attempt to get them out through Kabul's airport in the last days of the U.S. war failed.", "categories": [["World", "Middle East"]], "category_links": ["https://www.wsj.com/news/world?mod=breadcrumb", "https://www.wsj.com/news/types/middle-east-news?mod=breadcrumb"]}, {"link": "https://www.wsj.com/articles/war-on-terror-jihadists-islamist-deradicalization-immigrant-screen-border-security-11631290796", "title": "The War on Terror Shifts to 'Brainistan'", "date": "2021-09-10 13:57", "summary": "The West needs a better system for identifying radical Islamists and cutting out the religious underpinnings of jihad.. Twenty years ago, 19 of my fellow Arab Muslims carried out the worst foreign attack on American soil in history. Slipping into the country legally and apparently without raising alarm bells among our intelligence and law-enforcement communities, these members of al Qaeda, a radical Islamist group bent on jihad, crashed two commercial airliners into New York's World Trade Center towers and a third plane into the Pentagon. They failed with a fourth aircraft because of the actions of courageous and selfless passengers. As a result, nearly 3,000 people were murdered that day, and many more have succumbed to related injuries in the ensuing years.", "categories": [["Opinion", "Commentary"]], "category_links": ["https://www.wsj.com/news/opinion?mod=breadcrumb", "https://www.wsj.com/news/types/commentary-u-s?mod=breadcrumb"]}, {"link": "https://www.wsj.com/articles/wall-street-journal-wsj-9-11-sept-eleventh-terrorist-attack-twin-towers-journalism-11631290846", "title": "How The Wall Street Journal Published on 9/11", "date": "2021-09-10 13:56", "summary": "The newsroom was destroyed and the staff scattered, but the paper came out on schedule.. It will happen again. Though few of us want to admit it, the 9/11 terrorist attacks are destined to be repeated, probably amplified, at some point. There is no scale to measure the degree of human suffering that follows such events. We can't change history or prevent the inevitable sequels. But we can remind ourselves that there will also be a morning after, when the families of those who perished and the shaken survivors begin to pick themselves up and look to the future as a means of rebuffing those who seek to harm us.", "categories": [["Opinion", "Commentary"]], "category_links": ["https://www.wsj.com/news/opinion?mod=breadcrumb", "https://www.wsj.com/news/types/commentary-u-s?mod=breadcrumb"]}, {"link": "https://www.wsj.com/articles/hearing-too-much-in-a-noisy-world-11631296563", "title": "Hearing Too Much in a Noisy World", "date": "2021-09-10 13:56", "summary": "Even ordinary levels of background din can drown out the meaning our brains seek from sound. When the pandemic struck in March of 2020, the human world went quiet. During what some are now calling the anthropause, highways and byways emptied of cars while shops and services locked their doors for weeks and months. Using sensitive sound level analyzers, scientists from every continent confirmed a reduction in human-created sound levels, in some cities by as much as seven decibels, which translates to about one-fifth as loud as before.", "categories": [["Life & Work", "Ideas", "Essay"]], "category_links": ["https://www.wsj.com/news/life-work?mod=breadcrumb", "https://www.wsj.com/news/life-work/ideas?mod=breadcrumb", "https://www.wsj.com/news/types/essay?mod=breadcrumb"]}, {"link": "https://www.wsj.com/articles/biden-to-require-all-federal-workers-government-contractors-to-be-vaccinated-against-covid-19-11631195011", "title": "Biden Boosts Vaccine Requirements for Large Employers, Federal Workers to Combat Covid-19", "date": "2021-09-10 13:53", "summary": "Department of Labor plans to issue an emergency temporary standard implementing the new requirement. All employers with 100 or more employees would have to require that their workers be vaccinated or undergo at least weekly Covid-19 testing under a new plan announced by President Biden to curb the spread of the pandemic.", "categories": [["Politics"]], "category_links": ["https://www.wsj.com/news/politics?mod=breadcrumb"]}, {"link": "https://www.wsj.com/articles/kroger-had-a-spill-in-aisle-five-11631296084", "title": "Kroger Had a Spill in Aisle Five", "date": "2021-09-10 13:48", "summary": "After an impressive run, supermarket chain's shares dropped after missing bottom line expectations. Supermarkets were late bloomers among the Covid-19 winners, unrecognized last year during the pandemic boom but finally gaining steam this year. Kroger 's results Friday seriously disrupted that rally.", "categories": [["Markets", "Heard on the Street"]], "category_links": ["https://www.wsj.com/news/markets?mod=breadcrumb", "https://www.wsj.com/news/heard-on-the-street?mod=breadcrumb"]}, {"link": "https://www.wsj.com/articles/bidens-new-vaccine-mandates-what-do-they-do-and-whom-do-they-affect-11631229224", "title": "Biden's New Vaccine Mandates: What Do They Do and Whom Do They Affect?", "date": "2021-09-10 13:45", "summary": "The administration's rules on Covid-19 shots will cover tens of millions of U.S. workers. President Biden on Thursday announced the government's strictest mandates yet for Covid-19 vaccinations, with a combination of orders that will affect tens of millions of U.S. workers.", "categories": [["Politics"]], "category_links": ["https://www.wsj.com/news/politics?mod=breadcrumb"]}, {"link": "https://www.wsj.com/articles/leylah-fernandez-emma-raducanu-us-open-tennis-11631283640", "title": "The Fantastic U.S. Open Final That No One Saw Coming", "date": "2021-09-10 13:39", "summary": "Teenagers Leylah Fernandez and Emma Raducanu meet Saturday in their first-ever major tournament championship-and that's just the start of the history. They'll laugh with amazement about this madness one day. Wait: They're probably laughing about it now. How can they not?", "categories": [["Sports"]], "category_links": ["https://www.wsj.com/news/sports?mod=breadcrumb"]}, {"link": "https://www.wsj.com/articles/elizabeth-holmess-trial-attireyes-to-diaper-bags-no-to-turtlenecks-11631295588", "title": "Elizabeth Holmes's Trial Attire-Yes to Diaper Bags, No to Turtlenecks", "date": "2021-09-10 13:39", "summary": "The former Theranos CEO has adopted a soft new look-which diverges from her previous black-turtleneck uniform-as a defendant in her criminal trial. IN 2014 AND 2015, Theranos founder Elizabeth Holmes appeared on the covers of Fortune, Forbes, Inc., T: The New York Times Style Magazine, Bloomberg Businessweek and Glamour. The photographs on these magazine covers are almost identical. On each, she wears her signature black turtleneck, inspired by her late idol Steve Jobs, who'd long favored a version by designer Issey Miyake. Her blonde hair is in a chignon, and her gaze is steady. Ms. Holmes's look was so recognizable that it's still a popular Halloween costume, and it has even spawned ironic merch with her visage on it. (One T-shirt says, \"Fake it 'till you make it.\")", "categories": [["Life & Work", "Style & Fashion", "Off Brand"]], "category_links": ["https://www.wsj.com/news/life-work?mod=breadcrumb", "https://www.wsj.com/news/life-work/fashion?mod=breadcrumb", "https://www.wsj.com/news/types/off-brand?mod=breadcrumb"]}, {"link": "https://www.wsj.com/articles/democrats-float-partnership-buyback-taxes-to-fund-3-5-trillion-spending-plan-11631264400", "title": "Democrats Float Taxes on Partnerships, Buybacks", "date": "2021-09-10 13:37", "summary": "Senators give details on two proposals that could generate money, as support for a major capital-gains tax increase wanes. WASHINGTON-Senate Democrats offered proposals Friday for tighter tax rules on partnerships and an excise tax on stock buybacks, as lawmakers look to plug gaps in their fast-moving, $3.5 trillion healthcare, education and climate legislation.", "categories": [["Politics"]], "category_links": ["https://www.wsj.com/news/politics?mod=breadcrumb"]}, {"link": "https://www.wsj.com/articles/peggy-noonan-preisdent-biden-afghanistan-withdrawal-images-11631227229", "title": "The Images of President Biden That Will Linger", "date": "2021-09-10 13:29", "summary": "Remember his angry, challenging look as he deflected responsibility?. Peggy Noonan's \"The Afghan Fiasco Will Stick to Biden\" (Declarations, Sept. 4) is one of her better columns, accompanied by a photo of President Biden, head bent in apparent anguish. But the image I remember from the speech is Mr. Biden's angry, challenging look as he deflected responsibility and even found a victory in the retreat. I nearly visualized former President Trump standing with him, denying the election results and claiming victory. Are we no longer able to find great leaders when we most need them?", "categories": [["Opinion", "Letters"]], "category_links": ["https://www.wsj.com/news/opinion?mod=breadcrumb", "https://www.wsj.com/news/types/letters?mod=breadcrumb"]}, {"link": "https://www.wsj.com/articles/amherst-college-university-covid-vaccine-mask-mandqates-11631225644", "title": "What Do Colleges Owe Vaccinated Students?", "date": "2021-09-10 13:28", "summary": "The president of Amherst responds on Covid rules.. Leslie Bienen's op-ed \"Colleges Violate Their Promises to Vaccinated Students\" (Sept. 4) does not mention the serious spread of Covid-19 that other colleges and universities are already experiencing. These institutions have a responsibility to keep their communities as safe as possible from a highly contagious and virulent variant.", "categories": [["Opinion", "Letters"]], "category_links": ["https://www.wsj.com/news/opinion?mod=breadcrumb", "https://www.wsj.com/news/types/letters?mod=breadcrumb"]}, {"link": "https://www.wsj.com/articles/food-stamps-snap-benefits-safety-net-iga-grocery-11631225177", "title": "Grocery Store CEO Wants More Food Stamps", "date": "2021-09-10 13:25", "summary": "SNAP behaves precisely like a social-support network should.. Government spending is on the rise, and now Democrats want to raise Supplemental Nutrition Assistance Program (SNAP) benefits by as much as 27%. Many conservatives feel, as your editorial \"The Democratic Food-Stamp Boom\" (Aug. 18) argues, that this is an attempt by liberals to increase the deficit for a program that creates dependency without addressing the root cause.", "categories": [["Opinion", "Letters"]], "category_links": ["https://www.wsj.com/news/opinion?mod=breadcrumb", "https://www.wsj.com/news/types/letters?mod=breadcrumb"]}, {"link": "https://www.wsj.com/articles/gavin-newsom-homeless-california-streets-11631224903", "title": "Maybe Gavin Newsom Wants More Homeless on the Street", "date": "2021-09-10 13:24", "summary": "His program to reduce homelessness includes the same policies most people would implement to increase it.. Regarding Stephen Eide's \"Homelessness Is Behind the Anger at Gavin Newsom\" (Cross Country, Sept. 4): Assume you have the power to change laws and culture, and your goal is to increase the number of people living on the streets. What would you change? I've been asking people for several years. Here are the most common answers:", "categories": [["Opinion", "Letters"]], "category_links": ["https://www.wsj.com/news/opinion?mod=breadcrumb", "https://www.wsj.com/news/types/letters?mod=breadcrumb"]}, {"link": "https://www.wsj.com/articles/echo-global-logistics-to-sell-itself-to-private-equity-firm-in-1-3-billion-deal-11631286561", "title": "Echo Global Logistics to Sell Itself to Private-Equity Firm in $1.3 Billion Deal", "date": "2021-09-10 13:24", "summary": "The transaction would take private one of the largest middlemen in the surging U.S. freight shipping market. Echo Global Logistics Inc. plans to sell itself to private-equity firm Jordan Co. LP in an approximately $1.3 billion deal that would take private one of the largest freight brokers in a red-hot U.S. shipping market.", "categories": [["Logistics Report"]], "category_links": ["https://www.wsj.com/news/types/logistics-report?mod=breadcrumb"]}, {"link": "https://www.wsj.com/articles/world-trade-center-war-trophies-taliban-afghanistan-911-attack-11631224100", "title": "Two World Trade Center War Trophies Left for the Taliban", "date": "2021-09-10 13:23", "summary": "The new Afghan regime could use them to celebrate 9/11.. Regarding Daniel Henninger's \"9/11 Did Not Change Everything\" (Wonder Land, Sept. 9): Sept. 11, 2021, marks the 20th anniversary of what can be described as America's second day of infamy. The numbers killed, wounded and forever scarred by the al Qaeda terrorist attacks were even larger than those of America's first day of infamy, the attack on Pearl Harbor.", "categories": [["Opinion", "Letters"]], "category_links": ["https://www.wsj.com/news/opinion?mod=breadcrumb", "https://www.wsj.com/news/types/letters?mod=breadcrumb"]}, {"link": "https://www.wsj.com/articles/mens-face-lifts-once-a-plastic-surgery-taboo-now-trendy-11631293259", "title": "Men's Face-lifts: Once Taboo, Now Trendy (and Professionally Strategic)", "date": "2021-09-10 13:00", "summary": "There's no shame in being vain-just ask newly taut designer Marc Jacobs. Why men ranging from C-suite executives to Hollywood stars are increasingly going under the knife.. AS ONE OF America's arbiters of cool, fashion designer Marc Jacobs has been the face of many trends. But this July, when the perennial enfant terrible, now 58, revealed in a gleeful Instagram post that he'd had a face-lift, just one day into his postoperative recovery, his newly taut mug became the story.", "categories": [["Life & Work", "Style & Fashion", "Fashion"]], "category_links": ["https://www.wsj.com/news/life-work?mod=breadcrumb", "https://www.wsj.com/news/life-work/fashion?mod=breadcrumb", "https://www.wsj.com/news/types/fashion?mod=breadcrumb"]}, {"link": "https://www.wsj.com/articles/travels-with-george-nathaniel-philbrick-review-a-president-hits-the-road-washington-11631287810", "title": "'Travels With George' Review: A President Hits the Road", "date": "2021-09-10 12:56", "summary": "How better to learn about a new nation than to travel through it? A historian follows George Washington's get-to-know-you tour.. However Americans felt on the eve of the 1960 presidential election, they largely refused to share their political opinions with the novelist John Steinbeck as he drove across the country with the poodle he immortalized in \"Travels With Charley\" (1962). At one point, Steinbeck wondered if his countrymen were, as he put it, \"scared to have an opinion.\"", "categories": [["Books & Arts", "Books", "Bookshelf"]], "category_links": ["https://www.wsj.com/news/books-arts?mod=breadcrumb", "https://www.wsj.com/news/books-arts/books?mod=breadcrumb", "https://www.wsj.com/news/types/bookshelf?mod=breadcrumb"]}, {"link": "https://www.wsj.com/articles/hard-hit-industries-renew-calls-for-covid-19-aid-amid-economic-slowdown-11631293009", "title": "Hard-Hit Industries Renew Calls for Covid-19 Aid", "date": "2021-09-10 12:56", "summary": "Prospects for additional financial assistance face uphill climb as Congress weighs several large priorities. WASHINGTON-Restaurants, live-events businesses and gyms are among industries renewing calls for Congress to provide additional financial assistance amid signs the rise in Covid-19 cases is slowing U.S. economic activity.", "categories": [["Politics"]], "category_links": ["https://www.wsj.com/news/politics?mod=breadcrumb"]}, {"link": "https://www.wsj.com/articles/water-review-the-ebb-and-flow-of-history-drought-irrigation-politics-11631287454", "title": "'Water' Review: The Ebb and Flow of History", "date": "2021-09-10 12:55", "summary": "States are keen on controlling the most vital substance on earth. Water has other plans.. The trouble with water, Giulio Boccaletti reminds us in his sweeping \"Water: A Biography,\" is that it moves. Rivers flood; rain clouds drift away; oceans rise. When human beings lived as nomadic hunter-gatherers, we adapted by migrating toward dry ground or fresh sources of water. But once we settled into permanent farming communities some 10,000 years ago, our options narrowed and our relationship with water became more fraught.", "categories": [["Books & Arts", "Books", "Bookshelf"]], "category_links": ["https://www.wsj.com/news/books-arts?mod=breadcrumb", "https://www.wsj.com/news/books-arts/books?mod=breadcrumb", "https://www.wsj.com/news/types/bookshelf?mod=breadcrumb"]}, {"link": "https://www.wsj.com/articles/whats-eating-the-universe-review-a-pocket-guide-to-the-cosmos-paul-davies-dark-matter-11631292599", "title": "'What's Eating the Universe?' Review: A Pocket Guide to the Cosmos", "date": "2021-09-10 12:53", "summary": "A whirlwind tour through the vastness of space and the innermost recesses of subatomic matter.. As the pandemic ebbed and flowed this summer, we watched the spectacle of billionaires racing to the edge of space. Shortly after reaching an altitude of 53 miles in his rocket plane, Richard Branson heralded \"the dawn of a new space age,\" while Jeff Bezos-who flew more than 10 miles higher nine days later-said he wanted to \"build a road to space so our kids, and their kids, can build the future.\" While Mr. Branson dreams of an orbiting hotel, Mr. Bezos of a base on the moon and Elon Musk a colony on Mars, the physicist Paul Davies explores a far wider canvas in his introduction to cosmology, \"What's Eating the Universe?\" This \"scientific detective story,\" Mr. Davies tells us, travels \"from the very edge of time itself, through our own epoch, into the infinite future\" and weaves together \"the vastness of space with the innermost recesses of subatomic matter.\"", "categories": [["Books & Arts", "Books", "Bookshelf"]], "category_links": ["https://www.wsj.com/news/books-arts?mod=breadcrumb", "https://www.wsj.com/news/books-arts/books?mod=breadcrumb", "https://www.wsj.com/news/types/bookshelf?mod=breadcrumb"]}, {"link": "https://www.wsj.com/articles/florida-teens-charged-in-school-shooting-plot-11631292131", "title": "Florida Teens Charged in School Shooting Plot", "date": "2021-09-10 12:42", "summary": "Students had studied 1999 Columbine massacre extensively, authorities say. Authorities averted a potential shooting at a middle school in Lee County, Fla., after arresting two students who were allegedly plotting an attack.", "categories": [["U.S."]], "category_links": ["https://www.wsj.com/news/us?mod=breadcrumb"]}, {"link": "https://www.wsj.com/articles/sick-day-for-biotech-stocks-wont-last-11631291680", "title": "Sick Day for Biotech Stocks Won't Last", "date": "2021-09-10 12:34", "summary": "Tough talk from the Biden Administration on drug prices and weak sales have harmed biotech stocks, but these symptoms likely won't last. One problem with high-risk, high-reward investments like biotechnology companies is that disappointment can come in many forms. This week, just about everything that could go wrong for the sector did.", "categories": [["Markets", "Heard on the Street"]], "category_links": ["https://www.wsj.com/news/markets?mod=breadcrumb", "https://www.wsj.com/news/heard-on-the-street?mod=breadcrumb"]}, {"link": "https://www.wsj.com/articles/helene-an-reinvented-vietnamese-food-in-the-u-s-11631291280", "title": "Helene An Reinvented Vietnamese Food in the U.S.", "date": "2021-09-10 12:28", "summary": "At 77, the 'mother of fusion cuisine' is guiding her family's business through the challenges of the pandemic. When Saigon fell at the end of the Vietnam War in 1975, Helene An's family fled the country with nothing but the clothes on their backs. At 31, Ms. An found herself living in a one-bedroom apartment in San Francisco with her in-laws, husband and three daughters, trying to make a life in a new world. She spent her days working as an accountant, teaching French and math, and studying English, and her nights helping her mother-in-law run a small Italian cafe. \"We were struggling to survive,\" she says.", "categories": [["Life & Work", "Ideas", "Weekend Confidential"]], "category_links": ["https://www.wsj.com/news/life-work?mod=breadcrumb", "https://www.wsj.com/news/life-work/ideas?mod=breadcrumb", "https://www.wsj.com/news/types/weekend-confidential?mod=breadcrumb"]}, {"link": "https://www.wsj.com/articles/brian-robbins-expected-to-take-over-leadership-of-paramount-movie-studio-11631281748", "title": "Brian Robbins Expected to Take Over Leadership of Paramount Movie Studio", "date": "2021-09-10 12:19", "summary": "Mr. Robbins, head of Nickelodeon, will replace Jim Gianopulos, as ViacomCBS aims to beef up original content on Paramount+. Brian Robbins, the head of ViacomCBS Inc.'s Nickelodeon kids TV empire, is expected to take over as chairman and chief executive of the company's Paramount Pictures movie studio, according to people familiar with the matter.", "categories": [["WSJ News Exclusive", "Media & Marketing"]], "category_links": ["https://www.wsj.com/news/business/media-marketing?mod=breadcrumb"]}, {"link": "https://www.wsj.com/articles/biden-administration-expected-to-file-suit-soon-challenging-texas-abortion-law-11631205764", "title": "U.S. Sues Texas Over Its Abortion Law", "date": "2021-09-10 12:17", "summary": "Lawsuit targets state law limiting procedure to first six weeks of pregnancy. WASHINGTON-The Justice Department sued Texas Thursday to block a new state law banning most abortions, saying it was enacted \"in open defiance of the Constitution.\"", "categories": [["Politics"]], "category_links": ["https://www.wsj.com/news/politics?mod=breadcrumb"]}, {"link": "https://www.wsj.com/articles/bidens-covid-19-vaccine-mandate-splits-business-community-11631285037", "title": "Biden's Covid-19 Vaccine Mandate Splits Business Community", "date": "2021-09-10 12:07", "summary": "Some trade groups applaud harder stance, others seek more details and worry about testing capacity. The Biden administration's order that most major U.S. companies mandate that their workers get vaccinated or tested weekly for Covid-19 split the business community.", "categories": [["Business"]], "category_links": ["https://www.wsj.com/news/business?mod=breadcrumb"]}, {"link": "https://www.wsj.com/articles/big-12-byu-houston-cincinnati-ucf-oklahoma-texas-11631289335", "title": "The Big 12 Reloads to Offset Oklahoma and Texas Leaving", "date": "2021-09-10 11:56", "summary": "Conference presidents voted Friday to add BYU, Cincinnati, Houston and UCF to bolster its membership once Oklahoma and Texas move to the SEC. Facing fears that it is getting smaller, the Big 12 is about to get bigger.", "categories": [["Sports", "College Football"]], "category_links": ["https://www.wsj.com/news/sports?mod=breadcrumb", "https://www.wsj.com/news/types/college-football?mod=breadcrumb"]}, {"link": "https://www.wsj.com/articles/lebanon-gets-new-government-after-13-months-as-it-faces-economic-crisis-11631286311", "title": "Lebanon Gets New Government After 13-Month Deadlock", "date": "2021-09-10 11:49", "summary": "Najib Mikati to return as prime minister as nation seeks bailout funds. BEIRUT-Lebanon's political factions agreed Friday on a new government led by former Prime Minister Najib Mikati, ending a more than yearlong deadlock as the country struggles with an economic collapse that has pushed millions into poverty.", "categories": [["World", "Middle East"]], "category_links": ["https://www.wsj.com/news/world?mod=breadcrumb", "https://www.wsj.com/news/types/middle-east-news?mod=breadcrumb"]}, {"link": "https://www.wsj.com/articles/will-trumpism-dominate-the-gop-futureand-will-trump-11631288089", "title": "Will Trumpism Dominate the GOP Future-and Will Trump?", "date": "2021-09-10 11:34", "summary": "Next year's midterm elections should reveal how the former president's efforts are affecting the fate of the Republican Party, his rivals, and his own aspirations. The emails arrive regularly, sometimes multiple times a day. Some come from \"President Trump\" or \"Donald J. Trump,\" some from the former president's son. All assert a grievous harm being done to America by Democrats and President Biden-and all plead urgently for contributions to the Trump political organization.", "categories": [["Life & Work", "Ideas", "Essay"]], "category_links": ["https://www.wsj.com/news/life-work?mod=breadcrumb", "https://www.wsj.com/news/life-work/ideas?mod=breadcrumb", "https://www.wsj.com/news/types/essay?mod=breadcrumb"]}, {"link": "https://www.wsj.com/articles/ford-to-close-plants-in-india-a-tough-market-for-auto-giants-11631273115", "title": "Ford to Close Plants in India, a Tough Market for Auto Giants", "date": "2021-09-10 11:34", "summary": "U.S. car maker accumulated more than $2 billion in losses in a country that prefers budget-friendly vehicles. Ford Motor Co. 's decision to stop making cars in India deals a blow to Prime Minister Narendra Modi's domestic manufacturing drive while highlighting the difficulty foreign auto makers have gaining a foothold in the market.", "categories": [["Business", "Autos & Transportation", "Autos Industry"]], "category_links": ["https://www.wsj.com/news/business?mod=breadcrumb", "https://www.wsj.com/news/business/transportation?mod=breadcrumb", "https://www.wsj.com/news/types/autos?mod=breadcrumb"]}, {"link": "https://www.wsj.com/articles/biden-administration-releasing-billions-in-covid-19-relief-for-hospitals-health-groups-11631284543", "title": "Biden Administration Releasing Billions in Covid-19 Relief for Hospitals, Health Groups", "date": "2021-09-10 11:27", "summary": "Disbursal of congressionally approved funding comes amid pressure from lawmakers to speed up effort. The Biden administration is releasing more than $25 billion in relief funds to health organizations from money Congress granted last year to cover financial losses from the Covid-19 pandemic-after pressure from congressional lawmakers and medical groups who say hospitals are being financially pummeled by the surge in Covid-19 cases.", "categories": [["WSJ News Exclusive", "Health Policy"]], "category_links": ["https://www.wsj.com/news/types/health-policy?mod=breadcrumb"]}, {"link": "https://www.wsj.com/articles/harvard-endowment-wont-invest-in-fossil-fuel-exploration-companies-11631287453", "title": "Harvard Endowment Won't Invest in Fossil-Fuel Exploration Companies", "date": "2021-09-10 11:24", "summary": "Activists have pressured universities to move away from investments in oil-and-gas companies. Harvard University's endowment doesn't plan to invest in companies that explore for fossil fuels and is investing in funds that support moving to a green economy, the university's president said.", "categories": [["U.S."]], "category_links": ["https://www.wsj.com/news/us?mod=breadcrumb"]}, {"link": "https://www.wsj.com/articles/here-in-our-auschwitz-and-other-stories-tadeusz-borowski-review-the-terrible-truth-11631287310", "title": "'Here in Our Auschwitz and Other Stories' Review: The Terrible Truth", "date": "2021-09-10 11:22", "summary": "Borowski's stories, informed by his time in Nazi concentration camps, are told in an icy style that cloaks hot rage.. \"A book must be the ax for the frozen sea inside us,\" said Franz Kafka. \"Here in Our Auschwitz and Other Stories,\" the fullest English-language collection to date of Tadeusz Borowski's prose, is such a book. Borowski's sharp-edged descriptions of life in Nazi concentration camps shatter the limits of even Kafka's most surreal imaginings.", "categories": [["Books & Arts", "Books", "Bookshelf"]], "category_links": ["https://www.wsj.com/news/books-arts?mod=breadcrumb", "https://www.wsj.com/news/books-arts/books?mod=breadcrumb", "https://www.wsj.com/news/types/bookshelf?mod=breadcrumb"]}, {"link": "https://www.wsj.com/articles/bank-of-america-overhauls-top-management-ranks-11631281038", "title": "Bank of America Overhauls Top Management Ranks", "date": "2021-09-10 11:19", "summary": "Bank names new CFO and adds three women to its senior ranks in biggest leadership reshuffling in more than a decade. Bank of America Corp. said Friday it is shaking up its top leadership team, installing new finance, technology and legal chiefs and adding three women to its senior ranks.", "categories": [["Markets"]], "category_links": ["https://www.wsj.com/news/markets?mod=breadcrumb"]}, {"link": "https://www.wsj.com/articles/can-china-really-make-kids-stop-playing-video-games-11631286006", "title": "'Mortal Kombat' Can Teach China a Thing or Two About Videogames", "date": "2021-09-10 11:00", "summary": "From 'penny dreadfuls' to comic books to music, often the best way to make a business boom has been to try limiting it. Back in Business is an occasional column that puts the present day in perspective by looking at business history and those who shaped it. Read previous installments of the column here.", "categories": [["Business", "Back in Business"]], "category_links": ["https://www.wsj.com/news/business?mod=breadcrumb", "https://www.wsj.com/news/types/back-in-business?mod=breadcrumb"]}, {"link": "https://www.wsj.com/articles/whatsapp-to-offer-encryption-on-cloud-backups-a-new-step-in-privacy-arms-race-11631286000", "title": "WhatsApp to Offer Encryption on Cloud Backups", "date": "2021-09-10 11:00", "summary": "Facebook messaging unit's protection feature is the latest development in fight over encryption technology. Facebook Inc.'s WhatsApp on Friday said it would extend encryption on the messaging service to backups of chats shared on the platform when they are stored on Apple Inc. and Google's cloud services.", "categories": [["Tech"]], "category_links": ["https://www.wsj.com/news/technology?mod=breadcrumb"]}, {"link": "https://www.wsj.com/articles/childrens-books-the-joy-of-a-little-scare-creepy-stories-young-readers-11631285736", "title": "Children's Books: The Joy of a Little Scare", "date": "2021-09-10 10:57", "summary": "Alarming creatures and ghostly forms abound in these spine-tingling books.. For Rod Serling, the medium was television; for Shirley Jackson, it was short-form fiction; both storytellers were adept at giving adults the heebie-jeebies by situating sinister tales in bland and ordinary places. Josh Allen partakes of this fine American tradition with \"Only If You Dare,\" a collection of 13 creepy stories for middle-schoolers.", "categories": [["Books & Arts", "Books", "Bookshelf"]], "category_links": ["https://www.wsj.com/news/books-arts?mod=breadcrumb", "https://www.wsj.com/news/books-arts/books?mod=breadcrumb", "https://www.wsj.com/news/types/bookshelf?mod=breadcrumb"]}, {"link": "https://www.wsj.com/articles/ups-to-buy-delivery-platform-roadie-11631285459", "title": "UPS to Buy Delivery Platform Roadie", "date": "2021-09-10 10:51", "summary": "Deal thrusts UPS into same-day delivery market; Roadie has network of 200,000 crowdsourced drivers. United Parcel Service Inc. is getting into same-day delivery with a deal to buy Roadie Inc., a platform that uses gig workers to deliver items from retailers and other shippers quickly.", "categories": [["Business"]], "category_links": ["https://www.wsj.com/news/business?mod=breadcrumb"]}, {"link": "https://www.wsj.com/articles/fiction-review-joy-williams-harrow-jo-hamya-three-rooms-lauren-groff-matrix-11631285189", "title": "Fiction: Joy Williams's 'Harrow' Review", "date": "2021-09-10 10:47", "summary": "In the blighted world of Joy Williams's novel, the survivors of a global environmental crisis aren't chastened but indignant.. The unexamined assumption of most apocalypse fiction-surely the century's fastest growing literary genre-is that catastrophe will bring about repentance, or at least a modicum of reflection. But \"Harrow,\" by Joy Williams, isn't having it. In the novel's ravaged \"post-disaster present,\" the survivors of a global environmental collapse aren't chastened, only indignant. \"People think the planet is attempting to make threats-the withdrawal of spring-and nonnegotiable demands, and it pisses them off,\" reports one character, and as part of the punitive, hardline response to Mother Nature's intransigence, \"all that is non-human is considered detrimental to the future.\" The ridiculous, pigheaded, bemused, endlessly distracted and continuously self-sabotaging state of the future is the subject of this wonderfully goading satire.", "categories": [["Books & Arts", "Books", "Bookshelf"]], "category_links": ["https://www.wsj.com/news/books-arts?mod=breadcrumb", "https://www.wsj.com/news/books-arts/books?mod=breadcrumb", "https://www.wsj.com/news/types/bookshelf?mod=breadcrumb"]}, {"link": "https://www.wsj.com/articles/afghanistans-taliban-allow-women-to-attend-universities-but-fear-keeps-most-at-home-11631285145", "title": "Taliban Allow Women in Universities, but Fear Keeps Most at Home", "date": "2021-09-10 10:45", "summary": "Resume Subscription. KABUL-Women account for some 60% of the 2,400 students enrolled at Kabul's Ghalib University, one of many private colleges that sprang up in Afghanistan over the past two decades. When it reopened this week under new Taliban rules, with women and men instructed to attend on alternate days, only 21 female students showed up.", "categories": [[]], "category_links": []}, {"link": "https://www.wsj.com/articles/some-vaccines-last-a-lifetime-heres-why-covid-19-shots-dont-11631266201", "title": "Here's Why Covid-19 Shots Don't Last a Lifetime", "date": "2021-09-10 10:43", "summary": "Researchers have calculated a key number-the threshold of protection-for other vaccines. Covid-19's is still a mystery.. Why don't Covid-19 vaccinations last longer?", "categories": [["U.S.", "The Numbers"]], "category_links": ["https://www.wsj.com/news/us?mod=breadcrumb", "https://www.wsj.com/news/types/the-numbers?mod=breadcrumb"]}, {"link": "https://www.wsj.com/articles/five-best-books-on-dogs-rick-bragg-morris-london-gipson-koontz-white-11631281812", "title": "Five Best: Books on Dogs", "date": "2021-09-10 10:39", "summary": "Selected by Rick Bragg, the author, most recently, of 'The Speckled Beauty: A Dog and His People.'. By Willie Morris (1995)", "categories": [["Books & Arts", "Books", "Bookshelf"]], "category_links": ["https://www.wsj.com/news/books-arts?mod=breadcrumb", "https://www.wsj.com/news/books-arts/books?mod=breadcrumb", "https://www.wsj.com/news/types/bookshelf?mod=breadcrumb"]}, {"link": "https://www.wsj.com/articles/two-by-stanisaw-lem-the-man-who-saw-tomorrow-science-fiction-artificial-intelligence-ai-censorship-11631284552", "title": "Two by Stanis\u0142aw Lem: The Man Who Saw Tomorrow", "date": "2021-09-10 10:36", "summary": "Stanis\u0142aw Lem's works of short fiction were laboratories in which various futures were put to the test.. The Polish Parliament has declared 2021 the \"Stanis\u0142aw Lem Year.\" Its slogan, \"I've seen the future,\" might aptly apply to many science-fiction writers. But the visions of Stanis\u0142aw Lem (1921-2006) are still unknown to most American readers.", "categories": [["Books & Arts", "Books", "Bookshelf"]], "category_links": ["https://www.wsj.com/news/books-arts?mod=breadcrumb", "https://www.wsj.com/news/books-arts/books?mod=breadcrumb", "https://www.wsj.com/news/types/bookshelf?mod=breadcrumb"]}, {"link": "https://www.wsj.com/articles/pump-review-the-pulse-of-life-natural-history-heart-11631283563", "title": "'Pump' Review: The Pulse of Life", "date": "2021-09-10 10:20", "summary": "The complex operation of your most important muscle has been fine-tuned by nature.. In April 2014, nine blue whales perished off the shores of Newfoundland after getting trapped in the ice packs of the Cabot Strait. One of these leviathans, measuring 76 feet long, eventually turned up in the frigid waters of the tiny outport of Rocky Harbour. A team from the Royal Ontario Museum arrived to salvage its organs. (Studies of the gross anatomy of the whale are often thwarted by the speedy putrefaction and spontaneous explosion of beached specimens.) They succeeded in extracting the heart, which was underwhelming in appearance. As Bill Schutt observes in his fascinating \"Pump,\" it looked like \"a four-hundred-pound flesh-colored soup dumpling.\" While still massive, it was smaller than expected, closer in size to a golf cart than a Cadillac. Its podgy appearance belied its superb adaptation to the demands of its bathypelagic environment. Unlike the rigid human heart, the heart of the blue whale is an amorphous bag of muscle, able to shrink and still pump blood under the immense pressures of the ocean depths.", "categories": [["Books & Arts", "Books", "Bookshelf"]], "category_links": ["https://www.wsj.com/news/books-arts?mod=breadcrumb", "https://www.wsj.com/news/books-arts/books?mod=breadcrumb", "https://www.wsj.com/news/types/bookshelf?mod=breadcrumb"]}, {"link": "https://www.wsj.com/articles/two-way-mirror-review-the-poet-persevered-elizabeth-barrett-browning-11631283004", "title": "'Two-Way Mirror' Review: The Poet Persevered", "date": "2021-09-10 10:10", "summary": "Elizabeth Barrett Browning fought illness and prejudice in pursuit of her lifelong dream: to be read.. How, and why, do readers love Elizabeth Barrett Browning? A popular poet with an international following, a progressive thinker about women's roles, children's rights and slavery; a formal pioneer who wrote, of all things, a bestselling verse-novel-Barrett Browning has endured a checkered literary afterlife. Cultural commentators, rather than contemplate her achievements, often emphasize, if not exaggerate, her personal experience: her long illness, her tyrannical father and her love affair with fellow poet Robert Browning. In \"Two-Way Mirror,\" her biography of the poet, Fiona Sampson spins an intriguingly complex account of her subject. The volume, the first biography of Barrett Browning (1806-1861) in more than 30 years, draws energy from the drama of her experience even as it reveals her intelligence, perseverance and power.", "categories": [["Books & Arts", "Books", "Bookshelf"]], "category_links": ["https://www.wsj.com/news/books-arts?mod=breadcrumb", "https://www.wsj.com/news/books-arts/books?mod=breadcrumb", "https://www.wsj.com/news/types/bookshelf?mod=breadcrumb"]}, {"link": "https://www.wsj.com/articles/hong-kongs-financial-ties-to-mainland-china-deepen-as-wealth-link-launches-11631282911", "title": "Hong Kong's Financial Ties to China Deepen as Wealth Link Launches", "date": "2021-09-10 10:08", "summary": "Cross-border investment program for individuals is part of Xi Jinping's plans to more closely integrate Greater Bay Area region. Hong Kong and mainland China took a step toward even greater financial integration, with the start of a cross-border investment program for individuals known as \"Wealth Management Connect.\"", "categories": [["Markets"]], "category_links": ["https://www.wsj.com/news/markets?mod=breadcrumb"]}, {"link": "https://www.wsj.com/articles/workers-want-to-do-their-jobs-from-anywhere-and-keep-their-big-city-salaries-11631282375", "title": "People Want to Work From Anywhere and Keep Their Big-City Salaries", "date": "2021-09-10 10:00", "summary": "Most Popular News. David Pedersen decided this summer that he wanted to move to Denver from Seattle, continuing to perform his tech-company job remotely from his new city. His primary concern: Would the shift require a pay cut?", "categories": [[]], "category_links": []}, {"link": "https://www.wsj.com/articles/german-immigrant-managed-marlboro-cash-flow-11631282400", "title": "German Immigrant Managed Marlboro Cash Flow", "date": "2021-09-10 10:00", "summary": "Hans Storr, who has died at age 89, rose to chief financial officer at cigarette maker Philip Morris and lined up financing for major acquisitions. Hans Storr, seeking work after finishing school in his native West Germany in the early 1950s, decided to see whether the U.S. military forces based in his shattered country might have any openings. At a U.S. base in Baumholder, he impressed recruiters with his ability to speak English and French.", "categories": [["World", "Obituaries"]], "category_links": ["https://www.wsj.com/news/world?mod=breadcrumb", "https://www.wsj.com/news/types/obituaries?mod=breadcrumb"]}, {"link": "https://www.wsj.com/articles/rehab-hospital-ceo-blended-research-into-therapy-11631282400", "title": "Rehab Hospital CEO Blended Research Into Therapy", "date": "2021-09-10 10:00", "summary": "Joanne C. Smith, who died at age 60, led an innovative institution in Chicago that attracts patients from around the world. As a medical student in 1987, Joanne C. Smith met a teenage girl with spina bifida whose legs had been amputated. The girl had taught herself to walk on her hands. Then, in an attempt to make her look more normal, doctors gave her wooden legs and belted her into a wheelchair.", "categories": [["World", "Obituaries"]], "category_links": ["https://www.wsj.com/news/world?mod=breadcrumb", "https://www.wsj.com/news/types/obituaries?mod=breadcrumb"]}, {"link": "https://www.wsj.com/articles/centrist-house-democrats-offer-rival-proposal-on-cutting-prescription-drug-prices-11631282401", "title": "Centrist House Democrats Offer Rival Prescription Drug Price Bill", "date": "2021-09-10 10:00", "summary": "Party lawmakers seek to close divisions on $3.5 trillion social welfare and climate package. WASHINGTON-A pair of centrist House Democrats are expected to soon release their own proposal for lowering the cost of prescription-drug prices, as the party tries to close internal divisions over a popular plank of its $3.5 trillion social welfare and climate package.", "categories": [["WSJ News Exclusive", "Politics"]], "category_links": ["https://www.wsj.com/news/politics?mod=breadcrumb"]}, {"link": "https://www.wsj.com/articles/tattleware-from-childish-chatter-to-sinister-supervision-11631280854", "title": "'Tattleware': From Childish Chatter to Sinister Supervision", "date": "2021-09-10 09:34", "summary": "Surreptitious software designed to monitor employees gets its name from medieval Flemish and a tale about a fox. Linguist and lexicographer Ben Zimmer analyzes the origins of words in the news. Read previous columns here.", "categories": [["Life & Work", "Ideas", "Word on the Street"]], "category_links": ["https://www.wsj.com/news/life-work?mod=breadcrumb", "https://www.wsj.com/news/life-work/ideas?mod=breadcrumb", "https://www.wsj.com/news/types/word-on-the-street?mod=breadcrumb"]}, {"link": "https://www.wsj.com/articles/treasury-could-hit-debt-ceiling-deadline-by-mid-october-analysts-say-11631280634", "title": "Treasury Could Hit Debt Ceiling Deadline by Mid-October, Analysts Say", "date": "2021-09-10 09:30", "summary": "Uncertainty looms over when and how Congress will address the debt limit. WASHINGTON-The government will likely run out of cash and could begin to miss payments on its obligations some time between mid-October and mid-November, according to a new projection from the Bipartisan Policy Center, a Washington think tank.", "categories": [["Politics"]], "category_links": ["https://www.wsj.com/news/politics?mod=breadcrumb"]}, {"link": "https://www.wsj.com/articles/how-to-prepare-for-taking-a-career-break-11631271607", "title": "How to Prepare Your Finances Before Quitting Your Job", "date": "2021-09-10 09:23", "summary": "The 'Great Resignation' is on. Here's what to do about your finances before embarking on the slowdown you've been craving.. Nearly two years into working from home, some young professionals have reached a crucial decision point. Rather than scale the career ladder in search of higher salaries, financial advisers say these workers want work-life balance, giving priority to family time and personal life.", "categories": [["Markets", "Personal Finance"]], "category_links": ["https://www.wsj.com/news/markets?mod=breadcrumb", "https://www.wsj.com/news/types/personal-finance?mod=breadcrumb"]}, {"link": "https://www.wsj.com/articles/whats-happening-in-afghanistan-kabul-airport-11629138516", "title": "What's Happening in Afghanistan?", "date": "2021-09-10 09:23", "summary": "Taliban consolidate control 20 years after American troops first landed. The Taliban declared the restoration of their Islamic Emirate, days before the 20th anniversary of the Sept. 11 attacks that sparked the U.S. invasion in Afghanistan. The new government places core hard-line leaders in top positions and excludes women and members of the Shiite minority, belying its earlier assurances that it would be representative of all Afghans.", "categories": [["World"]], "category_links": ["https://www.wsj.com/news/world?mod=breadcrumb"]}, {"link": "https://www.wsj.com/articles/infrastructure-bill-could-jump-start-electric-school-bus-business-11631278800", "title": "Infrastructure Bill Could Jump-Start Electric School Bus Business", "date": "2021-09-10 09:00", "summary": "The $1 trillion bill looks to be a boon for school districts that want clean-energy vehicles-and bus companies that supply them. The $1 trillion infrastructure bill working through Congress stands to be a boon for school districts looking to buy clean-energy vehicles-and the bus companies that supply them.", "categories": [["Politics"]], "category_links": ["https://www.wsj.com/news/politics?mod=breadcrumb"]}, {"link": "https://www.wsj.com/articles/wells-fargo-zscaler-dave-busters-what-to-watch-when-the-stock-market-opens-today-11631271819", "title": "Wells Fargo, Zscaler, Dave & Buster's: What to Watch When the Stock Market Opens Today", "date": "2021-09-10 08:58", "summary": "Futures suggest Wall Street indexes could break a losing streak. U.S. stock futures rose, suggesting major indexes may open with muted gains at the end of a choppy week on Wall Street. Here's what we're watching ahead of Friday's open.", "categories": [["Markets", "U.S. Markets"]], "category_links": ["https://www.wsj.com/news/markets?mod=breadcrumb", "https://www.wsj.com/news/types/today-s-markets?mod=breadcrumb"]}, {"link": "https://www.wsj.com/articles/hurricane-idas-destruction-adds-to-car-markets-woes-11631266201", "title": "Hurricane Ida's Destruction Adds to Car Market's Woes", "date": "2021-09-10 08:09", "summary": "The storm damaged vehicles across several states, sending shoppers to dealers already struggling because of the chip shortage. The flooding damage wrought by Hurricane Ida last week is expected to send car owners back to dealerships to replace vehicles. The timing couldn't be worse.", "categories": [["Business", "Autos & Transportation", "Autos Industry"]], "category_links": ["https://www.wsj.com/news/business?mod=breadcrumb", "https://www.wsj.com/news/business/transportation?mod=breadcrumb", "https://www.wsj.com/news/types/autos?mod=breadcrumb"]}, {"link": "https://www.wsj.com/articles/these-cult-vinegars-make-everything-taste-betterinstantly-11631275202", "title": "These Cult Vinegars Make Everything Taste Better-Instantly", "date": "2021-09-10 08:00", "summary": "A new wave of slow-brewed craft vinegars from makers like Tart and Acid League deliver complex, concentrated flavor and tremendous verve to cooking and cocktails. A guide to the best bottles to buy and how to use them.. SCOTT FRIEDMANN had no intention of starting a vinegar company. The plastic vats filled with liquid in various stages of fermentation that were stinking up his basement were intended as a hobby project for Mr. Friedmann and his then-15-year-old son. They started with red and white wines but soon moved on to aged hard cider, oranges, Campari and fresh flowers grown on the family's farm outside Toronto.", "categories": [["Life & Work", "Food & Drink"]], "category_links": ["https://www.wsj.com/news/life-work?mod=breadcrumb", "https://www.wsj.com/news/life-work/food-cooking-drink?mod=breadcrumb"]}, {"link": "https://www.wsj.com/articles/journalism-schools-leave-graduates-with-hefty-student-loans-11631275201", "title": "Journalism Schools Leave Graduates With Hefty Student Loans", "date": "2021-09-10 08:00", "summary": "Resume Subscription. News reporting has lost thousands of jobs over the past decade, with a further slide predicted. Yet, journalism schools continue to churn out heavily indebted master's degree graduates hoping to find a footing in the cratering industry.", "categories": [[]], "category_links": []}, {"link": "https://www.wsj.com/articles/growing-use-of-cryptocurrency-in-afghanistan-poses-security-concerns-11631275200", "title": "Growing Use of Cryptocurrency in Afghanistan Poses Security Concerns", "date": "2021-09-10 08:00", "summary": "If the Taliban were to adopt cryptocurrency as part of a national economic policy, it could aid efforts to circumvent sanctions. The Taliban takeover of Afghanistan has fueled a surge in the use of cryptocurrency as Afghans grasp for ways to cope with a deepening financial crisis, market analysts and local traders say, a trend that may offer hope for an ailing economy, but that poses concerns for Western security officials.", "categories": [["World"]], "category_links": ["https://www.wsj.com/news/world?mod=breadcrumb"]}, {"link": "https://www.wsj.com/articles/switzerland-gives-green-light-to-crypto-trading-exchange-11631273969", "title": "Switzerland Gives Green Light to Crypto Trading Exchange", "date": "2021-09-10 07:39", "summary": "Stock exchange SIX's digital arm SDX will let investors, via regulated institutions, trade, settle and store digital tokens. Switzerland cleared the way Friday for more trading of bitcoin and other digital assets in the country by authorizing a new digital stock exchange.", "categories": [["Markets"]], "category_links": ["https://www.wsj.com/news/markets?mod=breadcrumb"]}, {"link": "https://www.wsj.com/articles/deshaun-watson-texans-trade-rumors-will-he-play-11631226596", "title": "Why Deshaun Watson Isn't Playing or Hasn't Been Traded", "date": "2021-09-10 07:00", "summary": "The star quarterback faces allegations of wrongdoing and also wants a trade-putting the team at an impasse and placing him on the sidelines. When the Houston Texans season begins on Sunday, the team's most important player, quarterback Deshaun Watson, will be absent from the field. The reason involves two unrelated and unresolved events between the end of last season and the beginning of this one, which have combined to place Watson and his team in a stalemate.", "categories": [["Sports", "NFL"]], "category_links": ["https://www.wsj.com/news/sports?mod=breadcrumb", "https://www.wsj.com/news/types/nfl?mod=breadcrumb"]}, {"link": "https://www.wsj.com/articles/no-level-up-for-chinese-game-companies-yet-11631267244", "title": "No Level-Up for Chinese Game Companies Yet", "date": "2021-09-10 05:50", "summary": "Report of a full stop on game approvals-later corrected-punished Chinese game shares. It still looks early to buy the dip, however.. The latest regulatory news punishing Chinese game shares looks like a bit of a tempest in a teacup. Investors would be wise to keep the hatches firmly battened down anyway.", "categories": [["Markets", "Heard on the Street"]], "category_links": ["https://www.wsj.com/news/markets?mod=breadcrumb", "https://www.wsj.com/news/heard-on-the-street?mod=breadcrumb"]}, {"link": "https://www.wsj.com/articles/the-wrong-way-to-target-corporate-excess-11631266217", "title": "The Wrong Way to Target Corporate Excess", "date": "2021-09-10 05:30", "summary": "Stock buybacks and lavish executive pay make easy targets for raising more tax revenue, but some proposals to curb them would create more problems than they solve. When in doubt, go after corporate fat cats.", "categories": [["Markets", "Heard on the Street"]], "category_links": ["https://www.wsj.com/news/markets?mod=breadcrumb", "https://www.wsj.com/news/heard-on-the-street?mod=breadcrumb"]}, {"link": "https://www.wsj.com/articles/covid-variant-mu-lambda-delta-11631216788", "title": "Virus Variants Mu and Lambda Unlikely to Supplant Delta", "date": "2021-09-10 05:30", "summary": "Delta's highly infectious nature positions it to outcompete new variants, scientists say. The Delta variant of the Covid-19 virus appears well positioned to maintain its dominance over new variants such as Lambda and Mu, virologists say.", "categories": [["Business", "Health Care", "Health"]], "category_links": ["https://www.wsj.com/news/business?mod=breadcrumb", "https://www.wsj.com/news/business/health-industry?mod=breadcrumb", "https://www.wsj.com/news/types/health?mod=breadcrumb"]}, {"link": "https://www.wsj.com/articles/crypto-fans-borrow-to-buy-homes-carsand-more-crypto-11631266200", "title": "Bitcoin Fans Borrow to Buy Homes, Cars-and More Crypto", "date": "2021-09-10 05:30", "summary": "Resume Subscription. Michael Anderson mined bitcoin in his dorm room and left a corporate job to invest in cryptocurrency projects. When he bought his first home in San Francisco this year, he didn't turn to a bank. Instead, he borrowed against his cryptocurrency.", "categories": [[]], "category_links": []}, {"link": "https://www.wsj.com/articles/u-s-treasury-to-finish-sanctions-policy-review-this-fall-11631266202", "title": "U.S. Treasury to Finish Sanctions Policy Review This Fall", "date": "2021-09-10 05:30", "summary": "Human rights and humanitarian groups are increasingly concerned about the pace of the review. The Biden administration expects to complete its ongoing sanctions policy review this fall, a U.S. Treasury Department spokeswoman said, as some human rights and humanitarian groups express concern about how long the review is taking and the level of engagement with nongovernmental organizations.", "categories": [["Risk & Compliance Journal"]], "category_links": ["https://www.wsj.com/news/types/risk-compliance-journal?mod=breadcrumb"]}, {"link": "https://www.wsj.com/articles/fed-officials-prepare-for-november-reduction-in-bond-buying-11631266200", "title": "Fed Prepares for November Reduction in Bond Buying", "date": "2021-09-10 05:30", "summary": "Phasing out the Fed's pandemic-era stimulus by the middle of 2022 could clear the path for an interest-rate increase. Federal Reserve officials will seek to forge agreement at their coming meeting to begin scaling back their easy money policies in November.", "categories": [["Economy", "U.S. Economy"]], "category_links": ["https://www.wsj.com/news/economy?mod=breadcrumb", "https://www.wsj.com/news/types/u-s-economy?mod=breadcrumb"]}, {"link": "https://www.wsj.com/articles/cost-inflation-is-blowing-through-the-wind-turbine-industry-11631264838", "title": "Cost Inflation Blows Through the Wind Turbine Industry", "date": "2021-09-10 05:07", "summary": "Covid delays and expensive shipping will likely hurt more than higher prices for steel and other raw materials. Wind turbine makers have lost some of the wind in their sails this year. Investors can blame Covid delays, rising commodity prices, and a likely lull in orders after a frantic 2020.", "categories": [["Markets", "Heard on the Street"]], "category_links": ["https://www.wsj.com/news/markets?mod=breadcrumb", "https://www.wsj.com/news/heard-on-the-street?mod=breadcrumb"]}, {"link": "https://www.wsj.com/articles/9-11-coverage-from-the-journal-editorial-page-11631225595", "title": "9/11 Coverage From the Journal Editorial Page", "date": "2021-09-10 04:55", "summary": "Firsthand accounts and commentary on the attacks from the Sept. 12, 2001 edition of the paper.. By Daniel Henninger", "categories": [["Opinion", "Commentary"]], "category_links": ["https://www.wsj.com/news/opinion?mod=breadcrumb", "https://www.wsj.com/news/types/commentary-u-s?mod=breadcrumb"]}, {"link": "https://www.wsj.com/articles/italy-tries-to-fix-a-chronic-problem-slow-courts-11631262019", "title": "Italy Tries to Fix a Chronic Problem: Slow Courts", "date": "2021-09-10 04:20", "summary": "Draghi's government is pushing through overhauls to speed up slow judicial proceedings that have weighed on Italy's economy for years. ROME-In 2009, Italian prosecutors began investigating Bank of America Merrill Lynch and one of its employees after a regional authority suffered losses on a derivative contract it had signed with the bank.", "categories": [["World", "Europe"]], "category_links": ["https://www.wsj.com/news/world?mod=breadcrumb", "https://www.wsj.com/news/types/europe-news?mod=breadcrumb"]}, {"link": "https://www.wsj.com/articles/biden-chinas-xi-jinping-hold-first-call-in-months-11631242567", "title": "Biden, China's Xi Jinping Hold First Call in Months", "date": "2021-09-10 01:05", "summary": "The American president initiated the call as recent high-level U.S.-China meetings have been unproductive, U.S. officials say. WASHINGTON-President Biden and Chinese President Xi Jinping spoke by phone Thursday night in an effort to ease hostilities between the two powers and reset lines of communication after recent high-level meetings were described by U.S. officials as unproductive.", "categories": [["Politics"]], "category_links": ["https://www.wsj.com/news/politics?mod=breadcrumb"]}, {"link": "https://www.wsj.com/articles/tencent-backed-tech-giant-sea-taps-investors-for-about-6-billion-11631170423", "title": "Tencent-Backed Tech Giant Sea Taps Investors for $6 Billion", "date": "2021-09-10 00:52", "summary": "Sea says some of the proceeds would help expand its business, while funds could also be deployed on investments and acquisitions. Southeast Asia's most valuable listed company, Sea Ltd. , is raising at least $6 billion in new funds, capitalizing on investor enthusiasm for the region's fast-growing technology industry.", "categories": [["Markets"]], "category_links": ["https://www.wsj.com/news/markets?mod=breadcrumb"]}, {"link": "https://www.wsj.com/articles/grubhub-doordash-uber-eats-sue-new-york-city-over-fee-caps-11631237227", "title": "Grubhub, DoorDash, Uber Eats Sue New York City Over Fee Caps", "date": "2021-09-10 00:13", "summary": "Food-delivery companies say cap sets a dangerous precedent. DoorDash Inc., Grubhub Inc. and Uber Technologies Inc.'s Eats division are suing New York City over its law permanently capping the amount of commissions the apps can charge restaurants to use their services, the latest move in a growing clash between the platforms and local regulators.", "categories": [["Business"]], "category_links": ["https://www.wsj.com/news/business?mod=breadcrumb"]}, {"link": "https://www.wsj.com/articles/pepper-and-salt-11631228301", "title": "Pepper...and Salt", "date": "2021-09-10 00:01", "summary": "Resume Subscription. We are delighted that you'd like to resume your subscription.", "categories": [["Opinion", "Pepper & Salt"]], "category_links": ["https://www.wsj.com/news/opinion?mod=breadcrumb", "https://www.wsj.com/news/types/pepper-salt?mod=breadcrumb"]}, {"link": "https://www.wsj.com/articles/rudy-giuliani-associate-igor-fruman-pleads-guilty-in-campaign-donation-scheme-11631288838", "title": "Giuliani Associate Pleads Guilty in Campaign-Donation Scheme", "date": "2021-09-10 00:01", "summary": "Businessman was key figure in first impeachment of former President Donald Trump. A former associate of Rudy Giuliani pleaded guilty to solicitation of a political contribution by a foreign national on Friday, nearly two years after he and his business partners emerged as key figures in the impeachment inquiry into former President Donald Trump.", "categories": [["Politics"]], "category_links": ["https://www.wsj.com/news/politics?mod=breadcrumb"]}, {"link": "https://www.wsj.com/articles/photos-that-defined-9-11-and-the-people-in-them20-years-later-11631246461", "title": "Photos That Defined 9/11, and the People in Them-20 Years Later", "date": "2021-09-10 00:01", "summary": "Resume Subscription. Thousands of photographs captured the shock, horror, heroism and humanity brought on by Sept. 11. Now, 20 years after the terrorist attacks, survivors and witnesses who appeared in some of the most compelling images told The Wall Street Journal their stories and what has happened to them in the years since.", "categories": [[]], "category_links": []}, {"link": "https://www.wsj.com/articles/how-9-11-hastened-downtown-new-yorks-economic-transformation-11631246462", "title": "How 9/11 Hastened Downtown New York's Transformation", "date": "2021-09-10 00:01", "summary": "Resume Subscription. When the Twin Towers collapsed on Sept. 11, 2001, the tremors shook a bar four blocks away. The proprietor of Jim Brady's Bar and Restaurant says it felt like an earthquake. More than 20 of his regulars died that day in the World Trade Center, and the pub was closed for weeks.", "categories": [[]], "category_links": []}, {"link": "https://www.wsj.com/articles/epa-moves-for-permanent-block-on-pebble-mine-project-in-alaska-11631207144", "title": "EPA Moves for Permanent Block on Pebble Mine Project in Alaska", "date": "2021-09-10 21:36", "summary": "Biden administration proposed Clean Water Act protections across Bristol Bay. WASHINGTON-The Biden administration is proposing sweeping environmental protections for Bristol Bay in southwest Alaska, a plan that could permanently block the development of the controversial Pebble Mine copper-and-gold project.", "categories": [["Politics"]], "category_links": ["https://www.wsj.com/news/politics?mod=breadcrumb"]}, {"link": "https://www.wsj.com/articles/theranos-trial-paused-over-possible-juror-covid-19-exposure-11631236799", "title": "Theranos Trial Paused Over Possible Covid-19 Exposure", "date": "2021-09-10 21:20", "summary": "Judge cancels Friday court proceedings amid concerns. Just days into Theranos Inc. founder Elizabeth Holmes's criminal-fraud trial, issues have come up with three jurors in the case, raising concern from the federal judge overseeing what's expected to be a more than three-month-long trial.", "categories": [["Business", "Law"]], "category_links": ["https://www.wsj.com/news/business?mod=breadcrumb", "https://www.wsj.com/news/business/law-legal?mod=breadcrumb"]}, {"link": "https://www.wsj.com/articles/tsa-doubles-fines-for-travelers-who-wont-wear-masks-11631233177", "title": "TSA Doubles Fines for Travelers Who Won't Wear Masks", "date": "2021-09-10 20:19", "summary": "Move is part of the Biden administration's new plan to combat Covid-19. President Biden is strengthening penalties for mask scofflaws on planes, buses and trains as part of his administration's new plan to combat Covid-19.", "categories": [["Politics"]], "category_links": ["https://www.wsj.com/news/politics?mod=breadcrumb"]}, {"link": "https://www.wsj.com/articles/two-regional-fed-chiefs-to-sell-stocks-to-avoid-any-appearance-of-conflict-of-interest-11631226416", "title": "Two Fed Chiefs to Sell Stocks to Avoid Appearance of Conflict of Interest", "date": "2021-09-10 20:09", "summary": "Robert Kaplan and Eric Rosengren defended their investment decisions as consistent with their respective bank's code of conduct policies. The leaders of the Boston and Dallas Federal Reserve Banks said they would sell off individual stocks they own, invest the proceeds in diversified indexed funds or cash savings and cease trading in individual securities.", "categories": [["Economy", "Central Banks"]], "category_links": ["https://www.wsj.com/news/economy?mod=breadcrumb", "https://www.wsj.com/news/types/central-banks?mod=breadcrumb"]}]