[{"link": "https://www.wsj.com/articles/derek-chauvin-seeks-new-trial-in-george-floyd-murder-case-11620167558", "title": "Derek Chauvin Seeks New Trial in George Floyd Case", "date": "2021-05-04 19:53", "summary": "An attorney for the former Minneapolis police officer convicted of murder said a change of venue should have been granted and alleged prosecutorial and jury misconduct. MINNEAPOLIS-Derek Chauvin's lawyer filed a motion seeking a new trial, alleging prosecutorial and jury misconduct, and saying a change of venue should have been granted.", "categories": [["U.S."]], "category_links": ["https://www.wsj.com/news/us?mod=breadcrumb"]}, {"link": "https://www.wsj.com/articles/prosecutors-seek-outside-review-of-materials-seized-from-rudy-giuliani-11620171370", "title": "Prosecutors Seek Outside Review of Materials Seized From Rudy Giuliani", "date": "2021-05-04 19:36", "summary": "Attorney-client privilege concerns cited in letter to Manhattan federal judge. Manhattan federal prosecutors have asked a judge to appoint an outside authority known as a \"special master\" to oversee a review of materials seized by FBI agents last week from Rudy Giuliani in their investigation into his work in Ukraine.", "categories": [["U.S."]], "category_links": ["https://www.wsj.com/news/us?mod=breadcrumb"]}, {"link": "https://www.wsj.com/articles/bill-and-melinda-gates-to-remain-co-chairs-trustees-of-their-foundation-11620171289", "title": "Bill and Melinda Gates to Remain Foundation Co-Chairs", "date": "2021-05-04 19:34", "summary": "The philanthropists plan to continue working together to steer charitable organization. Bill and Melinda Gates have transformed the world's fight against poverty, inequity and disease over more than two decades as philanthropists, using their enormous wealth and influence to shape policies and drive innovation in global health, agricultural development, gender equality and American education.", "categories": [["Business", "Health Care", "Health"]], "category_links": ["https://www.wsj.com/news/business?mod=breadcrumb", "https://www.wsj.com/news/business/health-industry?mod=breadcrumb", "https://www.wsj.com/news/types/health?mod=breadcrumb"]}, {"link": "https://www.wsj.com/articles/yellen-says-interest-rates-may-have-to-rise-to-keep-economy-from-overheating-11620151101", "title": "Yellen Says She Isn't Predicting Higher Interest Rates", "date": "2021-05-04 19:14", "summary": "Treasury Secretary walks backs comments she made earlier suggesting that rates might rise. WASHINGTON-Treasury Secretary Janet Yellen said Tuesday she is neither predicting nor recommending that the Federal Reserve raise interest rates as a result of President Biden's spending plans, walking back her comments earlier in the day that rates might need to rise to keep the economy from overheating.", "categories": [["Economy", "U.S. Economy"]], "category_links": ["https://www.wsj.com/news/economy?mod=breadcrumb", "https://www.wsj.com/news/types/u-s-economy?mod=breadcrumb"]}, {"link": "https://www.wsj.com/articles/joe-bidens-hits-and-misses-after-100-days-11620168672", "title": "Joe Biden's Hits and Misses After 100 Days", "date": "2021-05-04 18:51", "summary": "Students discuss the president's most noteworthy actions in office.. Editor's note: This week's Future View is about President Biden's first 100 days in office. Next week we'll ask, \"Does 'equity' demand the elimination of gifted-and-talented programs in schools?\" The argument has been made most recently within New York City's Department of Education. Students can click here to submit opinions of fewer than 250 words before May 11. The best responses will be published that night.", "categories": [["Opinion", "Future View"]], "category_links": ["https://www.wsj.com/news/opinion?mod=breadcrumb", "https://www.wsj.com/news/types/future-view?mod=breadcrumb"]}, {"link": "https://www.wsj.com/articles/ripple-names-new-cfo-as-cryptocurrency-firm-faces-sec-lawsuit-11620168467", "title": "Ripple Names New CFO as Cryptocurrency Firm Faces SEC Lawsuit", "date": "2021-05-04 18:47", "summary": "Kristina Campbell will serve as finance chief of the startup as it deals with a legal challenge from U.S. securities regulators. Ripple Labs Inc. hired a new finance chief as it navigates a legal battle with U.S. securities regulators over claims that the company violated investor protection laws when it sold XRP, a digital asset.", "categories": [["CFO Journal"]], "category_links": ["https://www.wsj.com/news/types/cfo-journal?mod=breadcrumb"]}, {"link": "https://www.wsj.com/articles/montana-to-feds-no-more-no-work-bonus-11620168446", "title": "Montana to Feds: No More No-Work Bonus", "date": "2021-05-04 18:47", "summary": "The Treasure State will refuse extra federal jobless payments.. The economy is roaring back as government lockdowns finally end, and employers are struggling to find workers. Enter Montana with a novel idea: telling the feds that it doesn't want their extra payments for not working.", "categories": [["Opinion", "Review & Outlook"]], "category_links": ["https://www.wsj.com/news/opinion?mod=breadcrumb", "https://www.wsj.com/news/types/review-outlook-u-s?mod=breadcrumb"]}, {"link": "https://www.wsj.com/articles/purging-liz-cheney-11620168273", "title": "Purging Liz Cheney", "date": "2021-05-04 18:44", "summary": "GOP leaders shouldn't have to lie about 2020 to keep their job.. This should be a hopeful moment for House Republicans. While they're playing defense in the minority for now, their prospects for picking up the five net seats they need to regain the majority in 2022 are excellent. That is, unless they devolve into internal brawling over the 2020 election.", "categories": [["Opinion", "Review & Outlook"]], "category_links": ["https://www.wsj.com/news/opinion?mod=breadcrumb", "https://www.wsj.com/news/types/review-outlook-u-s?mod=breadcrumb"]}, {"link": "https://www.wsj.com/articles/the-fbis-dubious-briefing-11620168038", "title": "The FBI's Dubious Briefing", "date": "2021-05-04 18:40", "summary": "Did the bureau set up two GOP Senators at the behest of Democrats?. Did the FBI set up two Members of Congress for political attack under the guise of a \"defensive briefing\"? It's possible, and Senators Ron Johnson and Chuck Grassley are rightly demanding answers.", "categories": [["Opinion", "Review & Outlook"]], "category_links": ["https://www.wsj.com/news/opinion?mod=breadcrumb", "https://www.wsj.com/news/types/review-outlook-u-s?mod=breadcrumb"]}, {"link": "https://www.wsj.com/articles/biden-administration-to-reallocate-unordered-vaccine-doses-to-states-in-need-11620145860", "title": "Biden Aims to Get 70% of Adults at Least One Covid-19 Vaccine Dose by July 4", "date": "2021-05-04 18:37", "summary": "Unordered shots to be reallocated to states in need as pharmacies directed to offer walk-in vaccinations. WASHINGTON-The Biden administration said it would begin reallocating some Covid-19 vaccine doses to states with higher demand for shots and direct pharmacies to offer walk-in vaccinations, as the president aims to get 70% of the adult population at least one dose by July 4.", "categories": [["U.S."]], "category_links": ["https://www.wsj.com/news/us?mod=breadcrumb"]}, {"link": "https://www.wsj.com/articles/austin-loses-patience-with-camping-in-the-streets-11620167778", "title": "Austin Loses Patience With Camping in the Streets", "date": "2021-05-04 18:36", "summary": "Liberal voters rebuke leftist politicians for a policy that brought homeless encampments to the city's public spaces.. Austin, Texas", "categories": [["Opinion", "Commentary", "Cross Country"]], "category_links": ["https://www.wsj.com/news/opinion?mod=breadcrumb", "https://www.wsj.com/news/types/commentary-u-s?mod=breadcrumb", "https://www.wsj.com/news/types/cross-country?mod=breadcrumb"]}, {"link": "https://www.wsj.com/articles/moneygrams-compliance-program-gets-thumbs-up-after-eight-years-of-overhauls-11620163693", "title": "MoneyGram's Compliance Program Gets Thumbs-Up After Overhauls", "date": "2021-05-04 18:35", "summary": "Move brings company one step closer to concluding settlement agreement reached in 2012 over anti-money-laundering failures. An independent monitor has signed off on MoneyGram International Inc.'s anti-money-laundering safeguards, the first step toward concluding a long-running settlement agreement with the Justice Department.", "categories": [["Risk & Compliance Journal"]], "category_links": ["https://www.wsj.com/news/types/risk-compliance-journal?mod=breadcrumb"]}, {"link": "https://www.wsj.com/articles/biden-wants-higher-taxes-than-chinas-11620167575", "title": "Biden Wants Higher Taxes Than China's", "date": "2021-05-04 18:32", "summary": "How can a communist country treat capital gains more favorably than the U.S. does?. The concept driving President Biden's tax proposals for individuals is that the long-term capital gains and dividends of wealthy investors should be taxed as ordinary income. If the concept becomes law, the U.S. will have hamstrung itself economically by impairing a key engine of growth-the individual risk-taking needed to start companies and create jobs.", "categories": [["Opinion", "Commentary"]], "category_links": ["https://www.wsj.com/news/opinion?mod=breadcrumb", "https://www.wsj.com/news/types/commentary-u-s?mod=breadcrumb"]}, {"link": "https://www.wsj.com/articles/teachers-unions-covid-cop-outs-are-a-winning-issue-for-gop-11620167479", "title": "Teachers Unions' Covid Cop-Outs Are a Winning Issue for GOP", "date": "2021-05-04 18:31", "summary": "Republicans should campaign hard in 2022 on Democratic obeisance to the AFT and NEA.. When is the Republican Party going to declare war on teachers unions?", "categories": [["Opinion", "Upward Mobility"]], "category_links": ["https://www.wsj.com/news/opinion?mod=breadcrumb", "https://www.wsj.com/news/types/upward-mobility?mod=breadcrumb"]}, {"link": "https://www.wsj.com/articles/notable-quotable-yellens-fiscal-flip-flop-11620167468", "title": "Notable & Quotable: Yellen's Fiscal Flip-Flop", "date": "2021-05-04 18:31", "summary": "'The switch from chronic and growing deficits in the federal budget to surpluses has boosted national saving, cut interest rates, and spurred private investment.'. Future Treasury Secretary Janet Yellen writing in a symposium for the September/October 1999 issue of the International Economy:", "categories": [["Opinion", "Commentary", "Notable & Quotable"]], "category_links": ["https://www.wsj.com/news/opinion?mod=breadcrumb", "https://www.wsj.com/news/types/commentary-u-s?mod=breadcrumb", "https://www.wsj.com/news/types/notable-quotable?mod=breadcrumb"]}, {"link": "https://www.wsj.com/articles/pfizers-covid-19-vaccine-lifts-quarterly-results-11620130446", "title": "Vaccine Sales Lift Pfizer's Quarterly Results", "date": "2021-05-04 18:29", "summary": "The company boosted full-year guidance on sales of its Covid-19 vaccine and said it is working to make the two-dose shot easier to administer and store. Pfizer Inc. raised this year's sales forecast for its Covid-19 vaccine to about $26 billion, a 73% increase that reflects the shot's growing role in a long-term global vaccination campaign.", "categories": [["Business", "Earnings"]], "category_links": ["https://www.wsj.com/news/business?mod=breadcrumb", "https://www.wsj.com/news/types/earnings?mod=breadcrumb"]}, {"link": "https://www.wsj.com/articles/general-electric-at-t-investors-reject-ceo-pay-plans-11620147204", "title": "GE, AT&T Investors Reject CEO Pay Plans", "date": "2021-05-04 18:28", "summary": "Majority of shares voted against boards' practices after big paydays, low returns at the two blue chips. Shareholders at General Electric Co. and AT&T Inc. rejected the companies' executive compensation plans in nonbinding votes, the latest blue-chip companies to be rebuked by investors over how they paid leaders during the pandemic.", "categories": [["Business"]], "category_links": ["https://www.wsj.com/news/business?mod=breadcrumb"]}, {"link": "https://www.wsj.com/articles/who-would-pay-bidens-corporate-tax-increase-is-key-question-in-policy-debate-11620130284", "title": "Who Would Pay Biden's Corporate Tax Hike Is Key to Policy Debate", "date": "2021-05-04 18:26", "summary": "Four years after 2017 tax law, lawmakers and economists still disagree over workers' and shareholders' relative burdens. WASHINGTON-President Biden is seeking about $2 trillion in higher taxes on companies over 15 years to pay for his infrastructure plan. But corporations are just entities composed of people, so if corporate taxes go up, who ultimately pays?", "categories": [["Economy"]], "category_links": ["https://www.wsj.com/news/economy?mod=breadcrumb"]}, {"link": "https://www.wsj.com/articles/the-left-vs-the-biden-jobs-boom-11620167161", "title": "The Left vs. the Biden Jobs Boom", "date": "2021-05-04 18:26", "summary": "The economy may be golden for Democrats if they can keep their activists distracted.. A job is the best kind of social policy not only for somebody who's now working and has an income, but for neighbors, community and family. It's a claim Democrats aren't embarrassed to make when one of their own is presiding over the sort of job market we're starting to enjoy, in which employers make attractive offers to people without skills or experience or credentials, or who have a checkered criminal history.", "categories": [["Opinion", "Business World"]], "category_links": ["https://www.wsj.com/news/opinion?mod=breadcrumb", "https://www.wsj.com/news/types/business-world?mod=breadcrumb"]}, {"link": "https://www.wsj.com/articles/the-art-of-the-covid-vaccine-deal-11620167051", "title": "The Art of the Covid Vaccine Deal", "date": "2021-05-04 18:24", "summary": "The inoculation project now moves to persuading the wary to get the shot.. The pace of vaccinations has slowed significantly, and a concerned President Biden announced on Tuesday afternoon that his administration was revising its strategy. More shots will be delivered to states with higher demand; pharmacies will offer walk-in vaccinations; states will get more funding for education and outreach. Mr. Biden's new goal: for 70% of American adults to have received at least one shot by July 4, and for 60% to be fully vaccinated.", "categories": [["Opinion", "Politics & Ideas"]], "category_links": ["https://www.wsj.com/news/opinion?mod=breadcrumb", "https://www.wsj.com/news/types/politics-ideas?mod=breadcrumb"]}, {"link": "https://www.wsj.com/articles/lincoln-in-private-review-condential-ruminations-11620166951", "title": "'Lincoln in Private' Review: Con\ufb01dential Ruminations", "date": "2021-05-04 18:22", "summary": "In his private writings, Lincoln tested his arguments, and perfected their phrasing, before making them public.. Abraham Lincoln stands among the foremost lyricists of the American experience. His first inaugural address called on a divided citizenry's \"better angels\" to uphold the sacred inviolability of the Union. His Gettysburg Address envisioned a nation baptized by the blood of battle into \"a new birth of freedom.\" And his second inaugural meditated on a just God chastening a republic of liberty that tolerated slavery.", "categories": [["Books & Arts", "Books", "Bookshelf"]], "category_links": ["https://www.wsj.com/news/books-arts?mod=breadcrumb", "https://www.wsj.com/news/books-arts/books?mod=breadcrumb", "https://www.wsj.com/news/types/bookshelf?mod=breadcrumb"]}, {"link": "https://www.wsj.com/articles/jamie-dimon-on-booming-economy-and-finally-getting-off-zoom-11620138720", "title": "Jamie Dimon on Booming Economy and Finally Getting Off Zoom", "date": "2021-05-04 18:01", "summary": "JPMorgan Chase CEO speaks at The Wall Street Journal's CEO Council Summit. JPMorgan Chase & Co. Chief Executive Jamie Dimon believes a boom is coming in the American economy but warned that the government could waste it away if ambitious spending plans aren't held accountable.", "categories": [["Markets"]], "category_links": ["https://www.wsj.com/news/markets?mod=breadcrumb"]}, {"link": "https://www.wsj.com/articles/israels-netanyahu-expected-to-fall-short-in-race-to-form-new-government-11620132792", "title": "Israel's Netanyahu Fails to Form New Government", "date": "2021-05-04 17:40", "summary": "The country's longest-serving leader is now in danger of his losing his premiership after 15 years in control. TEL AVIV-Israeli Prime Minister Benjamin Netanyahu missed a deadline to form a new government, a development that would lead to the end of his 15-year rule if his opponents can patch together their own alternative coalition.", "categories": [["World"]], "category_links": ["https://www.wsj.com/news/world?mod=breadcrumb"]}, {"link": "https://www.wsj.com/articles/queen-of-meth-review-lori-arnolds-reign-of-error-11620163738", "title": "'Queen of Meth' Review: Lori Arnold's Reign of Error", "date": "2021-05-04 17:28", "summary": "A Discovery+ miniseries tells the story of actor Tom Arnold's sister, who profited handsomely from introducing methamphetamines to Iowa.. Lori Arnold drives a forklift now, but she used to be a \"queenpin.\" The \"Scarface in a Skirt\" of screaming tabloids headlines. The woman who, on a grand scale, introduced methamphetamines to Iowa. She is, to a great extent, a fascinating story.", "categories": [["Books & Arts", "Television Review"]], "category_links": ["https://www.wsj.com/news/books-arts?mod=breadcrumb", "https://www.wsj.com/news/types/television-review?mod=breadcrumb"]}, {"link": "https://www.wsj.com/articles/liz-cheney-draws-more-gop-fire-over-anti-trump-stance-11620161615", "title": "Liz Cheney Draws More GOP Fire Over Anti-Trump Stance", "date": "2021-05-04 17:26", "summary": "House Republican leader Kevin McCarthy questions whether the Wyoming lawmaker can carry out her job in leadership. WASHINGTON-House Minority Leader Kevin McCarthy (R., Calif.) said he had concerns about Rep. Liz Cheney's ability to serve as one of the party's top leaders, signaling ebbing support for the prominent critic of former President Donald Trump to remain in her post.", "categories": [["Politics"]], "category_links": ["https://www.wsj.com/news/politics?mod=breadcrumb"]}, {"link": "https://www.wsj.com/articles/girls5eva-review-getting-the-band-back-2gether-11620163500", "title": "'Girls5eva' Review: Getting the Band Back 2gether", "date": "2021-05-04 17:25", "summary": "In a Peacock comedy produced by Tina Fey, Sara Bareilles and more play the now-middle-aged members of a '90s girl group that reunites.. The people I live with were startled the other day by a sound they'd never heard, and which showed no signs of stopping. \"What's happening?!\" they cried in alarm. It was me, under headphones, watching \"Girls5eva\" and roaring with laughter. \"I'm sorry,\" I said. I was lying.", "categories": [["Books & Arts", "Television Review"]], "category_links": ["https://www.wsj.com/news/books-arts?mod=breadcrumb", "https://www.wsj.com/news/types/television-review?mod=breadcrumb"]}, {"link": "https://www.wsj.com/articles/elizabeth-holmes-makes-first-courtroom-appearance-in-over-a-year-11620150578", "title": "Elizabeth Holmes Makes First Court Appearance in Over a Year", "date": "2021-05-04 17:21", "summary": "Theranos founder's criminal fraud trial has been delayed by pandemic, her pregnancy. Theranos Inc. founder Elizabeth Holmes appeared in a federal courtroom in San Jose, Calif., Tuesday for the first time in more than a year, attending arguments between her lawyers and prosecutors over what evidence jurors can hear at her approaching criminal fraud trial.", "categories": [["U.S."]], "category_links": ["https://www.wsj.com/news/us?mod=breadcrumb"]}, {"link": "https://www.wsj.com/articles/even-the-ceo-of-zoom-says-he-has-zoom-fatigue-11620151459", "title": "Even the CEO of Zoom Says He Has Zoom Fatigue", "date": "2021-05-04 17:17", "summary": "JPMorgan's Jamie Dimon, other executives say the perils of remote work make a return to the office an imperative. Some of America's top executives, including the CEOs of JPMorgan Chase & Co. and Zoom Video Communications Inc., say they are souring on some aspects of remote work.", "categories": [["Business"]], "category_links": ["https://www.wsj.com/news/business?mod=breadcrumb"]}, {"link": "https://www.wsj.com/articles/wsj-ceo-council-features-interviews-with-janet-yellen-jamie-dimon-11620062237", "title": "WSJ CEO Council Features Interviews With Yellen, Dimon", "date": "2021-05-04 17:14", "summary": "Heads of Zoom, Shell, BioNTech and Merck are also among participants at virtual summit. The Wall Street Journal hosted its CEO Council Summit Tuesday with top executives, administration officials and policy experts, as the Covid-19 vaccine rollout continues world-wide but some countries, notably India, face a surge in cases.", "categories": [["Politics"]], "category_links": ["https://www.wsj.com/news/politics?mod=breadcrumb"]}, {"link": "https://www.wsj.com/articles/regional-theater-gets-a-national-audience-11620162544", "title": "Regional Theater Gets a National Audience", "date": "2021-05-04 17:09", "summary": "The creation of the National Theatre Network, a streaming platform for small troupes, will be a boon for companies and viewers alike.. ", "categories": [["Books & Arts", "Arts & Entertainment"]], "category_links": ["https://www.wsj.com/news/books-arts?mod=breadcrumb", "https://www.wsj.com/news/types/sightings?mod=breadcrumb"]}, {"link": "https://www.wsj.com/articles/readers-share-the-one-thing-that-got-them-through-the-pandemic-year-11620162401", "title": "Readers Share the One Thing That Got Them Through the Pandemic Year", "date": "2021-05-04 17:06", "summary": "Wall Street Journal readers write about where they found solace during the past year. A recent Wall Street Journal article by Anne Marie Chaker detailed how different people across the U.S. have found comfort during the coronavirus pandemic. Many people have used the past year to realize longtime goals while others have taken on new activities.", "categories": [["Life & Work", "Life & Style"]], "category_links": ["https://www.wsj.com/news/life-work?mod=breadcrumb", "https://www.wsj.com/news/types/life-style?mod=breadcrumb"]}, {"link": "https://www.wsj.com/articles/global-stock-markets-dow-update-05-04-2021-11620113927", "title": "Tech, Other Growth Stocks Retreat", "date": "2021-05-04 16:50", "summary": "Major indexes have been hovering close to record levels. Technology and other growth stocks stumbled Tuesday, coming under pressure after a run that has pushed major indexes to repeated records.", "categories": [["Markets", "U.S. Markets"]], "category_links": ["https://www.wsj.com/news/markets?mod=breadcrumb", "https://www.wsj.com/news/types/today-s-markets?mod=breadcrumb"]}, {"link": "https://www.wsj.com/articles/dhs-to-suspend-new-fingerprint-requirement-for-spouses-of-h-1b-visa-holders-11620160769", "title": "DHS to Suspend Fingerprint Demand for Spouses of H-1B Visa Holders", "date": "2021-05-04 16:39", "summary": "Delays due to visa-processing change, compounded by pandemic, left many, mostly professional Indian women, out of work. WASHINGTON-The Department of Homeland Security will suspend a requirement that some spouses of immigrants legally employed in the U.S. submit new fingerprints to renew their visas.", "categories": [["Politics"]], "category_links": ["https://www.wsj.com/news/politics?mod=breadcrumb"]}, {"link": "https://www.wsj.com/articles/sheldon-silver-former-new-york-state-assembly-speaker-is-furloughed-from-prison-11620160714", "title": "Former New York Assembly Speaker Silver Is Furloughed From Prison", "date": "2021-05-04 16:38", "summary": "Democrat had been convicted on public-corruption charges. Former New York state Assembly Speaker Sheldon Silver was furloughed from federal prison Tuesday, after serving less than a year of a 6\u00bd-year sentence behind bars, a person familiar with the matter said.", "categories": [["U.S.", "Politics"]], "category_links": ["https://www.wsj.com/news/us?mod=breadcrumb", "https://www.wsj.com/news/types/ny-politics?mod=breadcrumb"]}, {"link": "https://www.wsj.com/articles/how-impostor-syndrome-affects-millennials-financial-decisions-11620160644", "title": "How Impostor Syndrome Affects Millennials' Financial Decisions", "date": "2021-05-04 16:37", "summary": "The fear of losing everything can cause some people to distrust their own financial decision making. Impostor syndrome is more common than many may realize, writes WSJ personal finance reporter Julia Carpenter. Research shows up to 82% of people report they have felt like an impostor at some point in their lives, according to the Journal of General Internal Medicine. Ms. Carpenter writes that she often agonizes over seemingly simple financial moves and constantly second-guesses her own instincts. Here's why she's not alone.", "categories": [["Money"]], "category_links": ["https://www.wsj.com/news/types/noted-money?mod=breadcrumb"]}, {"link": "https://www.wsj.com/articles/bidens-china-policy-blends-obamas-and-trumps-top-aide-says-11620160559", "title": "Biden's China Policy Blends Obama's and Trump's, Top Aide Says", "date": "2021-05-04 16:36", "summary": "National Security Council's Kurt Campbell says the Biden administration is looking to cooperate and compete with China. President Biden's approach to China borrows from the Obama administration's efforts at cooperation and the Trump administration's tougher line to counter Beijing's assertiveness at home and abroad, a senior White House official said Tuesday.", "categories": [["Politics"]], "category_links": ["https://www.wsj.com/news/politics?mod=breadcrumb"]}, {"link": "https://www.wsj.com/articles/the-man-with-more-spacs-than-anyone-11620120600", "title": "The Man With More SPACs Than Anyone", "date": "2021-05-04 16:34", "summary": "After minting billions in the private equity arena, Alec Gores has become a serial SPAC backer. Alec Gores has built a SPAC machine.", "categories": [["Markets", "Finance"]], "category_links": ["https://www.wsj.com/news/markets?mod=breadcrumb", "https://www.wsj.com/news/types/finance?mod=breadcrumb"]}, {"link": "https://www.wsj.com/articles/biden-says-he-hopes-to-meet-with-putin-during-upcoming-europe-trip-11620156681", "title": "Biden Says He Hopes To Meet With Putin During Europe Trip", "date": "2021-05-04 16:24", "summary": "American president is scheduled to attend the Group of Seven summit in England and hold meetings in Brussels. President Biden said Tuesday he expects to meet with Russian President Vladimir Putin during his trip to Europe in June.", "categories": [["Politics"]], "category_links": ["https://www.wsj.com/news/politics?mod=breadcrumb"]}, {"link": "https://www.wsj.com/articles/supreme-court-considers-leniency-bid-for-crack-cocaine-offense-11620158850", "title": "Supreme Court Considers Leniency Bid for Crack-Cocaine Offense", "date": "2021-05-04 16:21", "summary": "Justices examine relevance of First Step Act to an earlier conviction; Biden administration backs inmate, reversing Trump position. WASHINGTON-The Supreme Court appeared unlikely after Tuesday arguments to extend leniency to a career criminal under the First Step Act, despite the Biden administration's last-minute decision to back the inmate's claim that the 2018 criminal-justice overhaul applies to his crack-cocaine offense.", "categories": [["Politics"]], "category_links": ["https://www.wsj.com/news/politics?mod=breadcrumb"]}, {"link": "https://www.wsj.com/articles/even-off-duty-navy-never-quits-11620159489", "title": "Even Off-Duty, Navy Never Quits", "date": "2021-05-04 16:18", "summary": "Good Samaritans dive into the choppy waters off San Diego to save drowning migrants.. Nearly 479 years after Juan Rodriguez Cabrillo sailed from Mexico and became the first European explorer to reach what is now California, another expedition from Mexico arrived at almost the exact same spot on Sunday. The consequences of this week's landing near San Diego were tragic, but would have been much worse if not for two locals who just happened to witness the end of the ocean voyage.", "categories": [["Opinion", "Best of the Web"]], "category_links": ["https://www.wsj.com/news/opinion?mod=breadcrumb", "https://www.wsj.com/news/types/best-of-the-web-today?mod=breadcrumb"]}, {"link": "https://www.wsj.com/articles/lyft-says-first-quarter-ridership-improved-compared-with-much-of-last-year-11620158963", "title": "Lyft Says First-Quarter Ridership Improved", "date": "2021-05-04 16:09", "summary": "Ride-hailing company reported 13.5 million active riders in latest period. Lyft Inc. said demand for rides improved in the first quarter compared with much of last year, when the pandemic sunk ridership.", "categories": [["Tech"]], "category_links": ["https://www.wsj.com/news/technology?mod=breadcrumb"]}, {"link": "https://www.wsj.com/articles/not-a-word-wednesday-crossword-may-5-11619796718", "title": "Not A Word (Wednesday Crossword, May 5)", "date": "2021-05-04 16:01", "categories": [["WSJ Puzzles", "Crossword"]], "category_links": ["https://www.wsj.com/news/puzzle?mod=breadcrumb", "https://www.wsj.com/news/types/crossword?mod=breadcrumb"]}, {"link": "https://www.wsj.com/articles/frances-national-assembly-passes-climate-bill-backed-by-president-macron-11620157531", "title": "France's National Assembly Passes Climate Bill", "date": "2021-05-04 15:45", "summary": "Environmentalists say it will leave the nation short of meeting goals under the Paris climate accord. PARIS-France's National Assembly on Tuesday approved a bill backed by President Emmanuel Macron to cut greenhouse gas emissions, over objections from opposition lawmakers and environmental groups who said it would leave the country short of meeting targets under the Paris climate accord.", "categories": [["World", "Europe"]], "category_links": ["https://www.wsj.com/news/world?mod=breadcrumb", "https://www.wsj.com/news/types/europe-news?mod=breadcrumb"]}, {"link": "https://www.wsj.com/articles/new-york-city-schools-kiss-snow-days-goodbye-11620156643", "title": "New York City Schools Kiss Snow Days Goodbye", "date": "2021-05-04 15:38", "summary": "Schools will have remote instruction when classrooms close over bad weather. New York City schools officially killed snow days for at least the coming academic year, leaving some families mourning the potential for such unexpected days off to play.", "categories": [["U.S.", "Schools"]], "category_links": ["https://www.wsj.com/news/us?mod=breadcrumb", "https://www.wsj.com/news/types/ny-schools?mod=breadcrumb"]}, {"link": "https://www.wsj.com/articles/cvs-posts-higher-quarterly-profit-11620127736", "title": "CVS Says Covid-19 Vaccinations Slow", "date": "2021-05-04 15:25", "summary": "Drugstore chain says demand for shots has fallen by about 30% after administering more than 17 million doses in the U.S.. CVS Health Corp. said demand for Covid-19 vaccinations has fallen by about 30% recently as Americans' hesitancy to receive the shots outweighs expanding eligibility and access.", "categories": [["Business", "Earnings"]], "category_links": ["https://www.wsj.com/news/business?mod=breadcrumb", "https://www.wsj.com/news/types/earnings?mod=breadcrumb"]}, {"link": "https://www.wsj.com/articles/u-s-lng-club-could-get-more-exclusive-11620155718", "title": "U.S. LNG Club Could Get More Exclusive", "date": "2021-05-04 15:15", "summary": "Healthy demand growth should help U.S. LNG exporters such as Cheniere Energy, but supply additions will make it difficult for new projects to break through. It's a real gas being an incumbent in this business.", "categories": [["Markets", "Heard on the Street"]], "category_links": ["https://www.wsj.com/news/markets?mod=breadcrumb", "https://www.wsj.com/news/heard-on-the-street?mod=breadcrumb"]}, {"link": "https://www.wsj.com/articles/shutterstock-founder-jonathan-oringer-lists-hamptons-home-for-52-million-11620155435", "title": "Shutterstock Founder Lists Hamptons Home for $52 Million", "date": "2021-05-04 15:10", "summary": "Resume Subscription. Jonathan Oringer, the billionaire founder and executive chairman of global photography provider Shutterstock, has listed his modern Hamptons home for $52 million.", "categories": [[]], "category_links": []}, {"link": "https://www.wsj.com/articles/suspect-shot-by-fbi-outside-cia-headquarters-dies-11620151394", "title": "Suspect Shot by FBI Outside CIA Headquarters Dies", "date": "2021-05-04 15:08", "summary": "The FBI said the armed man in Monday's standoff died from his injuries. A man shot by at least one FBI agent after an hourslong standoff outside the Central Intelligence Agency's headquarters has died, the FBI said Tuesday, a day after the incident.", "categories": [["U.S."]], "category_links": ["https://www.wsj.com/news/us?mod=breadcrumb"]}, {"link": "https://www.wsj.com/articles/can-the-pandemic-make-us-stronger-endurance-athletes-tell-us-how-11620154800", "title": "Can the Pandemic Make Us Stronger? Endurance Athletes Tell Us How", "date": "2021-05-04 15:00", "summary": "Adversity can make us braver and more resilient, in sports and in life. We got advice from an Iditarod racer, an open-water swimmer, a long-distance sailor and a runner.. We're, hopefully, heading out of the worst of the pandemic. Will we emerge stronger for having had the experience?", "categories": [["Life & Work", "Bonds"]], "category_links": ["https://www.wsj.com/news/life-work?mod=breadcrumb", "https://www.wsj.com/news/types/bonds?mod=breadcrumb"]}, {"link": "https://www.wsj.com/articles/how-to-grow-a-country-garden-without-a-yard-11620154426", "title": "How to Grow a Country Garden Without a Yard", "date": "2021-05-04 14:53", "summary": "Lack a plot in which to nurture a dreamy profusion of plants and flowers? Dig into container gardening, no land required.. LIKE A BOTANICAL King Midas, Alexander Hoyle turns lifeless pavement into cottage gardens worthy of bucolic Britain. You can barely tell that the fairy-tale patch in front of the garden designer's own London apartment-a profusion that includes foxglove and iris-isn't a patch at all but a group of plantings set atop a mostly flagstone surface (right). The transformative ingredient: containers. Mr. Hoyle fills flower pots with several species, he said, then sets the containers cheek by jowl \"to embody the English country garden...romantic, abundant and very floriferous.\"", "categories": [["Real Estate", "Design"]], "category_links": ["https://www.wsj.com/news/realestate?mod=breadcrumb", "https://www.wsj.com/news/types/design?mod=breadcrumb"]}, {"link": "https://www.wsj.com/articles/merrick-garland-highlights-domestic-terrorism-civil-rights-in-budget-request-11620154156", "title": "Garland Stresses Domestic Terrorism, Civil Rights in Budget Request", "date": "2021-05-04 14:49", "summary": "Attorney general lays out shift in Justice Department's priorities in appearance before House panel. WASHINGTON-The Justice Department needs more money to fight domestic terrorism, bolster enforcement of civil-rights law, combat gun violence and promote other Biden administration priorities, Attorney General Merrick Garland told lawmakers Tuesday in his first congressional appearance since his confirmation.", "categories": [["Politics"]], "category_links": ["https://www.wsj.com/news/politics?mod=breadcrumb"]}, {"link": "https://www.wsj.com/articles/bank-of-america-tech-executives-see-promise-in-5g-3-d-printing-11620153528", "title": "Bank of America Tech Executives See Promise in 5G, 3-D Printing", "date": "2021-05-04 14:38", "summary": "The bank plans to spend $3.5 billion this year on new tech initiatives. Bank of America Corp.'s technology executives are interested in championing new initiatives over the next few years using data analytics, fifth-generation wireless networks and possibly 3-D printing, as demand for the bank's digital services has skyrocketed during the pandemic.", "categories": [["CIO Journal"]], "category_links": ["https://www.wsj.com/news/types/cio-journal?mod=breadcrumb"]}, {"link": "https://www.wsj.com/articles/a-highly-modern-hamptons-home-11620153201", "title": "A Highly Modern Hamptons Home", "date": "2021-05-04 14:33", "summary": "On 2 acres, the property comes with a huge master suite and 1,800 square feet of patios and terraces.. We are delighted that you'd like to resume your subscription.", "categories": [[]], "category_links": []}, {"link": "https://www.wsj.com/articles/inflation-is-more-of-a-threat-than-the-fed-says-11620153091", "title": "Inflation Is More of a Threat Than the Fed Says", "date": "2021-05-04 14:31", "summary": "The velocity of money will increase significantly just as the 27% surge in M2 since the outbreak of the pandemic works its way through the economy.. Regarding Mickey D. Levy and Michael D. Bordo's \"The Fed in the Sand as Inflation Threatens\" (op-ed, April 27): I have been calling on Fed Chairman Jerome Powell to release his plan to curb the effects of inflation for several months. Last month, I finally heard back from him. He told me that he doesn't want inflation that substantially exceeds 2%, or inflation for a prolonged period.", "categories": [["Opinion", "Letters"]], "category_links": ["https://www.wsj.com/news/opinion?mod=breadcrumb", "https://www.wsj.com/news/types/letters?mod=breadcrumb"]}, {"link": "https://www.wsj.com/articles/our-overworked-navy-needs-real-attention-11620152978", "title": "Our Overworked Navy Needs Real Attention", "date": "2021-05-04 14:29", "summary": "Positioning a fleet between Taiwan and China invites an incident with limitless potential for escalation.. Regarding Seth Cropsey's \"America's Naval Strategy Is at Sea\" (op-ed, April 28): We might recall the salty Navy aphorism, attributed without firm basis to Adm. Hyman Rickover: \"There are two types of ships: submarines and targets.\" Given the ubiquity of satellite surveillance, secrecy is an anachronism. The assorted missile arrays poised to take out a carrier task force make an entire fleet into a veritable floating Pearl Harbor. Positioning a fleet between Taiwan and China invites an incident with limitless potential for escalation. Were even one ship to be sunk by China, what then would our retaliatory strike provoke? As Adm. Rickover warned: \"Unfortunately . . . attempts to limit war have always failed. The lesson of history is when a war starts every nation will ultimately use whatever weapon it has available.\" A surface Navy in the context of nuclear-armed belligerents is as antiquated as the canvas sail.", "categories": [["Opinion", "Letters"]], "category_links": ["https://www.wsj.com/news/opinion?mod=breadcrumb", "https://www.wsj.com/news/types/letters?mod=breadcrumb"]}, {"link": "https://www.wsj.com/articles/kennedy-was-first-mover-in-cuban-missile-crisis-11620152896", "title": "Kennedy Was First Mover In Cuban Missile Crisis", "date": "2021-05-04 14:28", "summary": "The placing of the Russian missiles in Cuba was a direct response to President Kennedy's placement of missiles in Turkey.. James Rosen's review of Serhii Plokhy's \"Nuclear Folly\" (Bookshelf, April 20) opens with the statement that the Cuban missile crisis was something for \"which [Nikita] Khrushchev himself was responsible.\" This is not true. The placing of the Russian missiles in Cuba was a direct response to President Kennedy's placement of missiles in Turkey. When the U.S. objected to the Cuban missiles, Khrushchev offered to withdraw them if the U.S. withdrew the missiles in Turkey. President Kennedy refused and escalated the confrontation. The confrontation was resolved when he agreed to withdraw the missiles in Turkey, provided this was kept secret from the public, and Russia agreed publicly to withdraw the missiles from Cuba.", "categories": [["Opinion", "Letters"]], "category_links": ["https://www.wsj.com/news/opinion?mod=breadcrumb", "https://www.wsj.com/news/types/letters?mod=breadcrumb"]}, {"link": "https://www.wsj.com/articles/as-decision-on-trump-looms-facebook-preps-its-advertisers-11620151529", "title": "As Decision on Trump Looms, Facebook Preps Its Advertisers", "date": "2021-05-04 14:05", "summary": "The company has been reaching out to ad agencies to explain it has no sway on whether its oversight board will allow Donald Trump back on the platform. Facebook Inc. has been quietly working to prepare Madison Avenue for the long-anticipated ruling by its oversight board on whether the company should reinstate former President Donald Trump's Facebook and Instagram accounts.", "categories": [["CMO Today"]], "category_links": ["https://www.wsj.com/news/types/cmo-today?mod=breadcrumb"]}, {"link": "https://www.wsj.com/articles/a-pro-snowboarder-and-a-photographer-do-what-they-love-now-they-want-to-buy-a-home-11620151214", "title": "A Pro Snowboarder and a Photographer Do What They Love. Can They Afford to Buy a Home?", "date": "2021-05-04 14:00", "summary": "A financial adviser offers his suggestions on how they can swing it. Erika Vikander and Drew Smalley work for themselves, doing what they love.", "categories": [["Markets", "Journal Reports: Wealth Management"]], "category_links": ["https://www.wsj.com/news/markets?mod=breadcrumb", "https://www.wsj.com/news/types/journal-reports-wealth-management?mod=breadcrumb"]}, {"link": "https://www.wsj.com/articles/ferrari-hits-a-bump-11620149080", "title": "Ferrari Hits a Bump", "date": "2021-05-04 13:24", "summary": "The sports-car maker cut its profit guidance Tuesday. The stock's high valuation leaves no room for such surprises. Ferrari investors may have gotten too used to smooth driving.", "categories": [["Markets", "Heard on the Street"]], "category_links": ["https://www.wsj.com/news/markets?mod=breadcrumb", "https://www.wsj.com/news/heard-on-the-street?mod=breadcrumb"]}, {"link": "https://www.wsj.com/articles/abby-wambach-breaks-down-whats-next-for-womens-soccer-11620147618", "title": "Abby Wambach Breaks Down What's Next for Women's Soccer", "date": "2021-05-04 13:00", "summary": "The World Cup champion, author and investor talks about progress since the 2019 championship-and what still needs to be done. Author", "categories": [["", "The Festival Issue"]], "category_links": ["https://www.wsj.com/news/tech/future-of-everything?mod=svg-breadcrumb"]}, {"link": "https://www.wsj.com/articles/the-fed-board-agrees-never-to-disagree-11620146305", "title": "The Fed Board Agrees Never to Disagree", "date": "2021-05-04 12:38", "summary": "During Yellen's tenure and Powell's, no governor has cast a dissenting vote on monetary policy.. In the aftermath of an economic and financial challenge that Federal Reserve Chairman Jerome Powell recently likened to Dunkirk-the urgent rescue of British and other Allied troops from France in World War II-there's a remarkable uniformity of opinion on the Federal Reserve Board of Governors. Apparently, they all agree on the appropriateness of the Fed's monetary-policy decisions. That's what worries me.", "categories": [["Opinion", "Commentary"]], "category_links": ["https://www.wsj.com/news/opinion?mod=breadcrumb", "https://www.wsj.com/news/types/commentary-u-s?mod=breadcrumb"]}, {"link": "https://www.wsj.com/articles/american-health-depends-on-exporting-covid-vaccines-11620146272", "title": "American Health Depends on Exporting Covid Vaccines", "date": "2021-05-04 12:37", "summary": "Supply exceeds demand at home, and viral variants could eventually defeat the inoculations.. As the U.S. beats back Covid-19, other parts of the world-from Asia to Europe to Latin America-are suffering more than ever. Globally, there are more than 900,000 new cases and 13,000 deaths a day. The U.S. should immediately begin exporting Covid vaccines, not only to help others but also to prevent future outbreaks at home.", "categories": [["Opinion", "Commentary"]], "category_links": ["https://www.wsj.com/news/opinion?mod=breadcrumb", "https://www.wsj.com/news/types/commentary-u-s?mod=breadcrumb"]}, {"link": "https://www.wsj.com/articles/avis-budget-is-anything-but-cheap-11620146145", "title": "Avis Budget Is Anything but Cheap", "date": "2021-05-04 12:35", "summary": "Investors are pricing the rental-car company like a long-term luxury. Avis Budget Group is coming off what Chief Executive Joseph Ferraro called the most difficult year in its history. Meanwhile, shares of the company are up more than 530% over the past 12 months.", "categories": [["Markets", "Heard on the Street"]], "category_links": ["https://www.wsj.com/news/markets?mod=breadcrumb", "https://www.wsj.com/news/heard-on-the-street?mod=breadcrumb"]}, {"link": "https://www.wsj.com/articles/why-patagonias-baggies-shorts-are-selling-outand-3-styles-to-buy-instead-11620145592", "title": "Why Patagonia's Baggies Shorts Are Selling Out-and 3 Styles to Buy Instead", "date": "2021-05-04 12:26", "summary": "The nylon shorts, a brand mainstay since 1982, are growing increasingly popular with a younger generation. If you can't wait for a restock, try these modern-day options.. A FEW WEEKS ago Bryan Koehler, a full-time clothing reseller in Houston, struck gold at his local Goodwill. Mr. Koehler, 26, chanced upon a stash of nearly 50 pairs of Patagonia Baggies, recycled-nylon shorts that come in a kaleidoscope of colors from fluorescent lemon to pine green to solid black. He snatched them up for $5 a pair and, within 48 hours, had sold 40 pairs on the resale site Poshmark at around $40 each. When asked to explain this rapid-fire resale bonanza, he credited the \"following\" Baggies shorts have attracted. \"People are willing to pay [for them],\" he said.", "categories": [["Life & Work", "Style & Fashion", "Fashion"]], "category_links": ["https://www.wsj.com/news/life-work?mod=breadcrumb", "https://www.wsj.com/news/life-work/fashion?mod=breadcrumb", "https://www.wsj.com/news/types/fashion?mod=breadcrumb"]}, {"link": "https://www.wsj.com/articles/american-airlines-unilever-others-oppose-texas-voting-access-laws-11620142454", "title": "American Airlines, Unilever, Others Oppose Texas Voting Access Laws", "date": "2021-05-04 12:17", "summary": "State legislature expected to vote on bill in coming days. AUSTIN, Texas-A group of major companies and business organizations came out Tuesday against a Texas voting bill, after debating how aggressively they should be involved in state legislation.", "categories": [["U.S."]], "category_links": ["https://www.wsj.com/news/us?mod=breadcrumb"]}, {"link": "https://www.wsj.com/articles/want-to-grab-your-food-pickup-order-from-a-locker-taco-bell-bets-you-do-11620144874", "title": "Want to Grab Your Food Order From a Locker? Taco Bell Bets You Do.", "date": "2021-05-04 12:14", "summary": "At a new outlet in Times Square, customers can order and pick up food without ever interacting with a human. A Taco Bell in Times Square aims to ease the burden on employees by having customers order either online or through electronic kiosks in the restaurant, cutting out the traditional cashier-as-middleman experience.", "categories": [["Experience Report"]], "category_links": ["https://www.wsj.com/news/experience-report?mod=breadcrumb"]}, {"link": "https://www.wsj.com/articles/young-investors-flock-to-discord-and-telegram-for-financial-advice-11620141750", "title": "Young Investors Flock to Discord and Telegram for Financial Advice", "date": "2021-05-04 12:00", "summary": "The live chat rooms are quicker than message boards and more engaging than prerecorded videos. Add live chat rooms to the list of places where young investors are paying for stock tips.", "categories": [["Markets", "Journal Reports: Wealth Management"]], "category_links": ["https://www.wsj.com/news/markets?mod=breadcrumb", "https://www.wsj.com/news/types/journal-reports-wealth-management?mod=breadcrumb"]}, {"link": "https://www.wsj.com/articles/apollo-posts-profit-as-investments-outpace-broader-market-11620126091", "title": "Apollo Posts Profit as Investments Outpace Broader Market", "date": "2021-05-04 11:52", "summary": "Firm's private-equity portfolio climbed 22% during the first quarter. Apollo Global Management Inc. reported a first-quarter profit Tuesday as the value of its investments soared.", "categories": [["Markets"]], "category_links": ["https://www.wsj.com/news/markets?mod=breadcrumb"]}, {"link": "https://www.wsj.com/articles/europes-troubled-covid-19-vaccine-rollout-turns-the-corner-11620142959", "title": "Europe's Troubled Vaccine Rollout Turns the Corner", "date": "2021-05-04 11:42", "summary": "After a slow start, immunizations begin to catch up with U.S., helped by bigger deliveries and less bureaucracy. A spring surge in Covid-19 cases is beginning to recede in Europe as the continent's vaccine rollout is finally gathering pace, boosting hopes of a broad reopening of the region's economy before the summer.", "categories": [["World", "Europe"]], "category_links": ["https://www.wsj.com/news/world?mod=breadcrumb", "https://www.wsj.com/news/types/europe-news?mod=breadcrumb"]}, {"link": "https://www.wsj.com/articles/one-of-the-largest-undeveloped-properties-in-the-rocky-mountain-west-asks-136-25-million-11620142229", "title": "One of the Largest Undeveloped Properties in the Rocky Mountain West Asks $136.25 Million", "date": "2021-05-04 11:30", "summary": "Montana's Climbing Arrow Ranch, which was featured in a Robert Redford movie, is made up of a series of five separate, noncontiguous parcels that total about 80,000 acres. A ranch believed to be one of the largest private undeveloped properties in the Rocky Mountain West is seeking $136.25 million, making it one of the most expensive properties ever listed for sale in the state of Montana.", "categories": [["Real Estate", "Private Properties"]], "category_links": ["https://www.wsj.com/news/realestate?mod=breadcrumb", "https://www.wsj.com/news/types/private-properties?mod=breadcrumb"]}, {"link": "https://www.wsj.com/articles/letting-go-of-the-grind-11620140284", "title": "Letting Go of the Grind", "date": "2021-05-04 10:58", "summary": "I had to learn the art of just being in order to save myself. On a warm December day at the end of 2019, I sat in my car in the parking lot of Whole Foods, crying my eyes out. I had just received a distressing email from my boss. Our relationship had been challenging for a while, but I stayed on because working as an editor in publishing gave me satisfaction. I knew the job couldn't last and I tried to create an escape plan by taking on other part-time work, including two adjunct positions teaching English, with the hope that I could turn one of them into a new, full-time gig. That's not what happened. Instead, I ground myself down working multiple jobs until I broke.", "categories": [["Jobs"]], "category_links": ["https://www.wsj.com/news/types/noted-jobs?mod=breadcrumb"]}, {"link": "https://www.wsj.com/articles/u-k-open-to-u-s-proposals-for-global-minimum-corporate-tax-rate-11620137079", "title": "U.K. Open to U.S. Proposals for Global Minimum Corporate-Tax Rate", "date": "2021-05-04 10:55", "summary": "Treasury chief says proposal needs to go along with a fairer split of tax take from tech giants. LONDON-The U.K. is open to U.S. proposals for a global minimum corporate-tax rate, provided that it goes hand-in hand with a fairer split of the tax take from U.S. tech giants, U.K. Treasury Chief Rishi Sunak said.", "categories": [["Politics"]], "category_links": ["https://www.wsj.com/news/politics?mod=breadcrumb"]}, {"link": "https://www.wsj.com/articles/jane-birkin-forgot-her-lines-but-landed-her-first-acting-gig-anyway-11620138659", "title": "Jane Birkin Forgot Her Lines, but Landed Her First Acting Gig Anyway", "date": "2021-05-04 10:31", "summary": "Resume Subscription. Jane Birkin, 74, is an English actress, singer and songwriter who has appeared in more than 70 films and on albums with her romantic partner, Serge Gainsbourg. Her latest album is \"Oh! Pardon tu dormais\" (Verve). She spoke with Marc Myers.", "categories": [[]], "category_links": []}, {"link": "https://www.wsj.com/articles/u-s-trade-deficit-widened-to-74-4-billion-in-march-11620132526", "title": "Consumer Demand Drives U.S. Imports to a Record", "date": "2021-05-04 10:30", "summary": "Trade deficit widened to $74.4 billion as imports were up 6.3% and exports rose 6.6%. WASHINGTON-Consumers and a fresh round of stimulus money pushed demand for U.S. imported goods to a record high in March, further expanding the trade deficit.", "categories": [["Economy", "Economic Data"]], "category_links": ["https://www.wsj.com/news/economy?mod=breadcrumb", "https://www.wsj.com/news/types/economic-data?mod=breadcrumb"]}, {"link": "https://www.wsj.com/articles/inside-facebook-jail-trump-the-secret-rules-that-put-users-in-the-doghouse-11620138445", "title": "Inside 'Facebook Jail': The Secret Rules That Put Users in the Doghouse", "date": "2021-05-04 10:28", "summary": "Resume Subscription. In Facebook Jail, many users are serving time for infractions they don't understand.", "categories": [[]], "category_links": []}, {"link": "https://www.wsj.com/articles/biontech-founders-expect-covid-19-pandemic-to-last-until-mid-2022-11620137233", "title": "BioNTech Founders Expect Covid-19 Pandemic to Last Until Mid-2022", "date": "2021-05-04 10:07", "summary": "Mixing and matching of different types of vaccines could be necessary to end pandemic, company's chief medical officer says. The surge of coronavirus infections in developing countries such as India amid a relative scarcity of vaccine supply means that the pandemic will keep spreading until mid-2022, according to the inventors of the first Covid-19 vaccine authorized in the West.", "categories": [["Business"]], "category_links": ["https://www.wsj.com/news/business?mod=breadcrumb"]}, {"link": "https://www.wsj.com/articles/nyc-pizza-delivery-startup-gets-a-big-slice-of-the-pie-11620136800", "title": "The Secret Sauce to a Successful Pizza-Delivery Startup", "date": "2021-05-04 10:00", "summary": "Resume Subscription. Your typical local startup founder these days likely grew up in Connecticut, graduated from Harvard Business School and lives in Manhattan or the trendier precincts of Brooklyn. Then there's Ilir Sela, founder and chief executive of pizza-delivery platform Slice, which partners with 16,000 independent pizzerias nationwide, including half the 2,800 shops in New York City. He grew up in the former communist Yugoslavia, graduated from CUNY's College of Staten Island and lives in a Staten Island ranch house. He takes the bus to work.", "categories": [[]], "category_links": []}, {"link": "https://www.wsj.com/articles/compliance-officers-play-growing-role-in-corporate-sustainability-efforts-11620136800", "title": "Compliance Officers Play Growing Role in Corporate Sustainability Efforts", "date": "2021-05-04 10:00", "summary": "Dell, Western Union and other companies are showcasing the work of their compliance departments to attract ESG-focused investors. Companies looking to show investors their commitment to sustainability are relying more on the work of their chief compliance officers.", "categories": [["Risk & Compliance Journal"]], "category_links": ["https://www.wsj.com/news/types/risk-compliance-journal?mod=breadcrumb"]}, {"link": "https://www.wsj.com/articles/bill-gates-tweets-that-he-and-wife-melinda-are-seeking-a-divorce-11620075934", "title": "Bill and Melinda Gates to Divorce After 27 Years", "date": "2021-05-04 09:48", "summary": "The Microsoft co-founder and his wife, who is co-chair of their philanthropic foundation, say they will continue their work there. Microsoft Corp. co-founder Bill Gates and his wife, Melinda Gates, who is co-chair of their philanthropic foundation, are ending their 27-year marriage, according to a statement posted on both their verified Twitter accounts.", "categories": [["Business"]], "category_links": ["https://www.wsj.com/news/business?mod=breadcrumb"]}, {"link": "https://www.wsj.com/articles/us-india-travel-ban-11619821456", "title": "India Travel Ban: U.S. Restrictions, Covid-19 Crisis and What You Need to Know", "date": "2021-05-04 09:44", "summary": "Biden administration is acting in response to a devastating surge that has broken global records for new cases. The Biden administration has implemented a ban on most travel from India to the U.S. Here is what you need to know about the restrictions and who are affected:", "categories": [["Politics"]], "category_links": ["https://www.wsj.com/news/politics?mod=breadcrumb"]}, {"link": "https://www.wsj.com/articles/dogecoin-smiledirectclub-cvs-health-crane-what-to-watch-when-the-stock-market-opens-today-11620126078", "title": "Dogecoin, Gartner, SmileDirectClub, Avis Budget: What to Watch When the Stock Market Opens Today", "date": "2021-05-04 09:08", "summary": "Technology shares were leading declines premarket. Here's what we're watching ahead of Tuesday's opening bell.", "categories": [["Markets", "U.S. Markets"]], "category_links": ["https://www.wsj.com/news/markets?mod=breadcrumb", "https://www.wsj.com/news/types/today-s-markets?mod=breadcrumb"]}, {"link": "https://www.wsj.com/articles/should-young-adults-stretch-financially-to-buy-a-home-11620133200", "title": "Should Young Adults Stretch Financially to Buy a Home?", "date": "2021-05-04 09:00", "summary": "Yes, interest rates are still low. The counterargument: It's a sellers' housing market.. It is a complex time to be a young home buyer.", "categories": [["Markets", "Journal Reports: Wealth Management"]], "category_links": ["https://www.wsj.com/news/markets?mod=breadcrumb", "https://www.wsj.com/news/types/journal-reports-wealth-management?mod=breadcrumb"]}, {"link": "https://www.wsj.com/articles/europe-proved-it-can-innovate-during-the-pandemic-now-it-has-to-figure-how-to-benefit-from-it-11620132179", "title": "From Covid-19 Vaccines to Bluetooth, Europe Innovates but Profits Flow to U.S. and Asia", "date": "2021-05-04 08:43", "summary": "Investors world-wide profit from Europe's inventions, while local startups struggle to grow. Now Covid-19 threatens to widen that gap.. BRUSSELS-European Union leaders, aiming to turn the hardship of the coronavirus pandemic into opportunity, are finalizing plans to release almost $1 trillion into the bloc's struggling economy, reshape industrial policy and strengthen trade defenses.", "categories": [["World", "Europe"]], "category_links": ["https://www.wsj.com/news/world?mod=breadcrumb", "https://www.wsj.com/news/types/europe-news?mod=breadcrumb"]}, {"link": "https://www.wsj.com/articles/apple-and-fortnite-maker-epic-games-to-square-off-in-court-11620034202", "title": "Epic Games CEO Slams Apple's Fees as Unfair on Trial's First Day", "date": "2021-05-04 08:37", "summary": "Trial begins in antitrust case that could reshape the relationship between software developers and app-store operators. \"Fortnite\" maker Epic Games Inc. deliberately violated Apple Inc.'s app-marketplace rules to show the power that Apple wields and that the tech giant takes an unfair share of money from software developers, the videogame company's chief executive testified in a trial Monday.", "categories": [["Tech"]], "category_links": ["https://www.wsj.com/news/technology?mod=breadcrumb"]}, {"link": "https://www.wsj.com/articles/rachel-cusk-interview-second-place-pandemic-novel-11620131538", "title": "Rachel Cusk's 'Second Place' Might Be the First Pandemic Novel", "date": "2021-05-04 08:32", "summary": "After her hit Outline trilogy, the author's latest novel gestures toward the emotional tenor of the Covid epidemic while questioning gender norms and further establishing her authorial powers of control.. In Rachel Cusk's novels and nonfiction, it's not unusual for a character to be in the process of renovating a house. In a 2016 essay, \"Making House: Notes on Domesticity,\" Cusk describes remodeling her flat in London, \"driven to what appeared to be the brink of mental and physical collapse.\" For Cusk, 54, home often serves as a backdrop for the expression of artistic and philosophical positions. \"It always felt to me like if I wanted to live as a writer, I had to almost create, as a woman, the conditions for me as a writer to be able to exist,\" she says.", "categories": [["Magazine - Culture"]], "category_links": ["https://www.wsj.com/news/types/magazine-culture?mod=breadcrumb"]}, {"link": "https://www.wsj.com/articles/mothers-day-gift-ideas-cool-mom-11620131392", "title": "Mother's Day Gift Ideas for the Mom Who Needs a Break", "date": "2021-05-04 08:30", "summary": "The best gift ideas to give Mom a blissful sense of escape-even if she's still stuck at home. She's spent about 14 months going on mute to handle the meltdowns, the missing keys-the casually posed question about whether there's anything else for dinner. For Mother's Day, she would like to (kindly) mute you. Presenting 39 gift ideas from WSJ. Magazine's mom-editors to give the maternal figure in your life a blissful sense of escape-even if she's still stuck at home.", "categories": [["Fashion"]], "category_links": ["https://www.wsj.com/news/types/magazine-fashion?mod=breadcrumb"]}, {"link": "https://www.wsj.com/articles/new-england-patriots-owner-robert-kraft-buys-hamptons-mansion-for-43-million-11620131170", "title": "Patriots Owner Robert Kraft Buys Hamptons Beach House for $43 Million", "date": "2021-05-04 08:26", "summary": "The billionaire purchased the Meadow Lane property from New York real-estate developer Nir Meir. New England Patriots owner Robert Kraft has bought a tony Hamptons property in an off-market deal for $43 million, according to two people familiar with the deal. The transaction is one of the largest to close in the wealthy beach destination so far this year.", "categories": [["Real Estate", "Private Properties"]], "category_links": ["https://www.wsj.com/news/realestate?mod=breadcrumb", "https://www.wsj.com/news/types/private-properties?mod=breadcrumb"]}, {"link": "https://www.wsj.com/articles/suburban-homes-and-retail-are-the-budding-new-office-hotspot-11620129603", "title": "Suburban Homes and Retail Are the Budding New Office Hotspot", "date": "2021-05-04 08:00", "summary": "Startups and landlords are banking that even after the pandemic, people will want a place to work remotely beyond their living rooms. Real-estate companies are transforming suburban residences and retail spaces into offices, betting that the pandemic will increase demand for workspaces in these neighborhoods.", "categories": [["Real Estate"]], "category_links": ["https://www.wsj.com/news/realestate?mod=breadcrumb"]}, {"link": "https://www.wsj.com/articles/u-s-travelers-say-aloha-again-bringing-relief-to-hawaiian-hotels-11620129601", "title": "U.S. Travelers Say 'Aloha' Again, Bringing Relief to Hawaiian Hotels", "date": "2021-05-04 08:00", "summary": "Occupancy rates near 50%, lower than the U.S. average but a notable uptick from 12% a year earlier. HONOLULU-Hawaii's hospitality industry is slowly returning to life, belatedly joining the mainland's rebound as the Covid-19 vaccine rollout and fewer travel restrictions are helping to fill the state's restaurants and hotel beds.", "categories": [["Real Estate", "Property Report"]], "category_links": ["https://www.wsj.com/news/realestate?mod=breadcrumb", "https://www.wsj.com/news/types/property-report?mod=breadcrumb"]}, {"link": "https://www.wsj.com/articles/julius-randle-knicks-nba-playoffs-11620084363", "title": "The NBA Star Who Fixed His Shot-and the Knicks", "date": "2021-05-04 08:00", "summary": "Julius Randle was one of the league's worst 3-point shooters. Now he's one of the best. And you thought the Knicks being good was crazy.. One year ago, the New York Knicks couldn't win and Julius Randle couldn't shoot, and there wasn't much reason to believe that either would change soon.", "categories": [["Sports", "NBA"]], "category_links": ["https://www.wsj.com/news/sports?mod=breadcrumb", "https://www.wsj.com/news/types/nba?mod=breadcrumb"]}, {"link": "https://www.wsj.com/articles/kkr-swings-to-a-profit-11620128082", "title": "KKR Swings to a Profit", "date": "2021-05-04 07:34", "summary": "Private-equity firm posts quarterly revenue of $4.56 billion, compared with negative revenue a year ago. Private-equity firm KKR & Co. reported a profit in the latest quarter as it reported positive investment income and revenue.", "categories": [["Markets"]], "category_links": ["https://www.wsj.com/news/markets?mod=breadcrumb"]}, {"link": "https://www.wsj.com/articles/deluge-of-debt-is-tied-to-carbon-emissions-and-diversity-11620126605", "title": "Deluge of Debt Is Tied to Carbon Emissions and Diversity", "date": "2021-05-04 07:10", "summary": "Critics say incentives and penalties embedded in 'ratchet' loans meant to spur environmental and social change are too small to matter. BlackRock Inc., Bud owner Anheuser-Busch InBev NV and a plastic packaging maker in Portugal are among a flood of borrowers using financial carrots and sticks to improve their performance on things such as the environment and boardroom diversity. The sticks, complain some investors, don't leave much of a mark.", "categories": [["Markets", "Finance"]], "category_links": ["https://www.wsj.com/news/markets?mod=breadcrumb", "https://www.wsj.com/news/types/finance?mod=breadcrumb"]}, {"link": "https://www.wsj.com/articles/consumer-lenders-face-a-new-challenge-each-other-11620126192", "title": "Consumer Lenders Face a New Challenge: Each Other", "date": "2021-05-04 07:03", "summary": "Lenders awash in cheap funding face no credit issues for now, but that might not last. Things are very good for consumer lenders right now. Maybe too good.", "categories": [["Markets", "Heard on the Street"]], "category_links": ["https://www.wsj.com/news/markets?mod=breadcrumb", "https://www.wsj.com/news/heard-on-the-street?mod=breadcrumb"]}, {"link": "https://www.wsj.com/articles/this-rail-merger-could-become-quite-expensive-11620126192", "title": "This Rail Merger Could Become Quite Expensive", "date": "2021-05-04 07:03", "summary": "Canadian National's higher bid for Kansas City Southern gives it upper hand, but exposes it to broad financial risk if approval falls through. The scrap between two Canadian railroads for Kansas City Southern is getting ugly. It could also get very expensive.", "categories": [["Markets", "Heard on the Street"]], "category_links": ["https://www.wsj.com/news/markets?mod=breadcrumb", "https://www.wsj.com/news/heard-on-the-street?mod=breadcrumb"]}, {"link": "https://www.wsj.com/articles/the-taiwanese-chip-champion-shaking-qualcomms-tree-11620120914", "title": "The Taiwanese Chip Champion Shaking Qualcomm's Tree", "date": "2021-05-04 05:35", "summary": "MediaTek has fared well during the chip shortage and its stock has skyrocketed. The technological rivalry between China and the U.S. has drawn attention to the world's chip factory, Taiwan Semiconductor Manufacturing Co. Another semiconductor company on the island has also thrived as tensions have escalated.", "categories": [["Markets", "Heard on the Street"]], "category_links": ["https://www.wsj.com/news/markets?mod=breadcrumb", "https://www.wsj.com/news/heard-on-the-street?mod=breadcrumb"]}, {"link": "https://www.wsj.com/articles/that-vacated-sears-store-may-reopen-as-a-public-school-11620120601", "title": "That Vacated Sears Store May Reopen as a Public School", "date": "2021-05-04 05:30", "summary": "Mall owners find charter schools make good tenants in many spaces left empty by departing big-box retailers. Mall owners have hit on a new way to fill gaping holes left by failed department stores and other departing big-box tenants: hosting public schools in need of more space.", "categories": [["Real Estate", "Property Report"]], "category_links": ["https://www.wsj.com/news/realestate?mod=breadcrumb", "https://www.wsj.com/news/types/property-report?mod=breadcrumb"]}, {"link": "https://www.wsj.com/articles/in-new-orleans-a-preview-of-a-possible-summer-travel-boom-11620120601", "title": "In New Orleans, a Preview of a Possible Summer Travel Boom", "date": "2021-05-04 05:30", "summary": "Resume Subscription. NEW ORLEANS-For much of the past year, this city's Frenchmen Street has been largely silent, the result of pandemic-related lockdowns and a nosedive in tourism. \"Butt naked,\" is how brass-band leader James Williams described Frenchmen, known for its typically bustling all-hours live-music venues.", "categories": [[]], "category_links": []}, {"link": "https://www.wsj.com/articles/cloroxs-move-to-provide-adjusted-eps-raises-concerns-11620120617", "title": "Clorox's Move to Provide Adjusted EPS Raises Concerns", "date": "2021-05-04 05:30", "summary": "The non-GAAP metric will increase transparency, company CFO says. Clorox Co. 's decision to break out adjusted earnings per share is drawing concern from some analysts who view the change to how the consumer company measures its corporate value as potentially misleading.", "categories": [["CFO Journal"]], "category_links": ["https://www.wsj.com/news/types/cfo-journal?mod=breadcrumb"]}, {"link": "https://www.wsj.com/articles/cautious-german-savers-brave-the-stock-market-11620120602", "title": "Negative Rates Push Cautious Germans Into the Stock Market", "date": "2021-05-04 05:30", "summary": "Negative bank rates and booming U.S. stocks like Amazon, Tesla-even GameStop-embolden investors. Michael Schacht, 70 years old, is a typical German saver. Risk-averse, the clothing-shop owner kept the equivalent of $300,000 in a local bank in a small town near Hamburg.", "categories": [["Markets", "Stocks", "Europe Markets"]], "category_links": ["https://www.wsj.com/news/markets?mod=breadcrumb", "https://www.wsj.com/news/markets/stocks?mod=breadcrumb", "https://www.wsj.com/news/types/europe-markets?mod=breadcrumb"]}, {"link": "https://www.wsj.com/articles/pepper-and-salt-11619816203", "title": "Pepper...and Salt", "date": "2021-05-04 00:01", "summary": "Resume Subscription. We are delighted that you'd like to resume your subscription.", "categories": [["Opinion", "Pepper & Salt"]], "category_links": ["https://www.wsj.com/news/opinion?mod=breadcrumb", "https://www.wsj.com/news/types/pepper-salt?mod=breadcrumb"]}, {"link": "https://www.wsj.com/articles/gop-lawmakers-urge-probe-of-amazons-pursuit-of-pentagon-contract-11620100134", "title": "Lawmakers Urge Probe of Amazon's Pursuit of Pentagon Contract", "date": "2021-05-04 23:48", "summary": "Sen. Mike Lee and Rep. Ken Buck say Amazon might have violated antitrust law in seeking JEDI cloud-computing deal ultimately won by Microsoft. Two Republican lawmakers are pressing the attorney general to investigate potential anticompetitive behavior by Amazon . com Inc. in its pursuit of a major government cloud-computing contract, according to letters reviewed by The Wall Street Journal.", "categories": [["WSJ News Exclusive", "Tech"]], "category_links": ["https://www.wsj.com/news/technology?mod=breadcrumb"]}, {"link": "https://www.wsj.com/articles/fbi-shoots-and-wounds-man-carrying-weapon-outside-cia-headquarters-11620092629", "title": "FBI Shoots Armed Man Outside CIA Headquarters", "date": "2021-05-04 21:43", "summary": "The shooting ended hourslong standoff between the man and law enforcement. The FBI said that at least one agent shot and wounded a man carrying a weapon outside the headquarters of the Central Intelligence Agency, ending an hourslong standoff Monday.", "categories": [["U.S."]], "category_links": ["https://www.wsj.com/news/us?mod=breadcrumb"]}, {"link": "https://www.wsj.com/articles/justice-department-bankruptcy-lawyer-says-lapierre-failed-to-provide-nra-oversight-11620087839", "title": "Government Bankruptcy Lawyer Says LaPierre Failed to Provide NRA Oversight", "date": "2021-05-04 20:24", "summary": "A government lawyer said a monthlong trial established that NRA management should be removed or the group's chapter 11 case thrown out. A Justice Department lawyer said that National Rifle Association leader Wayne LaPierre has failed to provide adequate oversight of the gun-rights organization and that management should be removed or curtailed if a bankruptcy judge allows the NRA to remain in chapter 11.", "categories": [["Pro Bankruptcy"]], "category_links": ["https://www.wsj.com/pro/bankruptcy?mod=breadcrumb"]}]